Catalog,CourseId,Title,Description,LongDescription,Categories,Tags,Skills
GSL Academy,b9513d46-14eb-4eae-95aa-002f65f07715,Operations,Operations,<p>Operations</p>,,,
GSL Academy,7f1600eb-f477-488e-9302-026a4233630e,"Field Leadership - Skills, Traits, & Responsibilities - 01 Introduction to Field Leadership","Understand the foreman's role, essential duties, and responsibilities in construction project leadership, safety management, and team leadership.","<p>Introduces the field leadership curriculum by defining the role of a construction foreman and critical responsibilities including project planning, safety, quality control, team leadership, documentation, and time management. Matching assessment.</p>",,,
GSL Academy,c06ea6c4-f033-412a-b6f8-05d2821b2ab9,"Field Leadership - Skills, Traits, & Responsibilities - 03 Introduction to Project Planning and Execution","Introduces the fundamentals of project planning, scheduling, risk management, and communication for construction project execution.","<p>Covers core competencies of construction project management, distinguishing between planning and scheduling while introducing risk management and communication coordination. Matching exercise.</p>",,Schedule; Risk Assessment; Communication; Planning; Documentation,
GSL Academy,ad4f39ec-ac7a-4c3b-8d6e-06e3490a2b91,Critical Leadership Training Course,"Develop battle-tested leadership skills with Silver Star recipient and former Navy SEAL officer Jocko Willink. Learn Jocko’s four laws of leadership and his most critical tools for making better decisions, empowering your teams, and more.","<p data-pm-slice=""1 1 []"">This course, led by Jocko Willink, provides essential leadership principles and tools for decision-making, emphasizing accountability, teamwork, and empowerment. It draws on real-world experiences to teach practical strategies for effective leadership.</p>
<ul>
<li data-pm-slice=""1 1 []""><strong>Understand the four laws of leadership</strong>. These principles are foundational for managing teams effectively.</li>
<li data-pm-slice=""1 1 []"">
<p data-pm-slice=""1 1 []""><strong>Embrace extreme ownership</strong>. Taking full responsibility fosters trust and strengthens leadership.</p>
</li>
<li data-pm-slice=""1 1 []"">
<p data-pm-slice=""1 1 []""><strong>Empower your team</strong>. Encourage independence and initiative to build confidence and collaboration.</p>
</li>
<li data-pm-slice=""1 1 []"">
<p data-pm-slice=""1 1 []""><strong>Prioritize and execute tasks</strong>. Focus on critical issues first and adapt as new information arises.</p>
</li>
<li data-pm-slice=""1 1 []"">
<p data-pm-slice=""1 1 []""><strong>Communicate clearly</strong>. Clear instructions and simplicity enhance team alignment and productivity.</p>
</li>
<li data-pm-slice=""1 1 []"">
<p data-pm-slice=""1 1 []""><strong>Build trust through relationships</strong>. Foster respect and collaboration to create a strong team dynamic.</p>
</li>
<li data-pm-slice=""1 1 []"">
<p data-pm-slice=""1 1 []""><strong>Adapt to change</strong>. Flexibility and emotional intelligence are key to overcoming challenges.</p>
</li>
</ul>",,Mentor; Communication; Coaching; Field Leadership; Team Morale; Leadership; Team Leadership; Mentorship; Recognition,
GSL Academy,64d097b1-bdc3-4066-b729-071af3b1b11f,Safety Coordinator - 5.0 Safety Meetings,"Learn how to plan, facilitate, and document safety meetings to ensure compliance and effective communication.","<p>Covers planning, conducting, and documenting safety meetings. Emphasizes documentation for regulatory compliance and hazard communication. Knowledge check.</p>",,Planning; Safety Culture; Safety Coordinator; Safety Meetings,
GSL Academy,f61a148f-93a8-44c0-802f-072d9f1d6b89,"Project Structure, Delegation, and Team Development","Learn to structure your crew, delegate effectively using 10 levels, mentor team members, and use look-ahead planning as a leadership tool.","<p>Seven-lesson course on leading with accountability, org charts, delegation vs empowerment, 10 levels of delegation, mentoring, and three-week look-ahead planning. Matching exercises and interactive scenarios.</p>",,Reporting; Mentor; Planning; Coaching; Field Leadership; Time Management; Quality Control; Organization; Team Morale; Documentation; Leadership; Team Leadership; Mentorship,
GSL Academy,68c3724f-e9a9-4565-9f0b-0a9666d65698,Safe Electrical Work Practices And The 2024 NFPA 70E For Electrical Workers,"Learn safe electrical work practices based on the 2024 NFPA 70E, covering shock and arc flash hazards, approach boundaries, PPE, and equipment labels.","<p>Comprehensive 14-lesson course: two hazards of electricity, qualified person requirements, approach boundaries, arc flash boundary and PPE, electrically safe work conditions, job safety planning, energized work rules, risk assessments, table method PPE categories, and equipment labeling. 10-question final quiz.</p>",,OSHA; Safety,
GSL Academy,65b8460e-6c2e-400f-9791-0dae6d5b1cae,Abnormal Lockout / Tagout Procedures,Covers the procedures for removing a lockout device when the authorized employee who applied it is unavailable.,"<p>This course addresses the critical situation of abnormal lockout removal -- when a lockout device must be removed by someone other than the employee who placed it. Covers required verification steps, management approvals, and documentation needed to safely complete an abnormal lockout removal.</p>",,Qualified Person; Safety Protocols; Energize; Safety Culture; Hazardous Energy; Safety Coordinator; Accident & Incident Investigations; Energy Control; Lockout Tagout; Safety,
GSL Academy,a0436227-99bd-4a37-a822-0e27c6e4a46f,Conducting Effective Performance Reviews,"A structured approach to preparing, conducting, and following up on performance reviews with your team.","<p>Provides a complete framework for effective performance reviews. Learn to create a review schedule, conduct frequent one-on-one feedback sessions, take performance notes throughout the year, prepare written evaluations, and structure the review meeting using a six-step format -- from setting expectations through action planning. Includes a knowledge check on constructive feedback.</p>",,Emotional Intelligence; Communication; Motivation; Performance; Positivity; Continuous Improvement,
GSL Academy,efadbdd9-4735-4850-a63f-0f969f6197a7,Simple Lockout-Tagout Procedures,Learn simple LOTO procedures for equipment with a single energy source.,"<p>Covers fundamentals of simple LOTO: preparation, shutdown, isolation, lock application, and verification of de-energized state. Text, multimedia, and images.</p>",,Lockout Tagout; Safety,
GSL Academy,f13ac658-06d1-4bbd-aa26-107d8968e547,Leadership Foundations: Core Principles of Effective Leadership,"This comprehensive course on Leadership Foundations offers a deep dive into the core principles and practices that define effective leadership. It is designed to equip emerging and established leaders with the tools and mindsets necessary to excel in dynamic environments, whether in traditional, remote, or hybrid settings. From understanding the fundamentals of leadership and strategic thinking to leading teams and driving organizational change, the course covers a wide array of topics essential for modern leadership.

Participants will explore leadership styles, the importance of vision and communication, decision-making frameworks, and the art of leading high-performance teams. With a focus on ethical leadership, organizational politics, and managing crises, the course also delves into the complexities of leading diverse teams across cultural boundaries. Key principles of financial management, innovation, and change leadership are emphasized to ensure that leaders can navigate both stability and uncertainty effectively. Practical applications, including developing others and fostering a culture of continuous learning, are woven throughout the course to ensure sustainable leadership success.

By the end of the course, participants will be equipped with the knowledge and skills to inspire, lead, and transform their organizations while maintaining ethical standards and personal integrity.","<p>This comprehensive course on Leadership Foundations offers a deep dive into the core principles and practices that define effective leadership. It is designed to equip emerging and established leaders with the tools and mindsets necessary to excel in dynamic environments, whether in traditional, remote, or hybrid settings. From understanding the fundamentals of leadership and strategic thinking to leading teams and driving organizational change, the course covers a wide array of topics essential for modern leadership.<br />
<br />
Participants will explore leadership styles, the importance of vision and communication, decision-making frameworks, and the art of leading high-performance teams. With a focus on ethical leadership, organizational politics, and managing crises, the course also delves into the complexities of leading diverse teams across cultural boundaries. Key principles of financial management, innovation, and change leadership are emphasized to ensure that leaders can navigate both stability and uncertainty effectively. Practical applications, including developing others and fostering a culture of continuous learning, are woven throughout the course to ensure sustainable leadership success.<br />
<br />
By the end of the course, participants will be equipped with the knowledge and skills to inspire, lead, and transform their organizations while maintaining ethical standards and personal integrity.</p>",,,
GSL Academy,0ba691ac-baef-4a45-b108-10c20edbad69,"Field Leadership - Skills, Traits, & Responsibilities - 04 Introduction to Safety Management","Learn the fundamentals of safety management, including hazard identification, emergency preparedness, and fostering a strong safety culture.","<p>Covers proactive safety management for construction foremen, including identifying and mitigating risks, incident preparedness, OSHA regulations, and safety training. Emphasizes GSL's ""Zero Broken Lives"" commitment. Knowledge check quiz.</p>",,Training; Risk Assessment; Safety Culture; Proactive; Safety,
GSL Academy,48f134c9-6c32-4e87-b99e-159aa7acfb22,Introduction to Lean Construction - 06 A Brief History,Traces the origins of lean production from the Toyota Production System and its evolution across industries.,"<p>Historical overview of lean production, from its roots in the Toyota Production System through its expansion into various industries. Includes knowledge checks on key innovations.</p>",Lean Fundamentals,Manufacturing History; Toyota; Lean,
GSL Academy,e9a32413-dc55-468c-9baa-15a8ac3f9d6e,"Field Leadership – Skills, Traits, & Responsibilities - 10 Avoiding Common Time Wasters","Learn to identify and eliminate common time wasters like procrastination, unnecessary meetings, and disorganization to boost jobsite productivity.","<p>Addresses the most common time wasters encountered by field leaders. Through interactive content and knowledge checks, learners practice strategies for overcoming each time waster.</p>",,Monitor; Time Management; Meetings; Stratagy; Prioritize,
GSL Academy,2fc9698c-d6d1-47fc-b8c8-160241d4b5ab,Critical Leadership Training - 02 Leadership is About Human Interaction,"Explores how trust, listening, respect, influence, and care form the foundation of effective leadership through human interaction.","<p>Examines leadership as a relational skill, covering the five pillars of trust, listening, respect, influence, and care. Includes Extreme Ownership principles like decentralized command and detachment.</p>",,Human Connection; Action; Laws of Leadership; Influence; Leadership; Listening,
GSL Academy,30e48a20-6103-4bbb-9328-17dae62d3664,Safety Coordinator - 4.0 Task Training,Learn how to conduct and document task training to ensure employees are properly trained on hazards.,"<p>Covers the purpose and execution of task training, emphasizing documentation as proof of proper training and hazard awareness. Knowledge check.</p>",,Safety Coordinator; Task Training,
GSL Academy,a5eea6cf-ba73-44d4-9597-188f3754d5e4,"Field Leadership - Skills, Traits, & Responsibilities - 02 Roles and Responsibilities of a Foreman","Understand the distinct roles of apprentice, journeyman, and foreman, and the core responsibilities of effective foreman leadership.","<p>Same content as standalone version, repackaged as Section 1 of the Field Leadership series. Interactive sorting activities.</p>",,Communication; Resourse Management; Success; Leadership; Prioritize; Task Management,
GSL Academy,ad634592-5791-4a26-b46c-18b8bec65b33,Performance Management,"Learn the complete performance management cycle from planning and monitoring through reviews, continuous feedback, improvement plans, and managing high performers.","<p>Nine-lesson course covering plan-monitor-review cycle, effective reviews, continuous management (weekly check-ins, monthly 1:1s, snapshots), improving poor performance, PIPs, managing high performers, and leading leaders. 5-question final quiz.</p>",Continuous Improvement,Reporting; Emotional Intelligence; Discipline; Mentor; Communication; Growth; Motivation; Performance; Coaching; Positivity; Field Leadership; Continuous Improvement; Team Morale; Documentation; Leadership; Trust; Respect; Mentorship,
GSL Academy,456488bc-2c46-4f15-a1b4-1bd0a1972c11,"Field Leadership – Skills, Traits, & Responsibilities - 11 Building and Maintaining Team Morale",Understand how team morale impacts productivity and learn techniques for recognizing achievements and fostering open communication.,"<p>Covers the relationship between team morale and productivity, emphasizing effective leadership, recognition, and open communication.</p>",,Goals; Communication; Conflict Resolution; Prioritize; Recognition,
GSL Academy,4e57cdd6-f893-4c09-86bb-1efd94ec652b,"What is ""LEAN""","Comprehensive introduction to lean philosophy -- history, definitions, culture, principles, and waste identification for the construction industry.","<p>Thirteen-lesson standalone course covering lean history (from Ford/Taylor through Toyota to LCI), definitions and benefits (safer work, effective completion, higher productivity, better collaboration), lean culture (mindsets, behaviors, collaboration), and core lean principles. Includes quizzes throughout.</p>",,,
GSL Academy,c4c163b5-ef5d-4db9-b741-20b487099657,Qualified Person Training ,"This instructor-led course teaches employees how to recognize electrical hazards, assess risk, and apply safe work practices in accordance with OSHA, MSHA, and NFPA 70E. Participants will gain the knowledge and skills required to be designated as a Qualified Person under GSL Electric’s Electrical Safety Program.","<h3 data-end=""329"" data-start=""277""><strong data-end=""327"" data-start=""281"">Qualified Person Training (Instructor-Led)</strong></h3>
<p data-end=""816"" data-start=""331"">The <strong data-end=""364"" data-start=""335"">Qualified Person Training</strong> course is an instructor-led program designed to prepare GSL Electric employees to safely perform electrical work on or near energized equipment in accordance with <strong data-end=""558"" data-start=""528"">OSHA 29 CFR 1926 Subpart K</strong>, <strong data-end=""588"" data-start=""560"">MSHA §56.12001–§56.12071</strong>, and the <strong data-end=""658"" data-start=""598"">NFPA 70E Standard for Electrical Safety in the Workplace</strong>. This training fulfills GSL Electric’s requirements for designating employees as <em data-end=""759"" data-start=""740"">Qualified Persons</em> as defined in the company’s Electrical Safety Program.</p>
<p data-end=""1241"" data-start=""818"">Through classroom instruction, demonstrations, and discussion, participants will gain a deep understanding of electrical hazards—including <strong data-end=""998"" data-start=""957"">shock, arc flash, and arc blast risks</strong>—and learn the essential practices and procedures to mitigate them. The training emphasizes safe work practices, hazard identification, and compliance with the hierarchy of risk control methods to reduce potential injury or damage to health.</p>
<p data-end=""1270"" data-start=""1243"">Participants will learn to:</p>
<ul data-end=""2107"" data-start=""1271"">
<li data-end=""1380"" data-start=""1271"">
<p data-end=""1380"" data-start=""1273"">Identify exposed energized electrical conductors and circuit parts and determine nominal system voltages.</p>
</li>
<li data-end=""1490"" data-start=""1381"">
<p data-end=""1490"" data-start=""1383"">Establish and maintain <strong data-end=""1417"" data-start=""1406"">Limited</strong>, <strong data-end=""1433"" data-start=""1419"">Restricted</strong>, and <strong data-end=""1463"" data-start=""1439"">Arc Flash Boundaries</strong> as required by NFPA 70E.</p>
</li>
<li data-end=""1636"" data-start=""1491"">
<p data-end=""1636"" data-start=""1493"">Select and properly use personal protective equipment (PPE), insulated tools, and testing instruments rated for the voltage and energy level.</p>
</li>
<li data-end=""1763"" data-start=""1637"">
<p data-end=""1763"" data-start=""1639"">Perform <strong data-end=""1667"" data-start=""1647"">electrical shock</strong> and <strong data-end=""1702"" data-start=""1672"">arc flash risk assessments</strong>, including required documentation and job safety planning.</p>
</li>
<li data-end=""1942"" data-start=""1764"">
<p data-end=""1942"" data-start=""1766"">Understand and apply the procedures for <strong data-end=""1835"" data-start=""1806"">energized electrical work</strong>, including the <strong data-end=""1876"" data-start=""1851"">Energized Work Permit</strong> process, pre-task assessments, and lockout/tagout verification.</p>
</li>
<li data-end=""2107"" data-start=""1943"">
<p data-end=""2107"" data-start=""1945"">Coordinate with Isolation Officers, Foremen, and the Safety Department to ensure work is performed in an <strong data-end=""2086"" data-start=""2050"">electrically safe work condition</strong> whenever possible.</p>
</li>
</ul>
<p data-end=""2439"" data-start=""2109"">The course also covers the responsibilities of Qualified and Authorized Persons, including decision-making authority, risk evaluation, and communication with host employers during energized work tasks. Participants will review incident response procedures and methods for emergency release in the event of an electrical contact.</p>
<p data-end=""2786"" data-start=""2441"">Upon successful completion, employees will demonstrate the knowledge, skills, and decision-making ability necessary to meet GSL Electric’s definition of a <strong data-end=""2616"" data-start=""2596"">Qualified Person</strong>. Training completion will be documented by the Safety Department and maintained in the employee’s training record in accordance with NFPA 70E 110.4 and company policy.</p>",,Risk Assessment; Planning; Hazardous Energy; Hazards; Safety,
GSL Academy,bfb39a4e-229d-4c60-932b-21898f83cecc,Introduction to Lean Construction - Chapter 11 - Minimizing Waste at a Project Level ,Learn practical strategies and technologies for minimizing material waste and rework at the project level in lean construction.,"<p>Covers project-level approaches to waste minimization, including laser scanning, BIM, digital drawings, and real-time communication tools. Explores how these technologies reduce material waste, rework, and delays.</p>",Waste Management; Lean Fundamentals,Workflow; Material Efficiency,
GSL Academy,80dde984-d78c-4778-ba89-22774bfe9b36,"Field Leadership - Skills, Traits, & Responsibilities - 05 Introduction to Quality Control","Learn the essentials of quality control in construction, including establishing standards, conducting inspections, and implementing corrective actions.","<p>Introduces quality control fundamentals for construction foremen, covering quality standards for materials and methods, regular inspections, documentation practices, and corrective actions including worker retraining. True/false assessments.</p>",,Action; Quality Control; Documentation,
GSL Academy,72c493dc-30e5-4934-bbe6-2378d98205d6,Values Driven Leadership -  06 Read Your People,"Learn to know your audience, tailor your message, and use inclusivity, storytelling, and visual aids to communicate effectively.","<p>Teaches leaders to adapt their communication to diverse audiences using inclusive language, visual aids, and storytelling. Interactive true/false exercises on tailoring messages, adapting tone, and engaging audiences effectively.</p>",Respect For People,Mentor; Coaching; Field Leadership; Team Morale; Leadership; Team Leadership; Mentorship,
GSL Academy,a37300f0-a297-42ae-9ac1-24e496542591,Building Resilience and Emotional Intelligence,"Welcome to Building Resilience and Emotional Intelligence, an engaging and practical eLearning module designed to empower you with the skills to thrive in today’s dynamic workplace.In this short but impactful course, you’ll explore how to build resilience to manage stress effectively, adapt to change with confidence, and enhance emotional intelligence to foster positive workplace relationships. By the end of the module, you’ll be equipped with actionable strategies to improve workplace dynamics and support your personal and professional growth.This module is your first step toward developing key capabilities that make a real difference in navigating the challenges of modern work life.","<p>Welcome to <em>Building Resilience and Emotional Intelligence</em>, an engaging and practical eLearning module designed to empower you with the skills to thrive in today’s dynamic workplace.</p><p>In this short but impactful course, you’ll explore how to build resilience to manage stress effectively, adapt to change with confidence, and enhance emotional intelligence to foster positive workplace relationships. By the end of the module, you’ll be equipped with actionable strategies to improve workplace dynamics and support your personal and professional growth.</p><p>This module is your first step toward developing key capabilities that make a real difference in navigating the challenges of modern work life.</p>",,Emotional Intelligence; Adapt to change; Managing stress; Workplace dynamics; Self Awareness; Empathy; Resilience,
GSL Academy,f0021fac-b374-42c4-9181-25fd46275da0,Field Leaderaship - Leadership - Leadership Essentials,"Learn the definition of leadership, essential skills and traits, leadership styles, and the importance of leading by example.","<p>Covers leadership definition, key skills (communication, delegation), traits (accountability), leadership styles, and leading by example. Five quiz questions.</p>",,Communication; Field Leadership; Team Morale; Leadership; Team Leadership,
GSL Academy,2dee4ad6-e26b-44da-a8e9-279e7c82a2d4,Leadership & Decision-Making Under Pressure,"Learn directly from former SEALs who’ve led teams in the world’s toughest conditions.
Learn systems for delegation, planning, and communication that scale with increasing responsibility
Use proven principles to lead with presence and increase decision-making confidence.
Demonstrate strategic leadership with a 90-day blueprint employers will recognize and value..
","<p style=""margin: 0in 0in 8pt; line-height: 115%; font-size: 12pt; font-family: Aptos, sans-serif;"">Do you lead teams? Drive strategy? Make high-stakes decisions? This course is for you.</p>
<p style=""margin: 0in 0in 8pt; line-height: 115%; font-size: 12pt; font-family: Aptos, sans-serif;"">Earn a Leadership Certificate in elite leadership, taught by five decorated military leaders, including a vice admiral, rear admiral, NASA astronaut, and Congressional Medal of Honor recipient. In just 15–20 hours, you’ll learn leadership and decision-making principles used by one of the most elite military units in the United States.</p>
<p style=""margin: 0in 0in 8pt; line-height: 115%; font-size: 12pt; font-family: Aptos, sans-serif;"">Discover how to inspire teams, drive execution, and scale results even under pressure. Build your personalized 90-day action plan and be ready to lead with clarity, build trust quickly, and make the right call when it counts. No prerequisites required.</p>
<p><scribe-shadow id=""crxjs-ext"" data-crx=""okfkdaglfjjjfefdcppliegebpoegaii"" style=""position: fixed; width: 0px; height: 0px; top: 0px; left: 0px; z-index: 2147483647; overflow: visible; visibility: visible;""></scribe-shadow></p>",,Executive Presence; Organizational Alignment; Delegation; Decision-Making; Effective Planning; Crisis Management; Leadership Communication; Stakeholder Engagement; Team Building; Risk Management; Strategic Leadership; Adaptability,
GSL Academy,3c75d35b-2cad-438e-8d2b-27fd234aa39c,Creating a Coaching Culture (CPD certified),"Think you’ve got what it takes to be a coach? Well, we agree. In business, creating a coaching culture can a huge boost to your workforce. Think about it; if you instil the desire to coach others into your employees, what happens? Well, they’ll all want to help each other, which means they all upskill, and your company reaps the benefits. Your staff will gain confidence and will likely feel a sense of worth and motivation, which means… you guessed it; we’re ALL winners! Target AudienceGeneral Audience / All Levels Business OutcomesWith the knowledge from this short course, you can help grow and nurture the talent at your disposal. Only then can you develop effective coaching strategies and cultivate a strong workforce.","<p>Think you’ve got what it takes to be a coach? Well, we agree. In business, creating a coaching culture can a huge boost to your workforce. Think about it; if you instil the desire to coach others into your employees, what happens? Well, they’ll all want to help each other, which means they all upskill, and your company reaps the benefits. Your staff will gain confidence and will likely feel a sense of worth and motivation, which means… you guessed it; we’re ALL winners!</p><p> </p><p><strong>Target Audience</strong></p><p>General Audience / All Levels</p><p> </p><p><strong>Business Outcomes</strong></p><p>With the knowledge from this short course, you can help grow and nurture the talent at your disposal. Only then can you develop effective coaching strategies and cultivate a strong workforce.</p>",,CPD certified; Business Skills,
GSL Academy,8992008d-f085-4fbb-b768-282553e1723c,Qualified Person - Required Precautions and Practices / Testing & Troubleshooting ,"Learn the required precautions, PPE minimums, and emergency staging procedures for testing and troubleshooting energized equipment.","<p>Covers precautions specific to testing/troubleshooting energized equipment: incident energy label interpretation, minimum PPE arc ratings, and emergency response equipment. Knowledge checks.</p>",,Qualified Person; Safety Culture; NFPA 70E; Electrical Safety; Arc Flash; Safety,
GSL Academy,5fa6b228-2e2b-476c-8dd4-29d31364bcdd,Leading With Emotional Intelligence - 06 Enhancing Your Social Skills,"From the course ""Leading With Emotional Intelligence ""
What defines an outstanding leader? At first glance, top-performing leaders appear to be masters of all traits. They know how to communicate expertly with others and maintain positive relationships. They’re adept at navigating through the shaky waters of conflict and change. And they’re skilled at persuading others to action, boosting employee cooperation and collaboration, and inspiring a team. ","<p data-pm-slice=""1 1 []"">From the course ""Leading With Emotional Intelligence ""</p>
<p data-pm-slice=""1 1 []"">This lesson highlighted the significance of social skills as a vital aspect of emotional intelligence for successful leadership. It introduced seven hallmarks that are key to fostering strong interpersonal relationships and team effectiveness. Here are some key takeaways:</p>
<ol>
<li>
<p><strong>Understand social skills</strong>. They are crucial for managing relationships and influencing emotions effectively.</p>
</li>
<li>
<p><strong>Practice effective communication</strong>. Share clear messages and listen actively to promote mutual understanding.</p>
</li>
<li>
<p><strong>Embrace collaboration</strong>. Define roles clearly and value individuality to strengthen teamwork.</p>
</li>
<li>
<p><strong>Manage conflicts constructively</strong>. Address emotional concerns first, then work towards cooperative solutions.</p>
</li>
</ol>
<p>By mastering these social skills, you can lead with greater empathy and effectiveness.</p>",,Emotional Intelligence; Social Skills,
GSL Academy,4d6ca71f-a5e4-4cec-8fcf-2ccce819a4a5,Permit-Required Confined Spaces,"Learn the requirements and roles for safe permit-required confined space entry including entry permits, atmospheric testing, and emergency procedures.","<p>Nine-lesson course: confined space characteristics, written entry permit, hazardous atmospheres, atmospheric testing, mechanical/engulfment hazards, and three key roles (entry supervisor, attendant, entrant). Video-based with 8-question quiz.</p>",,Reporting; Communication; Hazards; OSHA; Safety,
GSL Academy,209753da-7951-465d-baf4-2f1e4255b4b0,Field Leadership - Anatomy of a Project - 06 Job Closeout,"Learn the job closeout process including special projects team handoff, punch list management, as-built drawings, tool return, and performance evaluation.","<p>Covers job closeout: special projects team, punch lists, as-built drawings, tool/material return, and project performance evaluations. Matching knowledge check.</p>",,Documentation; Closeout,
GSL Academy,5fa74c39-600f-45c4-94c3-3012dfc4a59b,Field Leadership - Anatomy of a Project - 03 Coordinating with Other Trades,"Learn strategies for coordinating electrical work with general contractors, mechanical, plumbing, masonry, drywall, and painting trades.","<p>Covers practical aspects of coordinating with other trades on construction projects, including managing access priorities, communication with contractors, sequencing work, and establishing protection measures. True/false assessments.</p>",,Initiative; Relationships; Schedule; Responsibility; Communication; Planning; Solutions,
GSL Academy,05fc4d74-24fc-4013-9b09-3120faf2925b,Commitment to Safety : A Shared Responsibility-  New Hire Safety Orientation,Understand the shared responsibility of workplace safety and GSL Electric's commitment to minimizing safety risks for all new hires.,<p>Brief introductory course covering GSL Electric's commitment to safety as a shared responsibility. Includes video-based multimedia content. This is an abbreviated earlier version of the new hire orientation.</p>,,Safety,
GSL Academy,43f7215f-4416-489e-9ef9-31f2f4361c86,Safety Coordinator - 11.0 OSHA & MSHA Inspections,"Learn how to prepare for and respond to OSHA and MSHA inspections, including inspection priority categories.","<p>Covers inspection types, priority rankings, and response procedures: imminent danger, complaint inspections, referrals, and targeted inspections. Knowledge check.</p>",,Inspections; Planning; Safety Culture; Safety Coordinator; OSHA; Safety,
GSL Academy,452ad946-c3d1-49d9-a2c6-33c8eb360959,Ignite Collaborative Decision-Making for Better Outcomes,"Teams often struggle with slow, inefficient decision-making, leading to missed opportunities and wasted time. This course equips teams with fast, structured collaboration techniques to simplify decision-making, integrate diverse perspectives, and move forward with confidence. Speed up decision-making while increasing alignment and innovation.","<p>Teams often struggle with slow, inefficient decision-making, leading to missed opportunities and wasted time. This course equips teams with fast, structured collaboration techniques to simplify decision-making, integrate diverse perspectives, and move forward with confidence. Speed up decision-making while increasing alignment and innovation.</p>",,Decision Making; Teamwork; Meetings; Collaboration,
GSL Academy,d2383855-5e64-4094-90b6-3425f5dd2aa6,Critical Leadership Training - 09 Leadership Law 4:  Decentralize Command,"Learn the Decentralized Command leadership law, empowering team members with leadership responsibilities and freedom to execute within clear strategic goals.","<p>Covers Decentralized Command including providing clear SOPs, delivering effective briefings, and encouraging team input. Covers why autonomy is a stronger motivator than money. Five quiz questions.</p>",,Initiative; Communication; Extreme Ownership; Stratagy; Trust; Empower Your Team; Culture,
GSL Academy,d87d2551-818d-4490-8ff5-3655dbe5feaa,Values Driven Leadership -  03 Cultivate a Winning Team,"Learn to build trust, set standards, and create a team culture rooted in shared values and accountability.","<p>Covers developing trust through follow-through, transparency, active listening, and taking responsibility. Teaches how trust-eroding behaviors undermine teams and how consistent values alignment strengthens them. Includes knowledge checks on trust-building and defining leadership values.</p>",Respect For People,Mentor; Coaching; Field Leadership; Team Morale; Leadership; Team Leadership; Mentorship,
GSL Academy,6976a299-08b5-4f63-9a04-3768b5cdebe7,Introduction to Lean Construction - 12 - Empowerment of Field Personnel,"Learn how empowering field personnel enhances decision-making, reduces waste, and improves scheduling reliability in lean construction.","<p>Explores the benefits of empowering field workers in lean construction, contrasting traditional management approaches with lean approaches that emphasize collaboration and overall throughput.</p>",Lean Fundamentals; Respect For People,Field Empowerment; Team Collaboration,
GSL Academy,0790d51d-08e9-4b0e-9c67-3acd4a115401,MSHA 8-Hour Surface Mining Refresher & Experienced Miner Course,"This course meets Mine Safety and Health Administration (MSHA) Part 46 requirements for annual refresher training in surface mining. Participants review essential health and safety standards, hazard recognition, emergency procedures, and safe work practices to ensure compliance and maintain a safe mining environment.","<p data-end=""508"" data-start=""116"">This comprehensive training program is designed to meet the <strong data-end=""311"" data-start=""226"">Mine Safety and Health Administration (MSHA) Part 46 annual refresher requirement</strong> for surface miners and contractors. The course reinforces critical safety and health standards while updating participants on new regulations, industry practices, and workplace hazard awareness.</p>
<p data-end=""953"" data-start=""510"">Through a combination of instruction, discussion, and practical examples, participants will review key topics such as hazard recognition, emergency procedures, personal protective equipment (PPE), safe equipment operation, and rights and responsibilities under MSHA law. The training emphasizes proactive safety awareness and equips workers with the knowledge to prevent accidents and protect themselves and others in high-risk environments.</p>
<p data-end=""1261"" data-start=""955"">By the end of the course, participants will be up to date on required MSHA safety training and better prepared to work safely in surface mining operations. Completion of this program provides documentation of the required <strong data-end=""1213"" data-start=""1177"">8-hour annual refresher training</strong> to maintain compliance with MSHA regulations.</p>",,MSHA 8-Hour Surface; MSHA 8-Hour Refresher,
GSL Academy,f65038c8-00d6-4050-9d66-3bfca9c4a73e,"Introduction to Field Leadership – Skills, Traits, & Responsibilities","A practical, 12-chapter foundation for new foremen at GSL Electric. Learners master core responsibilities—safety, planning, quality, documentation, communication, time management, and team leadership—while applying clear, job-ready tools like look-ahead planning, job plan tracking, and effective crew coaching. The series builds confident, accountable leaders who deliver safe, predictable, high-quality results.



This section of the New Foreman Training Program is designed to introduce new foremen to the key roles, responsibilities, and skills required to excel in their position. It covers the essential duties of a foreman, including project planning and execution, safety management, quality control, team management, documentation and reporting, time management, and maintaining team morale. 



This course explored the essential skills, traits, and responsibilities required for foremen to excel in their roles. Key topics included project management, safety, quality assurance, and team leadership.





Understand the foreman's role. Foremen are pivotal in managing projects and leading teams effectively.



Prioritize safety management. Ensuring a safe work environment is a top responsibility for foremen.



Emphasize quality control. Maintaining high standards ensures project success and client satisfaction.



Foster team morale. Effective leadership involves motivating and supporting a diverse team.



Master communication skills. Clear communication with stakeholders is crucial for smooth project execution.



Embrace diversity and inclusion. Valuing and motivating a diverse team strengthens workplace dynamics.

With these skills and principles, you are well-equipped to lead your team and projects to success.","<p data-pm-slice=""1 1 []"">The <strong data-end=""656"" data-start=""583"">Introduction to Field Leadership – Skills, Traits, &amp; Responsibilities</strong> series equips new foremen with the mindset, methods, and tools to lead crews and deliver projects the GSL way. Across 12 focused chapters, participants learn how to plan and execute work using look-aheads and the Job Plan, drive a proactive safety culture aligned with <strong data-end=""947"" data-start=""926"">Zero Broken Lives</strong>, and build quality into every installation. The program strengthens day-to-day leadership—clear communication up, down, and across; wise delegation and coaching; constructive conflict resolution; and documentation that protects schedule, budget, and client satisfaction. Learners also develop strong time-management habits and eliminate common jobsite time wasters, while leveraging the right tools and technology to streamline coordination and reporting. By the end of the series, foremen can translate scope into action, align crews to measurable targets, adapt to changing conditions, and model professional standards with clients and trade partners—producing safer jobs, predictable outcomes, and pride in craftsmanship.</p>",,Communication; Quality Control; Team Morale; Prioritize,
GSL Academy,848a6ab7-85d7-4d1b-b376-3cd99f51460f,Introduction to Lean Construction - 02 What You Need to Know,Foundational knowledge about construction productivity challenges and what learners need before diving into lean principles.,"<p>Establishes the baseline knowledge required for the lean construction curriculum, covering key concepts about the state of the construction industry and its productivity challenges.</p>",Lean Fundamentals,Lean Basics; Field Leadership,
GSL Academy,065e88ae-d73d-47e6-9e07-3cfc4751f407,Lockout Tagout Procedures,"Learn the complete LOTO process from hazardous energy control through simple/complex procedures, verification, abnormal removal, and return to service.","<p>Comprehensive 7-lesson course covering all LOTO phases: hazardous energy control fundamentals, simple procedures, complex procedures, verifying de-energized, abnormal lockout removal, and return to service. 10-question final quiz.</p>",,Lockout Tagout; Safety,
GSL Academy,4fb80f28-160c-4990-9506-3d1f2ab090a2,Nevada's Employee Rights and Responsibilities - New Hire Safety Orientation,"Learn Nevada state employee rights and responsibilities as part of the new hire safety orientation, covering SCATS requirements.","<p>Presents Nevada SCATS requirements for employee rights and responsibilities. Brief, focused module for new hires.</p>",,Hazards; Safety,
GSL Academy,b8bbea1c-28ad-4428-85ed-3d2bfc0f5846,Introduction to Lean Construction,"Comprehensive introduction to lean construction principles including waste identification, pull planning, continuous improvement, and field personnel empowerment.","<p>Extensive 17-lesson course covering the full spectrum of lean construction, from productivity challenges and history through waste identification, minimization strategies, pull planning, continuous improvement, and field personnel empowerment. Numerous quizzes throughout.</p>",,Lean Construction,
GSL Academy,6cec55a4-4bfc-4a4a-a4c8-3d3e5b8302f6,Introduction to Lean Construction - 04 Construction vs. Manufacturing,Compares construction and manufacturing processes to explain why construction productivity has stagnated and how lean principles can help.,"<p>Examines fundamental differences between construction and manufacturing, including the unique nature of construction projects versus repetitive manufacturing. Covers production theories from craft to lean and identifies opportunities for improvement.</p>",Lean Fundamentals,Manufacturing Comparison; Productivity,
GSL Academy,a288ede7-7f91-4282-81f4-3d3f094f5b98,Critical Leadership Training Chapters,"Develop battle-tested leadership skills with Silver Star recipient and former Navy SEAL officer Jocko Willink. Learn Jocko’s four laws of leadership and his most critical tools for making better decisions, empowering your teams, and more.","<p data-pm-slice=""1 1 []"">This course, led by Jocko Willink, provides essential leadership principles and tools for decision-making, emphasizing accountability, teamwork, and empowerment. It draws on real-world experiences to teach practical strategies for effective leadership.</p>
<ul>
<li data-pm-slice=""1 1 []""><strong>Understand the four laws of leadership</strong>. These principles are foundational for managing teams effectively.</li>
<li data-pm-slice=""1 1 []"">
<p data-pm-slice=""1 1 []""><strong>Embrace extreme ownership</strong>. Taking full responsibility fosters trust and strengthens leadership.</p>
</li>
<li data-pm-slice=""1 1 []"">
<p data-pm-slice=""1 1 []""><strong>Empower your team</strong>. Encourage independence and initiative to build confidence and collaboration.</p>
</li>
<li data-pm-slice=""1 1 []"">
<p data-pm-slice=""1 1 []""><strong>Prioritize and execute tasks</strong>. Focus on critical issues first and adapt as new information arises.</p>
</li>
<li data-pm-slice=""1 1 []"">
<p data-pm-slice=""1 1 []""><strong>Communicate clearly</strong>. Clear instructions and simplicity enhance team alignment and productivity.</p>
</li>
<li data-pm-slice=""1 1 []"">
<p data-pm-slice=""1 1 []""><strong>Build trust through relationships</strong>. Foster respect and collaboration to create a strong team dynamic.</p>
</li>
<li data-pm-slice=""1 1 []"">
<p data-pm-slice=""1 1 []""><strong>Adapt to change</strong>. Flexibility and emotional intelligence are key to overcoming challenges.</p>
</li>
</ul>",,Mentor; Communication; Coaching; Field Leadership; Team Morale; Leadership; Team Leadership; Mentorship; Recognition,
GSL Academy,f24dac1c-7724-462c-be39-3f70fce42b21,Safety Data Sheets,Learn how to read and interpret Safety Data Sheets (SDS) to identify chemical hazards in the workplace.,"<p>Video-based course covering the purpose and structure of SDS, teaching workers to locate and interpret critical chemical hazard information.</p>",,Hazards; Documentation; Safety,
GSL Academy,89433a77-e3f9-44a1-aa8e-3f9fb19f6663,AI in the Workplace,"This course explains what artificial intelligence (AI) is and how it can be used thoughtfully at work. It addresses common concerns around AI use including privacy, intellectual property, and bias issues and how AI users can mitigate these concerns.","<p>This course explains what artificial intelligence (AI) is and how it can be used thoughtfully at work. It addresses common concerns around AI use including privacy, intellectual property, and bias issues and how AI users can mitigate these concerns.</p>",,Usin; Bia; rivacy; A; ntellectua; I; at; Larg; anguag; ork; roperty; Concern; odels; n; it; Artificia; ntelligence,
GSL Academy,fa7e27f8-b178-439a-aea2-3fc994b28ae6,Introduction to Lean Construction - 17 Reshaping the Industry,Concludes the Lean Construction series with a vision for how lean principles can reshape the construction industry.,<p>Closing chapter providing a forward-looking perspective on how lean principles can transform construction. Summarizes the series and inspires learners to apply lean thinking.</p>,Lean Fundamentals; Industry Transformation,Lean Adoption; Industry Change,
GSL Academy,2c5ef745-46c2-4978-99e7-42dbb8a65f97,Qualified Person - Permitted Energized Work & Required Energized Work Permit,Learn when energized electrical work is permitted under NFPA 70E and the requirements for completing an energized work permit.,"<p>Covers conditions under which energized work is allowed, who is authorized to perform it, and the required permit process. Knowledge checks on permit requirements and approach boundaries.</p>",,Qualified Person; NFPA 70E,
GSL Academy,f8e38e2f-50c7-4f5b-a21b-48a220573e64,Field Leadership - Anatomy of a Project - 02 Jobsite Efficiency,"Learn key jobsite efficiency concepts including the 30-30 rule, targeted training, and optimal workweek strategies.","<p>Covers fundamental jobsite efficiency principles such as the 30-30 rule, the difference between efficiency and productivity, targeted training approaches, and optimal workweek planning. Matching knowledge check.</p>",,Proactive,
GSL Academy,0d7bd925-a411-41e1-a8a0-493f60ab2359,The Eight Wastes of Construction,Identifies and explains the eight categories of waste in construction using the DOWNTIME acronym.,"<p>Using the DOWNTIME framework (Defects, Over/Underproduction, Waiting, Non-utilized Talent, Transportation, Inventory, Motion, Extra Processing), this course teaches learners to recognize and categorize waste in construction and office environments. Each waste type has a dedicated lesson with real-world examples and knowledge check quizzes.</p>",Waste Management,,
GSL Academy,17906561-eaf0-400b-97f8-496dc706d26b,The Anatomy of a Project - 2 Anatomy of a Project,"This course is designed to equip you with the knowledge and tools necessary to manage and lead projects effectively, from initial planning through to final closeout.","<p data-pm-slice=""1 1 []"">Welcome to ""The Anatomy of a Project"" course, where we will explore the essential components and processes that define successful project execution. This course is designed to equip you with the knowledge and tools necessary to manage and lead projects effectively, from initial planning through to final closeout.</p>
<p></p>
<p>By the end of this course, you'll have a comprehensive understanding of the entire project lifecycle, equipped with practical skills and strategies to lead your team to success. Let's get started on mastering the anatomy of a project!</p>",,Reporting; Mentor; Planning; Coaching; Field Leadership; Time Management; Quality Control; Organization; Team Morale; Documentation; Leadership; Team Leadership; Mentorship,
GSL Academy,d7d91b84-d9fb-4223-8a84-4993013a6ddd,Cultural Competence S7.5,"This interactive course introduces you tthe importance of cultural competence in the workplace. It identifies realistic ways tincrease this critical work competency and details practical actions you can take to avoid misunderstandings and ensure communications and interactions are effective, respectful and successful across cultures.","<p>This interactive course introduces you tthe importance of cultural competence in the workplace. It identifies realistic ways tincrease this critical work competency and details practical actions you can take to avoid misunderstandings and ensure communications and interactions are effective, respectful and successful across cultures.</p>",,wor; ulture; ompetence; cultura; Culture; ehaviors,
GSL Academy,d1dc790a-86c6-4d1d-b25a-4a67eaa4ab93,Introduction to Lean Construction - 14 The Sticky Note Format,"Learn the sticky note format for pull planning, including defining milestones, making honest commitments, and transitioning to digital tools.","<p>Teaches the practical mechanics of pull planning using the sticky note format, covering milestone definition, accurate requests, honest durations, and dependency tracking. Explores transitioning from physical to digital tools.</p>",Pull Planning,Visual Scheduling; Scheduling Reliability; Pull Planning; Accountability,
GSL Academy,8bc8abb1-708c-4874-a059-4ab7c7207af3,Field Leadership - Anatomy of a Project - 01 Job Plan Theory,"Learn the fundamentals of job plan theory including labor productivity tracking, variance analysis, and cost management for electrical projects.","<p>Introduces job plan theory for electrical contractors, covering labor cost as a percentage of total project cost, factors affecting productivity, and the importance of early issue identification. Five knowledge check questions.</p>",,Productivity; Job Plan; Projections,
GSL Academy,8a8379ca-b052-4655-9462-4d09ad00295b,Values Driven Leadership - 12 Improve Individual Performance,"Learn to challenge your best people through stretch assignments, leadership opportunities, and creative projects while supporting their growth.","<p>Six-lesson chapter on elevating individual performance. Covers three types of growth challenges (stretch assignments, leadership opportunities, creative projects), and three support strategies (regular check-ins, resources/coaching, celebrating progress). Includes matching exercises and knowledge checks.</p>",,Mentor; Coaching; Field Leadership; Team Morale; Leadership; Team Leadership; Mentorship; Recognition,
GSL Academy,251a4f0e-34d2-4a2b-97ec-4e8972a598a8,Finding Your Next Career Step Up,"So you want to go to the next level in your career. What should that move look like and how can you get there? Let leadership coach Mike Figliuolo guide you on the steps you need to take. Figliuolo is the managing director at thoughtLEADERS LLC, a leadership and training firm, and the author of multiple books on leadership and communication.","<p>So you want to go to the next level in your career. What should that move look like and how can you get there? Let leadership coach Mike Figliuolo guide you on the steps you need to take. Figliuolo is the managing director at thoughtLEADERS LLC, a leadership and training firm, and the author of multiple books on leadership and communication.</p>

<p> </p>",,Diverse Roles; Future Role; Career. Step Up; Career Planning; Next Level; Growth Strategy; Lead People; Strategy; Leaders; Attributes; Building Blocks; Success; Entrepreneurial Management; Mike Figliuolo; Leadership; Innovation; Leading Teams; Assessing Performance,
GSL Academy,0bb9828c-6ed4-4fbc-9333-516c19fd02d7,Corrective Counseling and Performance Reviews,"Comprehensive training on evaluations, motivation, conflict resolution, progressive discipline, handling resistance, documentation, and building accountability.","<p>Extensive 17-lesson course covering the full performance management lifecycle: evaluations using the SBI framework, intrinsic/extrinsic motivators, conflict resolution, corrective counseling with progressive discipline, dealing with resistance, documentation, and building accountability. Each topic includes a quiz.</p>",,Feedback; Morale; Performance; Field Leadership; GSL Policies; Evaluations,
GSL Academy,8d407cba-73d9-47ca-b315-525d7eadc206,"Field Leadership – Skills, Traits, & Responsibilities - 09 Time Management","Learn time management fundamentals for construction foremen including task lists, time blocking, effective delegation, and balancing costs, time, and quality.","<p>Covers time management skills for construction leadership, including task lists, time blocking, delegation, and managing costs-time-quality balance. Four quiz questions.</p>",,Schedule; Delegation; Planning; Time Management; Prioritize,
GSL Academy,ad9a6788-f874-4a38-a2a8-550bd61b44bb,Return To Service Procedures,Learn the proper procedures for safely returning electrical equipment to service after lockout-tagout.,"<p>Covers step-by-step procedures for restoring equipment to energized state after LOTO. Text, multimedia, and images.</p>",,Reporting; Safety,
GSL Academy,2e318638-1f7b-4e82-949f-579b3f92d14a,New Hire Safety Orientation,"Complete GSL's new hire safety orientation covering commitment to safety, Zero Broken Lives, employee rights, hazard awareness, PPE, and tool safety.","<p>Eight-lesson foundational orientation: shared commitment to safety, ""Zero Broken Lives,"" Nevada employee rights (SCATS), hazard awareness, PPE, fire protection/housekeeping, and safe use of tools. Video-based.</p>",,Safety,
GSL Academy,a1aa55f8-dd53-4707-99ec-5801669dc96f,Managing Stress & Emotions at Work: Exploring Self-Regulation Techniques,A brief 1.5-minute video that provides techiniques to help you manage stress at work. ﻿,<p>A brief 1.5-minute video that provides techiniques to help you manage stress at work. ﻿</p>,,workplac; managin; wor; if; echniques; anagement; ork; tres; anag; stres; ho; alance; elie,
GSL Academy,c5344868-1d57-4dc4-a23d-583be0199f0d,"Field Leadership - Skills, Traits, & Responsibilities - 07 Introduction to Documentation and Reporting","Learn construction documentation and reporting fundamentals including daily logs, inspection reports, change orders, and incident reports.","<p>Introduces documentation and reporting competencies for construction foremen, covering daily logs, inspection reports, change orders, incident reports, and documentation tools. Matching assessment.</p>",,Communication; Documentation,
GSL Academy,63212561-7477-43dc-a839-58530f11d1e6,Qualified Person - Arc Flash Personal Protective Equipment,GSL's arc flash PPE requirements -- when to use 8 cal/cm2 and 40 cal/cm2 kits based on incident energy labels.,"<p>Explains GSL Electric's Electrical Safety Program requirements for arc flash PPE selection. Learn to read equipment arc flash labels, determine the correct kit rating (8 vs. 40 cal/cm2), understand when energized work is prohibited, and apply the right protection for diagnostic testing and energized work tasks. Includes a 5-question knowledge check.</p>",,NFPA 70E; Arc Flash; PPE; Safety,
GSL Academy,6c4d3be1-f06c-437c-9197-5b64a76cd022,Artificial Intelligence: Use ChatGPT And Effective Prompts To Increase Your Efficiency,"Do you want to understand how to implement ChatGPT in your business to guide decision-making and improve your company’s competitive advantage? Are you interested in boosting customer interaction and optimising workflows by leveraging the capabilities of ChatGPT? Would it be helpful for you to get more things done by maximising ChatGPT as an effective virtual business assistant? If you answered yes to any of these questions, then this course is for you!Artificial Intelligence and AI chatbots have been all the rage in the business world due to their convenience and their ability to answer highly specific queries. From marketing content ideas to generating quick business strategies for home-based businesses, these chatbots are truly versatile and are on their way to becoming one of the hottest tools for business owners. However, there is one AI chatbot that is receiving widespread recognition for its capabilities! Developed by American software and technology company OpenAI and launched on 30th November 2022, ChatGPT became an instant hit due to its ability to hold a natural conversation and provide meaningful information to even advanced queries. It didn't take long for business people to take advantage of ChatGPT’s capabilities too, since many started to adopt the service in their day-to-day operations related to planning, strategising, brainstorming and even data analysis. What makes this chatbot service even more useful for business owners is its availability of Application Programming Interface (or APIs), which are essentially pre-built software toolkits that make it easier for developers in organisations to integrate ChatGPT into their websites. According to a 2024 article published by the American SaaS service website Elfsight, over 80% of Fortune 500 companies integrated ChatGPT into their workflows within nine months of its launch. This showcases the growing popularity of ChatGPT and its use case in the business environment. This course is designed to teach managers and leaders about the potential benefits of ChatGPT for business and how it can be used to boost productivity and efficiency in the workplace. Over a series of short video lectures, you will explore how artificial intelligence is reshaping the workplace and discover how ChatGPT can act as a powerful virtual assistant to support a wide range of business functions. You'll gain insight into the role AI plays in modern organisations and understand how ChatGPT can enhance both internal and external communication, helping you write emails, reports and proposals more clearly and efficiently. You will learn how to boost your productivity by using ChatGPT to automate routine tasks, generate content and streamline workflows, saving valuable time and effort. The course will also guide you through practical ways to manage your schedule, prioritise tasks and stay organised using ChatGPT’s planning and reminder features. You'll unlock its potential as a virtual business assistant, capable of supporting everything from creative brainstorming and content summarisation to project tracking and meeting preparation. Finally, you'll discover how to use ChatGPT for basic data analysis and as a tool to support informed, timely decision making. Whether you're a business professional, team leader or entrepreneur, this course will give you the skills to confidently integrate AI into your day-to-day work and achieve more with less effort.By the end of this course, you will be able to confidently integrate ChatGPT into your daily workflow, enhance communication, improve time management, boost productivity and use AI-driven insights to support smarter business decisions. Enrol now to learn more!Who Is The Course For?Business owners, entrepreneurs and leaders who want to streamline operations, enhance customer interactions and improve decision making.Managers and team leaders who want to automate routine tasks, support team collaboration and optimise workflows.Marketing professionals, copywriters and individuals who want to create engaging content, conduct market research and manage customer communications.Administrative staff who want to automate tasks and improve efficiency in scheduling, task management and internal documentation.Researchers and analysts who want to gather, summarise and analyse large datasets for informed decision making.Customer support teams that want to provide consistent, 24/7 customer service and manage inquiries effectively.","<p>Do you want to understand how to implement ChatGPT in your business to guide decision-making and improve your company’s competitive advantage? Are you interested in boosting customer interaction and optimising workflows by leveraging the capabilities of ChatGPT? Would it be helpful for you to get more things done by maximising ChatGPT as an effective virtual business assistant? If you answered yes to any of these questions, then this course is for you!</p><p>Artificial Intelligence and AI chatbots have been all the rage in the business world due to their convenience and their ability to answer highly specific queries. From marketing content ideas to generating quick business strategies for home-based businesses, these chatbots are truly versatile and are on their way to becoming one of the hottest tools for business owners. </p><p>However, there is one AI chatbot that is receiving widespread recognition for its capabilities! Developed by American software and technology company OpenAI and launched on 30th November 2022, ChatGPT became an instant hit due to its ability to hold a natural conversation and provide meaningful information to even advanced queries. It didn't take long for business people to take advantage of ChatGPT’s capabilities too, since many started to adopt the service in their day-to-day operations related to planning, strategising, brainstorming and even data analysis. What makes this chatbot service even more useful for business owners is its availability of Application Programming Interface (or APIs), which are essentially pre-built software toolkits that make it easier for developers in organisations to integrate ChatGPT into their websites. According to a 2024 article published by the American SaaS service website Elfsight, over 80% of Fortune 500 companies integrated ChatGPT into their workflows within nine months of its launch. This showcases the growing popularity of ChatGPT and its use case in the business environment. This course is designed to teach managers and leaders about the potential benefits of ChatGPT for business and how it can be used to boost productivity and efficiency in the workplace. </p><p>Over a series of short video lectures, you will explore how artificial intelligence is reshaping the workplace and discover how ChatGPT can act as a powerful virtual assistant to support a wide range of business functions. You'll gain insight into the role AI plays in modern organisations and understand how ChatGPT can enhance both internal and external communication, helping you write emails, reports and proposals more clearly and efficiently. You will learn how to boost your productivity by using ChatGPT to automate routine tasks, generate content and streamline workflows, saving valuable time and effort. The course will also guide you through practical ways to manage your schedule, prioritise tasks and stay organised using ChatGPT’s planning and reminder features. You'll unlock its potential as a virtual business assistant, capable of supporting everything from creative brainstorming and content summarisation to project tracking and meeting preparation. Finally, you'll discover how to use ChatGPT for basic data analysis and as a tool to support informed, timely decision making. Whether you're a business professional, team leader or entrepreneur, this course will give you the skills to confidently integrate AI into your day-to-day work and achieve more with less effort.</p><p>By the end of this course, you will be able to confidently integrate ChatGPT into your daily workflow, enhance communication, improve time management, boost productivity and use AI-driven insights to support smarter business decisions. Enrol now to learn more!</p><p><strong>Who Is The Course For?</strong></p><ul><li>Business owners, entrepreneurs and leaders who want to streamline operations, enhance customer interactions and improve decision making.</li><li>Managers and team leaders who want to automate routine tasks, support team collaboration and optimise workflows.</li><li>Marketing professionals, copywriters and individuals who want to create engaging content, conduct market research and manage customer communications.</li><li>Administrative staff who want to automate tasks and improve efficiency in scheduling, task management and internal documentation.</li><li>Researchers and analysts who want to gather, summarise and analyse large datasets for informed decision making.</li><li>Customer support teams that want to provide consistent, 24/7 customer service and manage inquiries effectively.</li></ul>",,Decision-Making; Business; Artificial Intelligence; Sales; Management,
GSL Academy,d645c607-766c-477c-b685-5c1e461230fe,Storytelling and Influencing: Communicate with Impact,"Great communicators don’t just convey information—they tell stories that inspire, influence, and move people to action. In today’s fast-paced, information-saturated world, mastering the art of storytelling can transform how you lead, persuade, and connect.

“Storytelling and Influencing: Communicate with Impact” is a hands-on course designed to help you become a more compelling communicator through the strategic use of narrative. You’ll learn the science behind why stories work, uncover the essential elements of a memorable story, and explore proven structures such as the Hero’s Journey and the 3-act framework.

Throughout the course, you’ll discover how to adapt stories for different audiences and situations—whether you’re giving a presentation, leading a team, or pitching an idea. You’ll refine your delivery skills, build your personal story library, and gain confidence in sharing stories that create emotional engagement and influence outcomes.

The course blends theory with application through practice sessions, feedback, and peer discussions, ensuring you leave with not just knowledge but practical tools you can immediately apply in your professional and personal communication.","<p>Great communicators don’t just convey information—they tell stories that inspire, influence, and move people to action. In today’s fast-paced, information-saturated world, mastering the art of storytelling can transform how you lead, persuade, and connect.<br />
<br />
“Storytelling and Influencing: Communicate with Impact” is a hands-on course designed to help you become a more compelling communicator through the strategic use of narrative. You’ll learn the science behind why stories work, uncover the essential elements of a memorable story, and explore proven structures such as the Hero’s Journey and the 3-act framework.<br />
<br />
Throughout the course, you’ll discover how to adapt stories for different audiences and situations—whether you’re giving a presentation, leading a team, or pitching an idea. You’ll refine your delivery skills, build your personal story library, and gain confidence in sharing stories that create emotional engagement and influence outcomes.<br />
<br />
The course blends theory with application through practice sessions, feedback, and peer discussions, ensuring you leave with not just knowledge but practical tools you can immediately apply in your professional and personal communication.</p>",,,
GSL Academy,1686096e-b6b8-4478-902e-5d2139bed4d2,Introduction  to Field Leadership Section - 1 Skills Traits & Responsibilities,"Learn the essential skills, traits, and responsibilities of an electrical field leader including project planning, safety, quality, team management, and time management.","<p>Full Section 1 covering 17 lessons: foreman roles, project planning, safety management, quality control, team management, documentation, communication, time management, avoiding time wasters, building morale, and using technology. Multiple knowledge checks throughout.</p>",,Reporting; Planning; Field Leadership; Time Management; Quality Control; Team Morale; Documentation; Leadership; Team Leadership; Safety,
GSL Academy,496710bd-2aa8-4c5c-bc37-5e4ca02ff278,Supported Scaffolding Safety in Industrial and Construction Environments,"Learn comprehensive supported scaffold safety including OSHA regulations, assembly, access, and fall protection requirements.","<p>Eight-lesson course: OSHA regulations, firm foundations, secure platforms, safe access, fall protection, and competent person responsibilities. 9-question final quiz.</p>",,Scaffolding; OSHA; Safety,
GSL Academy,17da87bd-3cec-4856-ad9a-6498c74ac007,Field Leadership - Anatomy of a Project - 05 Manpower Projection,"Learn how to create accurate labor projections using preplanning, resource leveling, and the three-week look ahead tool.","<p>Covers manpower projection techniques including breaking projects into segments for analysis, resource leveling, adjusting job plans based on actual progress rates, and the three-week look ahead tool. Five quiz questions.</p>",,Forecasting; Schedule; Planning; Resourse Management; Manpower; Projections; Pre-Planning,
GSL Academy,4564fb63-33de-4126-a6e5-64de6d067df7,Critical Leadership Training - 01 What Makes A Leader,"Explores what defines effective leadership, contrasting silent leadership with authoritarian styles and providing strategies for overcoming roadblocks.","<p>Examines the characteristics that distinguish effective leaders, including adaptability, emotional intelligence, balanced direction, and humility. Covers strategies for overcoming career roadblocks through relationship building and ownership. Five knowledge check questions.</p>",,Emotional Intelligence; Communication; Motivation; Empowerment; Field Leadership; Team Morale; Leadership; Culture; Respect; Adaptability,
GSL Academy,60147bf3-0808-4c3f-abd9-66092c9fbec9,OSHA’s Focus Four Workplace Hazards ,"Learn to identify and prevent OSHA's Focus Four hazards: falls, struck-by, caught-in/between, and electrocution.","<p>20-lesson comprehensive course covering all four OSHA Focus Four hazards: fall prevention, struck-by, caught-in/between, and electrocution. Detailed content on fall protection systems, scaffold safety, ladder safety. Final quiz.</p>",,,
GSL Academy,e0ea5878-b441-41b9-a5e2-6611227823d5,Field Leadership - Anatomy of a Project - Class,"Welcome to ""The Anatomy of a Project"" course, where we will explore the essential components and processes that define successful project execution. This course is designed to equip you with the knowledge and tools necessary to manage and lead projects effectively, from initial planning through to final closeout.




By the end of this course, you'll have a comprehensive understanding of the entire project lifecycle, equipped with practical skills and strategies to lead your team to success. Let's get started on mastering the anatomy of a project!","<p data-pm-slice=""1 1 []"">This course, 'The Anatomy of a Project,' provided a comprehensive guide to effective project management, covering the entire lifecycle from planning to closeout. It emphasized critical skills such as labor forecasting, team leadership, documentation, and coordination with contractors.</p>
<ol>
<li>
<p data-pm-slice=""1 1 []""><strong>Understand the project lifecycle</strong>. Familiarity with each phase ensures effective management and successful outcomes.</p>
</li>
<li>
<p data-pm-slice=""1 1 []""><strong>Focus on planning</strong>. A well-structured plan lays the foundation for project success.</p>
</li>
<li>
<p data-pm-slice=""1 1 []""><strong>Emphasize team leadership</strong>. Strong leadership enhances team performance and project results.</p>
</li>
<li>
<p data-pm-slice=""1 1 []""><strong>Utilize labor forecasting techniques</strong>. Accurate projections ensure timely execution and resource allocation.</p>
</li>
<li>
<p data-pm-slice=""1 1 []""><strong>Eliminate non-value activities</strong>. Reducing wasteful tasks improves efficiency and productivity.</p>
</li>
<li>
<p data-pm-slice=""1 1 []""><strong>Maintain accurate documentation</strong>. Proper records ensure compliance, accountability, and project success.</p>
</li>
<li>
<p data-pm-slice=""1 1 []""><strong>Coordinate effectively with contractors</strong>. Clear communication and planning prevent delays and rework.</p>
</li>
</ol>
<p data-pm-slice=""1 1 []"">With these skills and strategies, you are well-equipped to lead projects to successful completion and tackle challenges with confidence.</p>",,Empowerment; Trust; Collaboration; Accountability; Respect,
GSL Academy,7cba505f-5ae2-4a2a-aca0-688e155b4ee7,Introduction to Lean Construction,"This course delves into the principles and applications of Lean Construction, emphasizing efficiency, waste reduction, and collaboration. It explores strategies to enhance productivity, adopt innovative practices, and foster continuous improvement in the construction industry.","<p data-pm-slice=""1 1 []"">This course delves into the principles and applications of Lean Construction, emphasizing efficiency, waste reduction, and collaboration. It explores strategies to enhance productivity, adopt innovative practices, and foster continuous improvement in the construction industry.</p>
<ul>
<li data-pm-slice=""1 1 []"">
<p data-pm-slice=""1 1 []""><strong>Understand Lean principles</strong>. Focus on reducing waste and maximizing value in construction processes</p>
</li>
<li data-pm-slice=""1 1 []"">
<p data-pm-slice=""1 1 []""><strong>Emphasize collaboration</strong>. Effective teamwork among stakeholders is crucial for project success</p>
</li>
<li data-pm-slice=""1 1 []"">
<p data-pm-slice=""1 1 []""><strong>Adopt continuous improvement</strong>. Regularly assess and refine processes to enhance efficiency.</p>
</li>
<li data-pm-slice=""1 1 []"">
<p data-pm-slice=""1 1 []""><strong>Leverage digital tools</strong>. Use technology to improve communication, planning, and project outcomes.</p>
</li>
<li data-pm-slice=""1 1 []"">
<p data-pm-slice=""1 1 []""><strong>Recognize inefficiencies</strong>. Identify and address waste sources like idle time and rework.</p>
</li>
<li data-pm-slice=""1 1 []"">
<p data-pm-slice=""1 1 []""><strong>Empower field personnel</strong>. Involve front-line workers in decision-making to boost engagement and reliability.</p>
</li>
<li data-pm-slice=""1 1 []"">
<p data-pm-slice=""1 1 []""><strong>Focus on project flow</strong>. Prioritize overall throughput rather than isolated task speed for better results.</p>
</li>
</ul>
<p data-pm-slice=""1 1 []"">By embracing Lean principles and fostering collaboration, you can drive meaningful improvements in construction efficiency and project outcomes.</p>",,Efficiency; Lean Construction; Project Flow; Continuous Improvement; Collaboration; Lean; Lean Principles,
GSL Academy,5075c8f0-444f-473e-b84d-69f19583a9a9,Qualified Person - 2024 NFPA 70E Required Boundaries,"Covers NFPA 70E shock and arc flash protection boundaries, including limited, restricted, and arc flash approach requirements for qualified and unqualified persons.","<p>This course covers the 2024 NFPA 70E approach boundaries for shock and arc flash protection. Learn to identify limited, restricted, and arc flash boundaries using NFPA tables, understand the requirements for qualified and unqualified persons crossing each boundary, and apply proper barricade placement rules. Includes a 6-question knowledge check.</p>",,Qualified Person; NFPA 70E; Shock Protection Boundaries,
GSL Academy,7d2cbe66-c701-4c0e-9487-69f351cce407,Inclusive Leadership - Podcast,"Eleanor Hudgell and John Shepherd discuss how to lead inclusively, listen here.","Eleanor Hudgell and John Shepherd discuss how to lead inclusively, listen here.",,Inclusive Leadership,
GSL Academy,db1495b7-d829-4fc4-9f4e-69fe9017cae7,Cross-functional collaboration: Goodbye to working in silos!,"In this, you'll learn the keys to developing cross-functional collaboration skills, helping participants to establish strong interdepartmental relationships that improve communication and teamwork in the organisation. Also to foster a proactive and empathetic attitude in dealing with other teams, promoting flexibility and mutual respect, which facilitates problem solving and the achievement of common goals in a more effective and efficient way.","In this, you'll learn the keys to developing cross-functional collaboration skills, helping participants to establish strong interdepartmental relationships that improve communication and teamwork in the organisation. Also to foster a proactive and empathetic attitude in dealing with other teams, promoting flexibility and mutual respect, which facilitates problem solving and the achievement of common goals in a more effective and efficient way.",,,
GSL Academy,5e2f1a07-3173-448f-9a97-6ac664a95646,Field Leadership - Anatomy of a Project - 02 Jobsite Efficiency ,"From the course “Introduction to Field Leadership Section 2”.
This chapter explores strategies to improve job site efficiency and productivity, focusing on planning, task prioritization, and waste reduction.","<p><em>From the course “Introduction to Field Leadership Section 2”.</em></p>
<p><em><br></em>This chapter explores strategies to improve job site efficiency and productivity, focusing on planning, task prioritization, and waste reduction.</p>
<ol>
<li><b>Understand the difference. </b>Efficiency relates to resource use, while productivity measures tangible outcomes.</li>
<li><b>Eliminate wasteful tasks. </b>Reducing non-value activities enhances overall productivity.</li>
<li><b>Use the right tools. </b>Proper technology and equipment streamline workflows and reduce strain.</li>
<li><b>Plan effectively. </b>Task prioritization and resource management keep projects on track and within budget<b>.</b></li>
<li><b>Implement practical methods.</b> Strategies like the 30-30 rule minimize non-productive time and improve workflows.</li>
</ol>
<p>Apply these strategies to create a more efficient and productive work environment.</p>",Continuous Improvement,,
GSL Academy,27e760cc-9320-4fc3-8f84-6e2e27b56aae,Critical Leadership Training - 08 Leadership Law 3: Prioritize and Execute,"Learn the Prioritize and Execute leadership law, including detachment techniques, iterative decision-making, and managing multiple problems under pressure.","<p>Covers the Prioritize and Execute principle, teaching leaders to step back from emotions, identify the biggest problem, and solve it first. Introduces iterative decision-making through small decisions, feedback observation, and adjustment.</p>",,Focus; Detach from Emotions; Decision-Making; Laws of Leadership; Prioritize; Empower Your Team; Ego,
GSL Academy,6068f77f-7b3d-4e4b-93c4-6f215768b650,Safety Coordinator - 8.0 Disciplinary Action,Learn GSL's progressive disciplinary process for correcting unsafe behavior in a fair and consistent manner.,"<p>Covers the progressive disciplinary process for safety coordinators, focusing on corrective rather than punitive approach to unsafe behavior. Knowledge check.</p>",,Discipline; Safety Coordinator,
GSL Academy,827738bf-6356-4ef6-a834-71f138b6754c,Introduction to Lean Construction - 07 How Does Lean Apply to Construction?,"Explains how lean principles apply to construction, focusing on production flow, throughput vs. point speed, and waste elimination.","<p>Examines the practical application of lean principles in construction, contrasting traditional design-bid-build inefficiencies with lean approaches. Covers throughput vs. point speed, strategies for eliminating idle time, and improving overall project flow.</p>",Lean Fundamentals,Lean Theory Application; Throughput,
GSL Academy,ac174acb-bba5-4a13-a7eb-72c148e06856,Field Leadership - Anatomy of a Project - Manpower Projections,"From the course ""Introduction to Field Leadership - Section 2"".   This chapter highlights the critical role of accurate labor forecasting in effective project management. It provides techniques and strategies to ensure efficient resource allocation and timely project completion.","<p><em>From the course ""Introduction to Field Leadership - Section 2""</em>.  </p>
<p></p>
<p>This chapter highlights the critical role of accurate labor forecasting in effective project management. It provides techniques and strategies to ensure efficient resource allocation and timely project completion.</p>
<p></p>
<ol>
<li><b>Understand labor forecasting</b>. Accurate predictions are essential for project success.</li>
<li><b>Focus on resource allocation</b>. Proper planning ensures efficient use of manpower.</li>
<li><b>Maintain timelines</b>. Timely labor projections help keep projects on schedule.</li>
<li><b>Recognize your role</b>. As a foreman, labor forecasting is a key responsibility.</li>
<li><b>Utilize preplanning techniques</b>. Breaking projects into smaller segments aids in better analysis.</li>
<li><b>Implement resource loading and leveling</b>. These methods help create realistic schedules.</li>
<li><b>Adapt projections in real-time</b>. Update labor estimates based on actual progress.</li>
</ol>
<p>Mastering labor forecasting will empower you to manage projects more effectively and achieve successful outcomes.</p>",,,
GSL Academy,a0709b91-877c-4b87-9f99-73ef647869d8,Learn 365 Course Creation Test,Learn 365 Course Creation Test Short Description,"<p>Learn 365 Course Creation Test Long Description</p>
<p><a href=""https://gslelectric8540.sharepoint.com/sites/SafetyWebsite/Shared%20Documents/Forms/AllItems.aspx?id=%2Fsites%2FSafetyWebsite%2FShared%20Documents%2FBloodborne%20Pathogens%20Program%2Epdf&amp;parent=%2Fsites%2FSafetyWebsite%2FShared%20Documents"">https://gslelectric8540.sharepoint.com/sites/SafetyWebsite/Shared%20Documents/Forms/AllItems.aspx?id=%2Fsites%2FSafetyWebsite%2FShared%20Documents%2FBloodborne%20Pathogens%20Program%2Epdf&amp;parent=%2Fsites%2FSafetyWebsite%2FShared%20Documents</a><a href=""https://gslelectric8540.sharepoint.com/sites/SafetyWebsite/Shared%20Documents/Forms/AllItems.aspx?id=%2Fsites%2FSafetyWebsite%2FShared%20Documents%2FBloodborne%20Pathogens%20Program%2Epdf&amp;parent=%2Fsites%2FSafetyWebsite%2FShared%20Documents"" title=""Bloodborne "">https://gslelectric8540.sharepoint.com/sites/SafetyWebsite/Shared%20Documents/Forms/AllItems.aspx?id=%2Fsites%2FSafetyWebsite%2FShared%20Documents%2FBloodborne%20Pathogens%20Program%2Epdf&amp;parent=%2Fsites%2FSafetyWebsite%2FShared%20Documents</a></p>",,,
GSL Academy,f8c95054-bfdf-45a0-a141-759529d42cb6,Critical Leadership Training - 10 Conclusion: Leadership is the Most Important Skill,"Concludes the Critical Leadership series with key takeaways on humility, detachment, team focus, and continuous growth.","<p>Capstone chapter summarizing essential principles from the Critical Leadership Training series, emphasizing that leadership is a learnable skill built through humility, detachment, team focus, and relationship building. Interactive accordion format.</p>",,Leadership,
GSL Academy,832d915a-020f-4861-b458-769a0f1f22f3,Managing Subcontractors,"Learn a complete framework for managing subcontractors from qualification and contracts through day-to-day oversight, dispute resolution, and long-term partnerships.","<p>Eight-lesson course covering the full subcontractor lifecycle: expectations, SOWs, day-to-day management, safety/quality, resolving challenges, qualifying subcontractors, contracts, and long-term partnerships. Knowledge checks and 16-question final quiz.</p>",,,
GSL Academy,233ce967-35db-4abf-8957-7a21c16b1cd0,Values Driven Leadership -  01 Coach K Teaches Values-Driven Leadership,"Introduction to values-driven leadership through Coach K's philosophy of mutual respect, accountability, and team-first culture.","<p>Opening chapter of the Coach K MasterClass series. Covers creating an ownership mindset, building team culture through mutual respect, demanding accountability in performance and character, reinforcing the ""we over me"" mentality, and leading with empathy. Includes knowledge checks and a quiz on values-driven leadership fundamentals.</p>",Respect For People,Values; Culture,
GSL Academy,42246667-3beb-4a37-a22c-7a50e29bd71b,NSC First Aid /CPR/AED,"This course, following the National Safety Council (NSC) curriculum, teaches participants how to provide first aid, perform adult CPR, and use an Automated External Defibrillator (AED). Upon completion, participants earn nationally recognized NSC certification.","<p data-end=""627"" data-start=""119"">This comprehensive training program, based on the <strong data-end=""259"" data-start=""215"">National Safety Council (NSC) curriculum</strong>, equips participants with the knowledge and hands-on skills needed to confidently respond to a wide range of adult medical emergencies. The course covers essential first aid practices such as treating bleeding, burns, shock, and sudden illnesses, along with life-saving techniques including adult CPR and the proper use of an Automated External Defibrillator (AED).</p>
<p data-end=""987"" data-start=""629"">Through interactive instruction and realistic practice scenarios, participants will learn how to quickly assess situations, prioritize care, and take effective action until professional help arrives. The training emphasizes safety, preparedness, and confidence-building so individuals are ready to act in high-pressure situations where every second counts.</p>
<p data-end=""1322"" data-start=""989"">Upon successful completion, participants will receive <strong data-end=""1095"" data-start=""1043"">nationally recognized certification from the NSC</strong>, demonstrating their ability to deliver critical care in emergency situations. This course is ideal for workplace safety compliance, community preparedness, and anyone who wants to gain the skills to potentially save a life.</p>",,First Aid; RE-Cert; Certification; AED; CPR; Safety,
GSL Academy,f590d748-0295-4400-9937-7a79ba1426af,Values Driven Leadership -  09 Leading with Emotion,Understand how your attitude shapes your team's performance and learn strategies for leading with positive emotional energy.,"<p>Multi-lesson chapter on emotional leadership. Covers taking responsibility for your attitude, understanding how positive attitudes build resilience, improve communication, foster trust, and boost engagement. Also addresses the destructive impact of negative attitudes. Includes knowledge checks on emotional influence and perspective-shifting strategies.</p>",Respect For People,Mentor; Communication; Coaching; Field Leadership; Team Morale; Leadership; Team Leadership; Mentorship,
GSL Academy,26d76a75-85bb-4b6f-a062-7c154eab48c3,Sustaining Change,"Change is not just about adapting; it's about understanding, anticipating, and strategically aligning your leadership approach to turn challenges into opportunities for growth and innovation. This module will cover how to effectively sustain change.","Change is not just about adapting; it's about understanding, anticipating, and strategically aligning your leadership approach to turn challenges into opportunities for growth and innovation. This module will cover how to effectively sustain change.",,"Challenges; Sustaining Change; Change Outcomes, Growth",
GSL Academy,7d83270e-92c3-49c0-9ad9-7c354be833e9,Introduction to Lean Construction - 05 What is Lean?,"Defines lean production, contrasts it with craft production, and explains why lean principles are well-suited for construction.","<p>Covers the fundamentals of lean production, comparing it with craft production methods and explaining how lean minimizes waste and optimizes inputs. Includes multiple-choice and multiple-response knowledge checks.</p>",Lean Fundamentals,Production Concepts; Lean Definition,
GSL Academy,94e38016-ba2f-42ae-8be8-7c3dc213cb7c,Leading With Emotional Intelligence - 06 Enhancing Social Skills,"Develop seven core social skills within the emotional intelligence framework including communication, collaboration, persuasion, leadership, and conflict management.","<p>Covers seven social competencies under social competence: communication, collaboration, persuasion, inspirational leadership, conflict management, relationships, and change management. Matching quiz.</p>",,Communication; Conflict Resolution; Social Skills,
GSL Academy,21ad2352-8288-4b83-938e-7cf8c45b1d23,Types Of Chemical Hazards,Learn to identify and classify the major types of chemical hazards encountered in the workplace.,<p>Short video-based lesson on recognizing different categories of chemical hazards. Part of the broader Hazard Communication training series.</p>,,Hazards; OSHA; Safety,
GSL Academy,9a75b950-8ab1-43bd-9aed-7f83a968243e,Introduction  to Field Leadership Section - 3 Leadership,"Learn the definition of leadership, essential skills and traits, leadership styles, and the importance of leading by example.","<p>Covers leadership definition, key skills (communication, delegation), traits (accountability), leadership styles, and leading by example. Five quiz questions.</p>",,Reporting; Mentor; Planning; Coaching; Field Leadership; Time Management; Quality Control; Organization; Team Morale; Documentation; Leadership; Team Leadership; Mentorship,
GSL Academy,9fee9852-510a-47f2-8f1e-80e8afd7ee82,Simplify Daily Communication with AI,"Cut through the noise and communicate with ease with AI. Discover strategies to simplify daily communication, reduce time spent on emails and meetings, and improve clarity across your team with AI. Learn how to save time and boost productivity, without sacrificing impact.","<p>Cut through the noise and communicate with ease with AI. Discover strategies to simplify daily communication, reduce time spent on emails and meetings, and improve clarity across your team with AI. Learn how to save time and boost productivity, without sacrificing impact.</p>",,Simplification; Communication; Productivity; Email; Artificial Intelligence; AI; Simplify,
GSL Academy,f42237e3-9b51-4ad4-aa07-81cdabd3d607,Values Driven Leadership - 14 Develop Emerging Leaders,Learn a tiered approach to leadership development and the difference between delegating tasks and empowering people.,"<p>Six-lesson chapter covering tiered leadership (strategic, tactical, supportive), the critical difference between delegation and empowerment, and strategies for developing the next generation of leaders. Includes matching exercises and knowledge checks.</p>",Continuous Improvement; Respect For People,Mentor; Communication; Coaching; Field Leadership; Team Morale; Leadership; Team Leadership; Mentorship,
GSL Academy,bc309b59-f1a4-44d1-9464-87c59f7a8da7,Field Leadership - Anatomy of a Project - 04 Document Management,"Learn essential document management practices including email organization, change order handling, and digital filing strategies for construction projects.","<p>Covers the fundamentals of construction document management, including the purpose of documentation, email management with Outlook rules, change order processes, and digital organization strategies. Five quiz questions.</p>",,Reporting; Communication; Documentation,
GSL Academy,126a5267-b45e-4c98-bb4e-895ca849ad28,Growing Success: Essential Habits of Highly Effective People,"Growing Success: Essential Habits of Highly Effective People helps you cultivate the habits that propel individuals to success. Through this course, you'll discover how small, consistent actions lead to extraordinary results over time. From creating a structured daily routine to building resilience and embracing lifelong learning, you'll learn key strategies that successful people use every day to reach their goals.

This training focuses on developing habits aligning with your values, such as health, productivity, and relationship-building. By understanding and adopting these essential habits, you'll unlock the potential to manage your time more effectively, increase your productivity, and stay motivated personally and professionally.

You will gain actionable insights on improving your communication, maintaining work-life balance, and building a network that supports your aspirations. The combination of resilience, a positive mindset, and smart goal-setting will empower you to thrive in any situation and turn challenges into opportunities for growth.","<p><span style=""font-size:11pt;""><span style=""line-height:115%;""><span style=""font-family:Arial, sans-serif;""><em><span style=""font-size:12pt;""><span style=""line-height:115%;""><span style=""color:#0e101a;"">Growing Success: Essential Habits of Highly Effective People</span></span></span></em><span style=""font-size:12pt;""><span style=""line-height:115%;""><span style=""color:#0e101a;""> helps you cultivate the habits that propel individuals to success. Through this course, you'll discover how small, consistent actions lead to extraordinary results over time. From creating a structured daily routine to building resilience and embracing lifelong learning, you'll learn key strategies that successful people use every day to reach their goals.</span></span></span></span></span></span></p>

<p><span style=""font-size:11pt;""><span style=""line-height:115%;""><span style=""font-family:Arial, sans-serif;""><span style=""font-size:12pt;""><span style=""line-height:115%;""><span style=""color:#0e101a;"">This training focuses on developing habits aligning with your values, such as health, productivity, and relationship-building. By understanding and adopting these essential habits, you'll unlock the potential to manage your time more effectively, increase your productivity, and stay motivated personally and professionally.</span></span></span></span></span></span></p>

<p><span style=""font-size:12pt;""><span style=""line-height:115%;""><span style=""font-family:Arial, sans-serif;""><span style=""color:#0e101a;"">You will gain actionable insights on improving your communication, maintaining work-life balance, and building a network that supports your aspirations. The combination of resilience, a positive mindset, and smart goal-setting will empower you to thrive in any situation and turn challenges into opportunities for growth.</span></span></span></span></p>",,soft skills; growth habit; Productivity; personal growth; growth mindset; professional growth,
GSL Academy,55972be0-791b-48f2-bfe6-8a3a85aca2ff,Critical Leadership Training - 05 Extreme Ownership,"Understand the principle of extreme ownership where leaders take full responsibility for outcomes, eliminate excuses, and focus on solving problems.","<p>Teaches the concept of extreme ownership in leadership, emphasizing that leaders are responsible for all failures, should never blame others, and must maintain an action-oriented mindset. Multi-select knowledge check.</p>",,Focus; Solutions; Extreme Ownership; Decision-Making; Stratagy; Leadership; Empower Your Team; Ego; Accountability,
GSL Academy,39ab26bf-9cb6-4ced-b2f7-8b2b15d1e390,Values Driven Leadership,"Through real-life stories, proven strategies, and decades of experience, Coach K teaches how to lead with trust, respect, communication, and responsibility. He emphasizes that successful leaders don’t just focus on results—they build strong relationships, empower individuals, and create cultures where every person matters.","<p data-pm-slice=""1 1 []"">Through real-life stories, proven strategies, and decades of experience, Coach K teaches how to lead with <strong>trust, respect, communication, and responsibility</strong>. He emphasizes that successful leaders don’t just focus on results—they build strong relationships, empower individuals, and create cultures where <strong>every person matters</strong>.</p>
<p></p>
<p>This course is not just about coaching or sports—it’s about how to lead people effectively in any environment. Whether you're managing a team in the field or guiding a department in the office, you'll learn to build unity, drive purpose, and lead with integrity.</p>
<p data-pm-slice=""1 3 []""></p>
<p data-pm-slice=""1 3 []"">This chapter highlights the importance of relationships, empowerment, and accountability in fostering a positive and effective team culture.</p>
<p>This course explores values-driven leadership, emphasizing trust, respect, and communication as foundational elements.</p>
<ol>
<li>
<p><strong>Lead with integrity</strong>. Build trust and respect within your team to create a strong foundation.</p>
</li>
<li>
<p><strong>Empower individuals</strong>. Encourage team members to take initiative and contribute meaningfully.</p>
</li>
<li>
<p><strong>Cultivate relationships</strong>. Prioritize connections to foster a supportive and collaborative environment.</p>
</li>
<li>
<p><strong>Define core values</strong>. Understanding and aligning actions with values strengthens leadership.</p>
</li>
<li>
<p><strong>Foster accountability</strong>. Promote an ownership mindset to enhance trust and reliability.</p>
</li>
<li>
<p><strong>Drive purpose</strong>. Ensure every team member understands their role and its significance.</p>
</li>
<li>
<p><strong>Lead with empathy</strong>. Support your team during challenges to build resilience and trust.</p>
</li>
</ol>",Respect For People,Mentor; Coaching; Field Leadership; Organization; Team Morale; Leadership; Team Leadership; Mentorship,
GSL Academy,a3c4cdee-b8a5-4be2-b687-903875c255c7,Managing Sub-contractors,"Learn a complete framework for managing subcontractors from qualification and contracts through day-to-day oversight, dispute resolution, and long-term partnerships.","<p>Eight-lesson course covering the full subcontractor lifecycle: expectations, SOWs, day-to-day management, safety/quality, resolving challenges, qualifying subcontractors, contracts, and long-term partnerships. Knowledge checks and 16-question final quiz.</p>",,Discipline; Communication; Performance; Project Flow; Field Leadership; Quality Control; Team Leadership; Safety,
GSL Academy,b5e635b0-d8a3-40b6-90f2-928189dc6486,Advanced Trimble Accubid Classic Pro,"Advanced electrical estimating techniques in Trimble Accubid covering audit trails, takeoff strategies, databases, and bid management.","<p>Builds on foundational Accubid skills with 20+ lessons covering advanced takeoff techniques, audit trail breakdowns, database switching, temporary assemblies, typical takeoffs, sorting/filtering, alarm functions, item substitution, reverse takeoff, master/sub jobs, cost allocations, quote pad usage, supplier links, and final price crosschecks. Each lesson includes knowledge check quizzes.</p>",,Accubid; Estimating,
GSL Academy,dfc94654-d71c-4d53-ab2e-93a081b6c3ea,Creating a Pending Change Orders in ViewPoint,"Learn how to create and manage pending change orders in ViewPoint, including cost types, PCO statuses, and proper documentation.","<p>Step-by-step instruction on creating PCOs in ViewPoint, covering all ten cost types and the PCO status workflow from Status 20 through Status 40. Matching quiz.</p>",,Computer Skills; Change Order; Estimating,
GSL Academy,b5e62a31-22c1-423e-bc63-94bce25b9110,Leading With Emotional Intelligence - 02 Improving Self-Awareness,"Learn to improve self-awareness by recognizing emotional triggers, avoiding impulsive decisions, and using five practical techniques.","<p>Covers self-awareness within personal competence. Illustrates consequences of low self-awareness through scenarios, then teaches five techniques: feeling emotions, journaling, noticing physical reactions, ""what"" questions, and seeking feedback. Knowledge check.</p>",,Self Awareness; Reflective Practices; Emotional Management,
GSL Academy,03bafa95-9614-43c6-a595-951ab8606f41,Safety Coordinator  ,"The Safety Coordinator Training provides GSL Safety Coordinators with the essential knowledge and tools to promote and maintain a safe work environment on every project. This course covers core responsibilities, OSHA and MSHA compliance, jobsite inspections, hazard recognition, accident investigations, and injury case management. Coordinators will also learn how to conduct safety meetings, deliver effective orientations, and ensure proper use of forms and safety documentation. By the end of this training, participants will be fully equipped to lead by example, support field teams, and enforce GSL’s commitment to safety, quality, and accountability.","<p data-end=""550"" data-start=""126"">The <strong data-end=""169"" data-start=""130"">Safety Coordinator Training Program</strong> is designed to prepare GSL Safety Coordinators to be leaders in workplace safety and compliance across all projects. This course provides an in-depth understanding of the responsibilities and expectations outlined in the <em data-end=""420"" data-start=""391"">Safety Coordinator Handbook</em> and equips coordinators with the tools needed to protect employees, uphold company standards, and ensure regulatory compliance.</p>
<p data-end=""1041"" data-start=""552"">Participants will explore a wide range of safety topics, including OSHA and MSHA requirements, project start-up procedures, employee safety orientations, and task-specific training. The course emphasizes proactive hazard recognition, accident and incident investigations, and effective case management for injuries. Coordinators will learn how to conduct thorough inspections, maintain accurate safety documentation, and enforce company policies through corrective action when necessary.</p>
<p data-end=""1602"" data-start=""1043"">A key component of the program is developing leadership skills to support crews in maintaining safe work practices. Coordinators will gain practical experience in organizing and conducting toolbox talks, facilitating weekly safety meetings, and communicating safety expectations to both employees and project leadership. The training also highlights GSL’s core values of Vision, Commitment, and Accountability, reinforcing that a safe work environment is fundamental to quality craftsmanship, productivity, and teamwork.</p>
<p data-end=""1672"" data-start=""1604"">By the end of the course, Safety Coordinators will be prepared to:</p>
<ul data-end=""2185"" data-start=""1673"">
<li data-end=""1751"" data-start=""1673"">
<p data-end=""1751"" data-start=""1675"">Administer and enforce GSL Electric’s Safety Program at the project level.</p>
</li>
<li data-end=""1854"" data-start=""1752"">
<p data-end=""1854"" data-start=""1754"">Conduct orientations and task training that align with federal regulations and company procedures.</p>
</li>
<li data-end=""1978"" data-start=""1855"">
<p data-end=""1978"" data-start=""1857"">Recognize and control hazards through inspections, risk assessments, and planning tools such as permits and checklists.</p>
</li>
<li data-end=""2074"" data-start=""1979"">
<p data-end=""2074"" data-start=""1981"">Manage reporting, documentation, and communication requirements for incidents and injuries.</p>
</li>
<li data-end=""2185"" data-start=""2075"">
<p data-end=""2185"" data-start=""2077"">Lead crews by example, fostering a strong safety culture built on accountability and proactive prevention.</p>
</li>
</ul>
<p data-end=""2404"" data-start=""2187"">This training ensures that every Safety Coordinator is fully equipped to protect employees, reduce risk, and support GSL Electric’s mission of <em data-end=""2348"" data-start=""2330"">Powering Forward</em> with safety, quality, and integrity at the forefront.</p>",,Training; Safety Culture; Safety Coordinator; Safety,
GSL Academy,9f10b347-61ba-405f-a833-952bdc1c240e,Values Driven Leadership -  04 Own Your Team,"Take ownership of your team culture by leading by example, encouraging open communication, and promoting accountability.","<p>A ""Time-Out"" reflection chapter on owning your team culture. Covers leading by example with integrity and respect, creating space for open communication, and holding yourself and others accountable. Interactive true/false exercises on team culture ownership.</p>",Continuous Improvement; Respect For People,Mentor; Coaching; Field Leadership; Team Morale; Leadership; Team Leadership; Mentorship,
GSL Academy,4964892f-4b59-44cd-8e48-96e5d103aa78,Field Leadership - Anatomy of a Project - 01 Job Plan Theory,"From the course “Introduction to Field Leadership Section 2”.
This chapter delves into the Job Plan Theory, highlighting its critical role in project management and labor cost control. It emphasized strategies for enhancing productivity and mitigating risks associated with labor expenses.
","<p><i>From the course “Introduction to Field Leadership Section 2”.</i></p>
<p><i></i></p>
<p>This chapter delves into the Job Plan Theory, highlighting its critical role in project management and labor cost control. It emphasized strategies for enhancing productivity and mitigating risks associated with labor expenses.</p>
<ol>
<li><b>Understand the job plan's role</b>. It is essential for tracking productivity and managing labor costs.</li>
<li><b>Manage labor costs effectively</b>. Labor expenses are a significant part of total project costs.</li>
<li><b>Mitigate risks through planning</b>. A well-structured job plan helps reduce risks associated with labor management.</li>
<li><b>Identify key factors affecting productivity</b>. Crew experience, environment, and morale significantly impact project costs.</li>
<li><b>Monitor productivity continuously</b>. Early detection of issues allows for timely corrective actions.</li>
<li><b>Utilize job plan components effectively</b>. Regular reviews help in identifying deficiencies and maintaining profitability.</li>
</ol>
<p>By mastering the Job Plan Theory, you can ensure better project outcomes and improved labor cost management.</p>",,,
GSL Academy,9780a918-1e8d-4213-a6dd-995bf890e938,Introduction to Lean Construction - 08 What Processes Need to Change?,"Identifies construction processes that need transformation, including project delivery methods, digital tools, and pull planning.","<p>Examines the limitations of traditional design-bid-build methods and presents alternatives that align with lean principles. Covers alternative delivery methods, digital tools, and pull planning for improving collaboration and workflow efficiency.</p>",Continuous Improvement; Lean Fundamentals,Lean Integration; Process Change,
GSL Academy,b268d172-d3b4-4312-9a63-99c9731c0994,Leading With Emotional Intelligence -  01 What Is Emotional Intelligence?,"Learn the five core competencies of emotional intelligence: self-awareness, self-regulation, self-motivation, empathy, and social skills.","<p>Introduces the framework of emotional intelligence by distinguishing personal competence (self-awareness, self-regulation, self-motivation) from social competence (empathy, social skills). Includes a matching exercise to reinforce understanding.</p>",,Emotional Intelligence; Leadership Basics; Empathy,
GSL Academy,40675bd2-a78d-4a6d-a90e-99fa7d2c9f6c,Values Driven Leadership -  02 Define Your Core Values,"Discover and define your personal core values, then learn to personalize and put them into action as a leader.","<p>Teaches leaders to identify core values through reflection on pivotal life experiences, personalize those values for authentic leadership, and translate values into daily actions. Covers the benefits of values alignment: easier decisions, increased integrity, and stronger leadership presence. Includes knowledge checks.</p>",Respect For People,Mentor; Coaching; Field Leadership; Team Morale; Leadership; Team Leadership; Mentorship,
GSL Academy,1878421c-8b0a-40b5-b46c-9b404883e337,Introduction to Lean / 8 Types of Waste - 03,"This  lesson lays the foundation for understanding Lean as both a practical system and a powerful way of thinking. You’ll discover what Lean truly means, explore its purpose, and examine how it helps organizations eliminate waste, improve flow, and deliver more value to customers. The course walks through the origins of Lean, dispels common misconceptions, and shows how Lean applies far beyond manufacturing in construction industry. You’ll also learn why Lean is more than just tools; it’s a people-centered approach rooted in continuous improvement, respect, and purposeful problem-solving. Whether you're new to Lean or looking to reinforce your understanding, this lesson will help you see Lean not as a one-time project, but as a long-term commitment to doing more of what matters.","<div aria-label=""What is &quot;LEAN&quot;"" tabindex=""0""><span data-automation-value=""0"" data-automationid=""ViewCourse"">What is ""LEAN""</span>This learning item is set as required to complete the course.<span data-automationid=""RequiredForCompletionHint""></span></div>
<p>Learning item descriptionThis  lesson lays the foundation for understanding Lean as both a practical system and a powerful way of thinking. You’ll discover what Lean truly means, explore its purpose, and examine how it helps organizations eliminate waste, improve flow, and deliver more value to customers. The course walks through the origins of Lean, dispels common misconceptions, and shows how Lean applies far beyond manufacturing in construction industry. You’ll also learn why Lean is more than just tools; it’s a people-centered approach rooted in continuous improvement, respect, and purposeful problem-solving. Whether you're new to Lean or looking to reinforce your understanding, this lesson will help you see Lean not as a one-time project, but as a long-term commitment to doing more of what matters.</p>",Lean Fundamentals,Waste Reduction; Waste Identification; Waste Elimination; Lean Principles,
GSL Academy,75a8fecd-34a6-411c-b2e5-9f3eea5c710c,Safety Coordinator - 9.0 Accident & Incident Investigations,"Learn how to investigate workplace accidents and incidents, including documentation, evidence collection, and 24-hour reporting requirements.","<p>Covers investigation procedures: incident reports, visual evidence, witness statements, and 24-hour reporting to the Safety Director. Knowledge check.</p>",,Accident & Incident Investigations,
GSL Academy,2b54ce67-5afd-4a10-a4f1-a07f6ad790ed,Leading With Emotional Intelligence ,"Develop all five EQ competencies: self-awareness, self-regulation, self-motivation, empathy, and social skills for effective leadership.","<p>Comprehensive course covering all five emotional intelligence competencies in depth with practical techniques and interactive scenarios throughout. Covers STOPP technique, cognitive reappraisal, SMART goals, active listening, perspective-taking, and seven social skills.</p>",,Emotional Intelligence; Leadership; Social Skills; Empathy,
GSL Academy,72e045f2-ef32-41ad-89f7-a4134de955b6,Values Driven Leadership -  05 Making Reads,"Develop situational awareness to read the room, adapt your leadership style, and lead effectively through uncertainty.","<p>Teaches leaders to observe without judgment, ask before acting, and shift roles (coach, strategist, cheerleader) as situations demand. Covers leading through uncertainty by anchoring in core values, modeling steady behavior, and being transparent. Includes matching exercises and a quiz on adaptability and situational awareness.</p>",Continuous Improvement; Respect For People,Mentor; Coaching; Field Leadership; Team Morale; Leadership; Team Leadership; Mentorship,
GSL Academy,221754f3-5f1f-4bd3-b031-a518061bf62a,Human and AI Collaboration - Fluidbook,Human and AI Collaboration refers to the partnership between human intelligence and artificial intelligence systems to achieve goals more efficiently and effectively than either could alone. Learn more in this fluidbook.,Human and AI Collaboration refers to the partnership between human intelligence and artificial intelligence systems to achieve goals more efficiently and effectively than either could alone. Learn more in this fluidbook.,,Human and AI Collaboration,
GSL Academy,18fe97de-2680-4594-a7a5-a56591bc5456,Qualified Person - Electrical Shock & Arc Flash Risk Assessments (Safety-Related Work Practices),"Learn about electrical shock and arc flash risk assessments, energized work permits, and safety-related work practices under NFPA 70E.","<p>Covers risk assessment procedures under NFPA 70E including when energized work is permitted, tasks not requiring an Energized Electrical Work Permit, and Safety Coordinator review requirements. Multiple-choice and multi-select quizzes.</p>",,NFPA 70E; Electrical Safety; Hazards; Arc Flash; Safety,
GSL Academy,021a9053-6a1f-488a-92a8-a826d07f7bef,Critical Leadership Training - 03 New Manager 101,"Guides new managers through building credibility, earning respect from former peers, communicating purpose, and developing leadership capital.","<p>Prepares newly promoted managers for the transition to leadership, covering performance excellence, regular communication, relationship building, and proactive initiative. Five fill-in-the-blank knowledge checks.</p>",,Relationships; Extreme Ownership; Humility; Decision-Making; Why; Team Morale; Stratagy; Leadership; Empower Your Team,
GSL Academy,4ec26975-96c8-4a17-9fa6-a9bfe5be5844,Values Driven Leadership - 16 Make a Habit of Motivation,"Build sustainable motivation habits through goal-setting, celebrating small wins, maintaining a growth mindset, and leading by example.","<p>Seven-lesson chapter on making motivation a daily practice. Covers five personal motivation strategies (clear goals, celebrating wins, growth mindset, starting strong, consistency over intensity) and four leadership motivation strategies (connect effort to impact, recognize effort, model enthusiasm, keep goals visible). Includes matching exercises and knowledge checks.</p>",Continuous Improvement; Respect For People,Mentor; Communication; Coaching; Field Leadership; Team Morale; Leadership; Team Leadership; Mentorship; Recognition,
GSL Academy,b5f46f65-f5b6-4d8e-9c52-aa0107e03e73,"Field Leadership – Skills, Traits, & Responsibilities - 12 Using Tool and Technology","Explore how tablets, smartphones, cloud storage, and digital checklists improve efficiency and safety on the jobsite.","<p>Introduces field technology tools including tablets, smartphones, cloud storage, and digital inspection checklists. Learners evaluate how these technologies streamline processes and enhance safety.</p>",,Computer Skills; Communication; Project Management; Data Management,
GSL Academy,9ea219b2-f561-4bc0-9bf7-ab8d93437ef5,Motivating Your Team,Strategies for understanding what motivates your team and applying proven techniques to increase engagement and performance.,"<p>Explores intrinsic and extrinsic motivation, teaches managers how to identify individual motivators through observation and direct inquiry, and provides six strategies for increasing employee motivation. Covers job satisfaction factors, autonomy, meaningful work, challenge calibration, and celebrating wins through recognition and rewards. Includes interactive scenarios and knowledge checks.</p>",,Emotional Intelligence; Discipline; Mentor; Communication; Growth; Motivation; Empowerment; Performance; Coaching; Positivity; Field Leadership,
GSL Academy,f1c2f822-88a9-4372-8ca2-ad2aa58c3592,Safety Coordinator - 10.0 Injury & Case Management,"Learn GSL's injury and case management procedures, including first response priorities and documentation requirements.","<p>Covers injury and case management protocols: prioritizing medical attention, securing the scene, completing paperwork, and coordinating with the Safety Director. Knowledge check.</p>",,First Aid; Injury & Case Management; Action; Safety Culture,
GSL Academy,790f478d-a951-425f-82b1-ad6f711c3f9e,"Preventing Slips, Trips and Falls","Learn to recognize and prevent common slip, trip, and fall hazards in the workplace.","<p>Video-based course covering identification and prevention of slip, trip, and fall hazards on job sites.</p>",,Slips; Falls; Trips; Safety,
GSL Academy,b5d768ca-44fd-4699-a251-adc1a48ed060,Values Driven Leadership -  08 Effective Communication,"Master real-time communication, create an environment for open dialogue, and elevate your meetings as a leader.","<p>Four-part chapter covering: communicating in real time (setting expectations, leading by example, removing barriers), creating communication-friendly environments (psychological safety, respectful listening, consistency, confidentiality), and elevating meetings (purpose, agenda, right attendees, materials). Includes matching exercises and knowledge checks.</p>",Respect For People,Mentor; Communication; Coaching; Field Leadership; Team Morale; Leadership; Team Leadership; Mentorship,
GSL Academy,e70ad93e-0560-4f7b-89f7-b1b6e20d1cc8,Safely Accessing a Scaffold,Learn safe methods for accessing and climbing scaffold platforms on the job site.,<p>Video-based course covering safe scaffold access including proper climbing techniques and access point requirements.</p>,,Scaffolding; Safety,
GSL Academy,9cee44f3-f2ed-4305-b401-b509fdbcbd34,Leading With Emotional Intelligence - 05 Developing Empathy,"Learn the difference between sympathy and empathy, and develop five practical techniques for building empathetic connections with others.","<p>Distinguishes sympathy from empathy within the social competence framework. Teaches five techniques: active listening, being present, getting curious, perspective-taking, and relating to feelings. Interactive exercises.</p>",,Active Listening; Emotional Understanding; Empathy,
GSL Academy,fd58f06c-6d7e-4881-9bee-b57edef170c4,Hazard Communication,"Comprehensive HazCom training covering the GHS system, chemical hazards, container labels, pictograms, safety data sheets, and the written HazCom plan.","<p>10-lesson thorough HazCom training: written HazCom plan, GHS system, chemical hazard types, container labels, hazard/precautionary statements, pictograms, and safety data sheets. Nine-question cumulative quiz. Video-based.</p>",,Communication; Hazards; OSHA; Safety,
GSL Academy,5aded7f7-4454-407f-883f-b5a1cf4b3155,Using Portable and Fixed Ladders,"Safe use, inspection, and setup of portable and fixed ladders in construction and industrial environments.","<p>Video-based lesson on ladder safety covering proper inspection, setup angles, three-point contact, weight limits, and safe climbing practices for both portable and fixed ladders.</p>",,Ladders; Safety,
GSL Academy,a44c5bef-6b05-409b-9bfc-b64b4f6b9e1c,Customer Success Management (CPD Certified),"Every business wants new customers, right? New customers mean you’re creating great products and services that people want to buy. Except, what happens when those customers drift away, tempted by shiny new competitors and fresh gimmicks? That’s where customer success management comes in.Customer success management, or CSM, is about engaging with customer challenges or questions and being proactive about solutions. It’s a way of holding on to customers, building satisfaction, and increasing loyalty. This course will give you an introduction.OUTLINE LEARNING OBJECTIVES:Recognise the differences between customer support and customer success to boost customer satisfactionRecognise the key responsibilities of a customer success manager to clarify how they can help your company achieve its desired outcomesCreate a customer success strategy to suit your customers and their needsWHY TAKE THIS COURSE?All customer success managers or business owners need to understand and invest in customer success. This course will show the difference between customer support and customer success, the key responsibilities of a customer success manager, and how to create your own CSM strategy.","<p>Every business wants new customers, right? New customers mean you’re creating great products and services that people want to buy. Except, what happens when those customers drift away, tempted by shiny new competitors and fresh gimmicks? That’s where customer success management comes in.<br /><br />Customer success management, or CSM, is about engaging with customer challenges or questions and being proactive about solutions. It’s a way of holding on to customers, building satisfaction, and increasing loyalty. This course will give you an introduction.</p><p><strong>OUTLINE LEARNING OBJECTIVES:</strong></p><ul><li>Recognise the differences between customer support and customer success to boost customer satisfaction</li><li>Recognise the key responsibilities of a customer success manager to clarify how they can help your company achieve its desired outcomes</li><li>Create a customer success strategy to suit your customers and their needs</li></ul><p><strong>WHY TAKE THIS COURSE?</strong></p><p>All customer success managers or business owners need to understand and invest in customer success. This course will show the difference between customer support and customer success, the key responsibilities of a customer success manager, and how to create your own CSM strategy.</p>",,Business Development; CSM; Strategy; Customer Success; Customer Strategy; Customers; Customer Satisfaction,
GSL Academy,37b4fdad-8f14-439c-a0f0-b841755c3ade,Values Driven Leadership -  10 Planning Your Next Play,"Learn Coach K's ""next play"" philosophy -- responding to setbacks with strategy instead of emotion, and building a culture of forward momentum.","<p>Teaches the difference between reacting and strategizing, viewing failure as a learning opportunity, and taking strategic pauses to reflect and recalibrate. Builds a ""next play"" culture where the team moves forward rather than dwelling on losses. Includes knowledge checks.</p>",Continuous Improvement; Respect For People,Mentor; Communication; Coaching; Field Leadership; Team Morale; Leadership; Team Leadership; Mentorship,
GSL Academy,d6649365-fb9f-4ed0-8987-b95cef3a9b0c,Supported Scaffolds and OSHA Regulations,"Learn the OSHA regulations governing supported scaffold construction, use, and inspection.","<p>Video-based course covering OSHA regulatory requirements for supported scaffolds: construction standards, load requirements, and inspection obligations.</p>",,Scaffolding; OSHA; Safety,
GSL Academy,b351dd7a-5a4a-4cc2-b9da-bc9388736cc0,Safety Coordinator - 6.0 Project Planning & Identifying Hazards,Learn to identify project hazards during planning using the T.R.A.C.K. system and documented risk assessments.,"<p>Covers hazard identification during project planning, T.R.A.C.K. system, and client-required self-task assessments. Documented risk assessments required before task execution. Knowledge check.</p>",,Forecasting; Risk Assessment; Planning; Safety Coordinator; Hazards; Safety,
GSL Academy,ab345a5f-ae04-49ef-975c-bd511d653b9d,Complex Lockout-Tagout Procedures,Learn complex lockout-tagout procedures for safely controlling hazardous energy on equipment with multiple energy sources or shared systems.,"<p>Covers complex LOTO procedures including scenarios involving multiple energy sources, group lockout situations, and shift changes. Video-based multimedia.</p>",,Lockout Tagout; Safety,
GSL Academy,1f769a67-7133-44cc-9f27-bd87375aa8ff,Introduction to Lean Construction - 03 Productivity in Construction,"Examines construction productivity trends, the types of productivity, and key challenges facing the industry.","<p>Explores why construction productivity has lagged behind other industries, distinguishing between overall project productivity and workface productivity. Learners examine challenges like labor shortages and identify key phases for productivity enhancement through knowledge checks.</p>",Lean Fundamentals; Process Management,Lean Construction; Productivity,
GSL Academy,6b9b7ef6-9c36-432b-b776-be8998f17f81,"Qualified Person - Workplace Inspections, Pre-Task Assessments, Briefings","Learn to conduct workplace inspections, pre-task safety assessments, and crew safety briefings as part of the safety coordinator role.","<p>Covers the safety coordinator's responsibilities for workplace inspections, pre-task hazard assessments, and safety briefings. Includes when energized work is permitted, tasks exempt from energized work permits, and safety meeting content requirements. Knowledge check quizzes included.</p>",,Qualified Person; Work Area Inspections; Electrical Safety,
GSL Academy,8a3a9468-cb2a-4a48-b3c6-bf20cdbaf5ec,Field Leadership - Anatomy of a Project,"Learn the anatomy of a construction project from job planning through trade coordination, document management, manpower projection, and job closeout.","<p>Comprehensive course covering the full project lifecycle: job plan theory, jobsite efficiency and the 30-30 rule, coordinating with other trades, document management, manpower projection, and job closeout. Knowledge checks and 14-question final quiz.</p>",,Forecasting; Planning; Productivity; Documentation; Projections,
GSL Academy,a6505565-f8fc-48d1-90ea-bf2ca23164be,Leading With Emotional Intelligence -04 Increasing Self-Motivation,"Learn to increase intrinsic self-motivation through achievement drive, commitment, initiative, and optimism, with SMART goals and controlling self-talk.","<p>Covers self-motivation within personal competence. Distinguishes intrinsic from extrinsic motivation, covers four benefits and five techniques: defining your ""whys,"" SMART goals, celebrating wins, avoiding comparisons, and controlling self-talk. Matching quiz.</p>",,Motivation; Goal-setting; Positive Mindset,
GSL Academy,aa6013a3-5ab2-424e-8cc2-bfb23d25cb3b,Introduction to Lean Construction - 01 Embracing Lean Productivity,Introduces the concept of lean productivity and sets the foundation for applying lean principles in construction.,"<p>Introductory chapter providing an overview of lean productivity concepts as they apply to the construction industry. Uses images, text, and multimedia to frame the mindset shift needed to embrace lean thinking.</p>",Lean Fundamentals,Productivity Boost; Lean Methods,
GSL Academy,c621dd7b-9170-43b7-9283-c111853df1f5,Overcoming the Fear of Public Speaking: Effective Presentations Skills #1,"Overcoming the Fear of Public Speaking is designed to help you understand why public speaking feels so scary, and how to move through that fear with confidence. You’ll learn where the fear comes from, how to shift your mindset, and what steps to take before, during, and after a speech to feel more in control.In this video-based experience, you’ll explore practical strategies like using deep breathing, reframing negative thoughts, and preparing effectively without relying on memorization. You’ll also try out simple exercises to calm your body and build real-world confidence, one small action at a time.By the end, you’ll walk away with tools that help you speak clearly and calmly, even when nerves show up. Whether you’re giving a toast, presenting at work, or just speaking up in a meeting, this learning journey will help you be heard, without needing to be perfect. Your voice matters, and it’s time others hear it.","<p><em>Overcoming the Fear of Public Speaking</em> is designed to help you understand why public speaking feels so scary, and how to move through that fear with confidence. You’ll learn where the fear comes from, how to shift your mindset, and what steps to take before, during, and after a speech to feel more in control.</p><p>In this video-based experience, you’ll explore practical strategies like using deep breathing, reframing negative thoughts, and preparing effectively without relying on memorization. You’ll also try out simple exercises to calm your body and build real-world confidence, one small action at a time.</p><p>By the end, you’ll walk away with tools that help you speak clearly and calmly, even when nerves show up. Whether you’re giving a toast, presenting at work, or just speaking up in a meeting, this learning journey will help you be heard, without needing to be perfect. Your voice matters, and it’s time others hear it.</p>",,Communication; soft skills; Public Speaking; presentation skills,
GSL Academy,c0c5dcaf-91b7-473c-8be1-c1571efe845b,Introduction to Lean Construction - 13 Pull Planning,"Learn the principles of pull planning, including collaboration, minimized buffers, and engaging trade contractors for reliable workflows.","<p>Covers pull planning as a lean construction scheduling method, contrasting it with traditional scheduling. Explores collaboration, minimized buffers, and trade contractor engagement for reliable workflows.</p>",Pull Planning,Scheduling Reliability; Pull Planning,
GSL Academy,801a8274-4c6b-4f4e-bba6-c8fd2c7fee81,Introduction to planning and Controlling Hazards - T.R.A.C.K.,"Learn the T.R.A.C.K. hazard control method: Think through the task, Recognize hazards, Assess risks, Control hazards, and Keep safety as a value.",<p>Eight lessons covering GSL's T.R.A.C.K. framework. Each step covered in detail with video content. 10-question final quiz.</p>,,Communication; Planning; Hazards; OSHA,
GSL Academy,71a720f9-2d8e-4506-bfd0-c91959eee8cc,The Written Hazard Communication Plan,Overview of the employer's written hazard communication plan and its role in workplace chemical safety compliance.,<p>Short video-based lesson on the written hazard communication plan required under OSHA's HazCom standard. Part of the broader Hazard Communication training series.</p>,,Communication; Planning; Hazards; Safety,
GSL Academy,301023d2-d6a3-41ff-adbd-cbc4149c647f,"Field Leadership - Skills, Traits, & Responsibilities - 06 Introduction to Team Management","Learn core team management competencies including clear communication, delegation, conflict resolution, motivation, and team development.","<p>Introduces five team management fundamentals: communication and transparency, delegation based on strengths, conflict resolution, motivation through recognition, and ongoing training. Matching assessment.</p>",,Mentor; Communication; Delegation; Motivation; Conflict Resolution,
GSL Academy,d8d320e3-6b27-45c3-a257-cde5a8f54bc2,"Field Leadership - Skills, Traits, & Responsibilities - 08 Introduction to Effective Communication ","Learn the fundamentals of effective communication including active listening, nonverbal cues, verbal and written communication, and constructive feedback.","<p>Introduces five communication competencies for construction foremen: active listening, nonverbal communication, verbal communication, written communication, and constructive feedback. Matching assessment.</p>",,Feedback; Responsibility; Communication; Team Morale; Listening,
GSL Academy,801ad778-9fe0-4685-a6e7-d0dbe897ed1c,MSHA 24-Hour New Miner Surface Mining Course,"This course meets MSHA Part 46 requirements for new surface miners, providing 24 hours of essential safety instruction before beginning work. Participants learn hazard recognition, emergency procedures, miners’ rights and responsibilities, safe work practices, and the use of protective equipment to ensure a safe start in the mining industry.","<p data-end=""457"" data-start=""81"">This course provides the <strong data-end=""224"" data-start=""161"">required 24 hours of safety training for new surface miners</strong> in accordance with <strong data-end=""312"" data-start=""244"">Mine Safety and Health Administration (MSHA) Part 46 regulations</strong>. It is designed for individuals who are beginning work in the mining industry and must complete training before engaging in mining operations.</p>
<p data-end=""936"" data-start=""459"">The program covers a wide range of topics to prepare new miners for safe and effective work on site. Participants will learn about hazard recognition, miners’ rights and responsibilities, workplace safety policies, emergency response procedures, first aid basics, and proper use of personal protective equipment (PPE). The training also addresses safe work practices around heavy equipment, traffic control, fire prevention, environmental hazards, and reporting requirements.</p>
<p data-end=""1149"" data-start=""938"">Through interactive instruction and practical discussions, new miners gain the knowledge and confidence needed to identify risks, follow established safety protocols, and contribute to a safe work environment.</p>
<p data-end=""1342"" data-start=""1151"">Upon completion of the full 24 hours, participants will meet <strong data-end=""1254"" data-start=""1212"">MSHA’s mandatory training requirements</strong> and receive documentation certifying them to begin work in surface mining operations.</p>",,MSHA 24-Hour New Miner,
GSL Academy,8588f769-ba29-4d53-8a4e-d1fbac80befb,A Commitment to Zero Broken Lives-  New Hire Safety Orientation,"GSL Electric's safety orientation for new hires, built around our commitment to zero broken lives on every jobsite.","<p>This course is GSL Electric's new hire safety orientation. It introduces new employees to GSL's safety culture and the 'Zero Broken Lives' commitment — the belief that every worker goes home safe every day. Topics include safety expectations, reporting procedures, personal protective equipment basics, and your role in maintaining a safe work environment. Required for all new hires before their first day on a jobsite. On completion, you earn the skill Safety Responsibility. This is a Foundational-level mandatory orientation course.</p>",,Safety Protocols; Safety Culture; Culture; Expectations & Onboarding; Safety,"{'CompetencyId': '44bad86f-38c2-41b6-9c76-8769be5cc5af', 'LevelId': '70bfd597-27fc-45ee-a89e-1bb8d0ed1a96'}"
GSL Academy,ea1712bd-6ea4-46d3-99a9-d1fe0200439a,Fall Protection In Industrial And Construction Environments,"Comprehensive fall protection covering slips/trips/falls, edges and openings, ladders, scaffolding, and personal fall arrest systems.","<p>Multi-module course covering the full spectrum of fall protection. Topics include preventing slips, trips, and falls; guarding edges and openings; safe use of portable and fixed ladders; working safely on scaffolding; and personal fall protection systems including PFAS. Primarily video-based with an 11-question true/false knowledge check.</p>",,Ladders; Slips; Scaffolding; Falls; Trips; Hazards; OSHA; Safety,
GSL Academy,f8ed96c8-bd3c-4b32-b5ca-d5724528dfbd,Techniques for Better Communication and Feedback ,"Learn communication techniques, active listening, non-verbal cues, and constructive feedback strategies for field leaders.","<p>Covers communication fundamentals: barriers, non-verbal cues (58% of message delivery), active listening, and constructive feedback for improving productivity. Five knowledge checks.</p>",,,
GSL Academy,9265fd20-13a8-4180-b6b4-d57e3b3eb49a,Safety Coordinator - 3.0 Employee Safety Orientation,"Learn how to deliver employee safety orientations, including required forms and their purposes.","<p>Covers conducting effective orientations, required forms (Introduction to Work Area, Emergency Notification, Voluntary Prescription Drug), and their purposes. Matching exercise.</p>",,Orientation; Safety Coordinator; Safety,
GSL Academy,18060e6b-8c3a-44f4-b3e9-d6cae3cc8ff4,Critical Leadership Training Class,"Develop battle-tested leadership skills with Silver Star recipient and former Navy SEAL officer Jocko Willink. Learn Jocko’s four laws of leadership and his most critical tools for making better decisions, empowering your teams, and more.","<p data-pm-slice=""1 1 []"">The 'Critical Leadership Training' course by Jocko Willink provides essential principles and tools for effective leadership in high-pressure environments. It emphasizes accountability, team empowerment, and the universal applicability of leadership skills.</p>",,Focus; Emotional Intelligence; Discipline; Empowerment; Performance; Trust; Collaboration; Accountability; Autonomy; Respect; Adaptability,
GSL Academy,d2a739f9-c61d-44a1-821f-d7623bac67d4,Corrective Counseling and Performance Reviews,"Comprehensive training on evaluations, motivation, conflict resolution, progressive discipline, handling resistance, documentation, and building accountability.","<p>Extensive 17-lesson course covering the full performance management lifecycle: evaluations using the SBI framework, intrinsic/extrinsic motivators, conflict resolution, corrective counseling with progressive discipline, dealing with resistance, documentation, and building accountability. Each topic includes a quiz.</p>",,Feedback; Morale; Performance; Field Leadership; GSL Policies; Evaluations,
GSL Academy,de014c31-33b0-48b0-a1b4-da783c959f8d,Learning Accubid Pro,"Learn to use Trimble Accubid Pro from user interface basics through creating assemblies, managing databases, and generating reports.","<p>Extensive 39-lesson course covering the full Accubid Pro workflow: UI navigation, database/job directories, item entry, assemblies, labor/material adjustments, bid summary, reporting, and advanced functions. Knowledge checks throughout.</p>",,Accubid; Estimating,
GSL Academy,cbecb4d3-2f67-4aed-9f96-dd326eb9c624,Safety Coordinator - 7.0 Safety Inspections,"Learn how to conduct safety inspections to identify hazards, verify equipment safety, and maintain OSHA/MSHA compliance.","<p>Covers conducting effective safety inspections: hazard identification, tool/equipment verification, and OSHA/MSHA compliance. Knowledge check.</p>",,Inspections; Vehicle/Equipment Inspections; Work Area Inspections; Assured Grounding,
GSL Academy,813f5602-2b6d-48af-9763-de1d2f556ed7,Introduction to Lean Construction - 10 - Identifying Waste in Construction,"Learn to identify the key categories of waste in construction, including unnecessary movement, defects, and inefficient workflows.","<p>Teaches learners to recognize specific types of waste in construction projects, such as unnecessary movement of people, defects in products, and inefficient workflows. Knowledge checks reinforce identification and minimization strategies.</p>",Waste Management; Lean Fundamentals,Efficiency; Waste Identification,
GSL Academy,9c7cb345-119c-4829-a266-dec9d6424991,Mastering the Art of Giving and Receiving Feedback - Beginner,"Effective feedback is a cornerstone of professional growth, meaningful collaboration, and overall success in the business world. In this course, we’ll take a deep dive into the various types of feedback and explore communication strategies that will empower you to navigate feedback conversations with confidence, clarity, and finesse. Through practical insights and expert guidance, you’ll learn to differentiate between constructive feedback and positive encouragement, understanding how and when to use each effectively. You’ll also develop the tools to establish systems of feedback loops with your team, fostering continuous improvement, open dialogue, and trust in your professional relationships. By the end of this course, you will be equipped to: •	Establish and maintain feedback loops within your team or organization •	Deliver feedback in a way that is actionable, meaningful, and well-received •	Handle situations where feedback is requested, deciding when and how to provide constructive input •	Identify scenarios when feedback might not be beneficial or appropriate Feedback is an integral part of professional interactions, but knowing how, when, and what to communicate makes all the difference. This course will give you the confidence to approach feedback with purpose, enhance your workplace relationships, and contribute to a more positive and productive work environment. Start today and transform the way you communicate!","<p>Effective feedback is a cornerstone of professional growth, meaningful collaboration, and overall success in the business world. In this course, we’ll take a deep dive into the various types of feedback and explore communication strategies that will empower you to navigate feedback conversations with confidence, clarity, and finesse. </p><p>Through practical insights and expert guidance, you’ll learn to differentiate between constructive feedback and positive encouragement, understanding how and when to use each effectively. You’ll also develop the tools to establish systems of feedback loops with your team, fostering continuous improvement, open dialogue, and trust in your professional relationships. </p><p>By the end of this course, you will be equipped to: </p><p>•	Establish and maintain feedback loops within your team or organization </p><p>•	Deliver feedback in a way that is actionable, meaningful, and well-received </p><p>•	Handle situations where feedback is requested, deciding when and how to provide constructive input </p><p>•	Identify scenarios when feedback might not be beneficial or appropriate </p><p>Feedback is an integral part of professional interactions, but knowing how, when, and what to communicate makes all the difference. This course will give you the confidence to approach feedback with purpose, enhance your workplace relationships, and contribute to a more positive and productive work environment. Start today and transform the way you communicate!</p>",,Brazil); Portugues; Latin); European); Chines; Vietnamese; Turkish; Hindi; Thai; Russian; Dutch; Frenc; German; Japanese; Arabic; Italian; Traditional); French; Simplified); Canadian); English; Indonesian; Spanis; Korean,
GSL Academy,4a96a0ec-a745-4238-8c5e-dedb38443db3,Problem Solving With Your Team,"Problem solving: the art of identifying an issue and coming up with a solution. The “identifying an issue” part is easy. Often, problems just land in our laps. The more difficult piece is knowing there’s an issue, simple or complex, and developing a way to either fix the problem or work around it. In this course, we’ll talk about how to develop your team’s ability to problem solve. We’ll talk about why problem solving is important and how having that skill is beneficial to any workplace.","<p>Problem solving: the art of identifying an issue and coming up with a solution. The “identifying an issue” part is easy. Often, problems just land in our laps. The more difficult piece is knowing there’s an issue, simple or complex, and developing a way to either fix the problem or work around it. In this course, we’ll talk about how to develop your team’s ability to problem solve. We’ll talk about why problem solving is important and how having that skill is beneficial to any workplace.</p>",,Supervision; Problem solving,
GSL Academy,d53b8448-b081-43d6-a488-df0f826585f7,Values Driven Leadership -  07 The Ultimate Motion Offense,"Learn Coach K's motion offense philosophy -- keeping your team proactive, adaptable, and unified through shared ownership and trust.","<p>Uses basketball's motion offense as a leadership metaphor. Covers staying in motion (proactive problem-solving), reading and reacting to situations, and trusting the process. Teaches building trust through shared ownership, open feedback, and celebrating shared wins. Includes knowledge checks and a quiz.</p>",Continuous Improvement; Respect For People,Mentor; Coaching; Field Leadership; Team Morale; Leadership; Team Leadership; Mentorship,
GSL Academy,6fb227c4-398f-4de1-b09b-e03e14075357,On-Site Productivity,"Learn a complete system for maximizing on-site productivity covering materials handling, site management, just-in-time delivery, pre-planning, and team building.","<p>Ten-lesson course: productivity fundamentals, materials handling, site management, just-in-time delivery, project pre-planning with GSL's six-step process, team building, and field-office alignment. Multiple knowledge checks.</p>",Continuous Improvement,,
GSL Academy,a2b62df3-6231-4abb-b5e6-e07a478e6280,Introduction to Lean Construction - 09 The Adoption of a New Production Theory,Explores why the construction industry resists lean adoption and how unified goals and continuous learning drive successful implementation.,"<p>Addresses the barriers to adopting lean production theory in construction, including lack of cohesive planning and industry resistance. Examines why unified goals and continuous improvement are essential for success.</p>",Lean Fundamentals; Industry Transformation,Systemic Adoption; Lean Theory,
GSL Academy,be88ea29-84c9-4678-8fce-e14cff6dd4c1,Introduction to Lean Construction - Chapter 15 Continuous Improvement,"Learn the continuous improvement cycle in lean construction, including front-line input, cross-trade coordination, and technology-driven waste elimination.","<p>Covers the continuous improvement process in lean construction, emphasizing the identify-plan-execute cycle, front-line worker input, and cross-trade discussions. Explores how technologies help identify and eliminate waste.</p>",Continuous Improvement; Lean Fundamentals,Waste Reduction; Continuous Improvement,
GSL Academy,bbb75249-3ced-477d-841d-e2428c1f1eeb,Introduction  to Field Leadership Section - 4 Policy,"Learn GSL's key workplace policies covering substance abuse, FMLA, harassment prevention, and the Employee Assistance Program.","<p>Covers four critical workplace policies: substance abuse testing, FMLA eligibility and leave, harassment/discrimination/retaliation prevention, and the EAP. Knowledge checks and 8-question quiz.</p>",,Communication; Performance; Field Leadership; Documentation; Leadership; Accountability,
GSL Academy,0ee56c51-9acf-4dca-ac60-e32a0b6fb026,Critical Leadership Training - 06 Leadership Law 1:  Cover and Move,"Learn the Cover and Move leadership law focusing on teamwork, mutual support across departments, and preventing team burnout.","<p>Teaches the Cover and Move principle, emphasizing identifying team weak spots, communicating across departments, and collective responsibility. Covers strategies for preventing burnout. Matching quiz.</p>",,Responsibility; Communication; Teamwork; Laws of Leadership; Empower Your Team; Team Leadership,
GSL Academy,a267c77e-89fa-4175-84a1-e49a7dc5c60b,"Field Leadership – Skills, Traits, & Responsibilities - Course","This section of the New Foreman Training Program is designed to introduce new foremen to the key roles, responsibilities, and skills required to excel in their position. It covers the essential duties of a foreman, including project planning and execution, safety management, quality control, team management, documentation and reporting, time management, and maintaining team morale. ","<p data-pm-slice=""1 1 []"">This course equips new foremen with the essential skills, traits, and responsibilities needed for effective field leadership in construction projects. Key topics include project planning, safety management, quality control, team dynamics, and the use of tools and technology.</p>
<ol>
<li data-pm-slice=""1 1 []"">
<p data-pm-slice=""1 1 []""><strong>Understand the foreman's role</strong>. Effective leadership involves managing projects, ensuring safety, and fostering team collaboration.</p>
</li>
<li data-pm-slice=""1 1 []"">
<p data-pm-slice=""1 1 []""><strong>Prioritize safety management</strong>. Promoting a safety culture and adhering to regulations are critical for preventing accidents.</p>
</li>
<li data-pm-slice=""1 1 []"">
<p data-pm-slice=""1 1 []""><strong>Master communication skills</strong>. Clear communication and active listening enhance team alignment and project success.</p>
</li>
<li data-pm-slice=""1 1 []"">
<p data-pm-slice=""1 1 []""><strong>Leverage tools and technology</strong>. Utilizing the right tools improves efficiency, accuracy, and team collaboration.</p>
</li>
<li data-pm-slice=""1 1 []"">
<p data-pm-slice=""1 1 []""><strong>Focus on documentation</strong>. Accurate reporting and thorough record-keeping ensure accountability and project tracking.</p>
</li>
<li data-pm-slice=""1 1 []"">
<p data-pm-slice=""1 1 []""><strong>Implement effective time management</strong>. Task prioritization, time blocking, and delegation are key to meeting deadlines.</p>
</li>
<li data-pm-slice=""1 1 []"">
<p data-pm-slice=""1 1 []""><strong>Foster team morale</strong>. Recognizing achievements and understanding individual motivations boost productivity and satisfaction.</p>
</li>
</ol>
<p data-pm-slice=""1 1 []"">By applying these principles, you can lead your team to success and ensure the smooth execution of construction projects.</p>",,Reporting; Planning; Field Leadership; Time Management; Quality Control; Team Morale; Documentation; Leadership; Team Leadership; Safety,
GSL Academy,0d7c8b84-d052-41e0-b654-e4c10976eab1,Critical Leadership Training - 07 Leadership Law 2:  Keep it Simple,"Learn how simplicity reduces confusion, prevents errors under pressure, and improves team execution through the Prioritize-Clarify-Execute framework.","<p>Covers why simplicity matters in leadership, how complexity causes miscommunication, and the Prioritize-Clarify-Execute framework. Focus on three to four key priorities at a time. Interactive activities and knowledge check.</p>",,Communication; Decision-Making; Laws of Leadership; Stratagy; Leadership; Empower Your Team,
GSL Academy,de63251a-fffa-4ec7-a8a7-e5aae9c40254,Lockout Tagout Procedures - Return To Service Procedures,Learn the proper procedures for safely returning electrical equipment to service after lockout-tagout.,"<p>Covers step-by-step procedures for restoring equipment to energized state after LOTO. Text, multimedia, and images.</p>",,Energize; Quality Check; Inspection; Return to Service,
GSL Academy,c3b7c83c-4e0e-4239-b4c9-e6a838c65131,Information Found on Container Labels,"Learn how to read and interpret chemical container labels including product identifiers, signal words, and pictograms.","<p>Brief video-based course covering elements of chemical container labels: product identifiers, signal words, hazard statements, precautionary statements, and pictograms.</p>",,Communication; Hazards; OSHA; Safety,
GSL Academy,14f6c887-086c-40d9-95e6-e89216d060c5,Qualified Person - Required Precautions & Practices / Energized Work,"Learn the required precautions, emergency equipment staging, and label reading procedures before performing energized electrical work.","<p>Covers precautions before energized work: verifying hazards with client, staging emergency equipment, and interpreting arc flash/shock labels. Knowledge checks on labels, PPE, and emergency preparedness.</p>",,Qualified Person; Electrical Safety,
GSL Academy,de82c1ca-e0cc-42f1-97c8-eb18e383828c,Values Driven Leadership - 15 Create a Legacy of Leaders,"Define and build your leadership legacy by focusing on who you develop, how you lead, and what you inspire.","<p>Reflection chapter on building a lasting leadership legacy. Covers four legacy pillars (integrity, empowerment, service, vision) and four daily legacy-building actions (focus on who you built, reflect on how you led, consider what you inspired, build your legacy daily). Includes fill-in-the-blank and multiple-response quiz.</p>",Continuous Improvement; Respect For People,Mentor; Communication; Coaching; Field Leadership; Team Morale; Leadership; Team Leadership; Mentorship,
GSL Academy,25064ee5-53af-4ff7-80bf-ed4dad01a8a4,Introduction to Lean / 8 Types of Waste,"This  lesson lays the foundation for understanding Lean as both a practical system and a powerful way of thinking. You’ll discover what Lean truly means, explore its purpose, and examine how it helps organizations eliminate waste, improve flow, and deliver more value to customers. The course walks through the origins of Lean, dispels common misconceptions, and shows how Lean applies far beyond manufacturing in construction industry. You’ll also learn why Lean is more than just tools; it’s a people-centered approach rooted in continuous improvement, respect, and purposeful problem-solving. Whether you're new to Lean or looking to reinforce your understanding, this lesson will help you see Lean not as a one-time project, but as a long-term commitment to doing more of what matters.","<div aria-label=""What is &quot;LEAN&quot;"" tabindex=""0""><span data-automation-value=""0"" data-automationid=""ViewCourse"">What is ""LEAN""</span>This learning item is set as required to complete the course.<span data-automationid=""RequiredForCompletionHint""></span></div>
<p>Learning item descriptionThis  lesson lays the foundation for understanding Lean as both a practical system and a powerful way of thinking. You’ll discover what Lean truly means, explore its purpose, and examine how it helps organizations eliminate waste, improve flow, and deliver more value to customers. The course walks through the origins of Lean, dispels common misconceptions, and shows how Lean applies far beyond manufacturing in construction industry. You’ll also learn why Lean is more than just tools; it’s a people-centered approach rooted in continuous improvement, respect, and purposeful problem-solving. Whether you're new to Lean or looking to reinforce your understanding, this lesson will help you see Lean not as a one-time project, but as a long-term commitment to doing more of what matters.</p>",Lean Fundamentals,Waste Reduction; Waste Identification; Waste Elimination; Lean Principles,
GSL Academy,5ac950ff-2c03-4898-8328-ef342fe343f8,Introduction  to Field Leadership Section - 3 Leadership,This course is designed to provide you with practical knowledge and skills essential for effective leadership in the field.,"<p data-pm-slice=""1 1 []"">Welcome to <strong>Introduction to Field Leadership: Section 3 - Leadership</strong>!  This course is designed to provide you with practical knowledge and skills essential for effective leadership in the field. As a leader, your role goes beyond supervising tasks—it's about inspiring your team, managing challenges, and creating a productive work environment.</p>
<p>In this section, you will explore key leadership topics such as effective communication, time management, conflict resolution, employee motivation, and ethical decision-making. These lessons will equip you with tools to handle real-world challenges, foster a positive team culture, and drive successful project outcomes. By the end of the course, you'll be prepared to lead with confidence, adaptability, and professionalism in any field environment.</p>",,Discipline; Empowerment; Trust; Collaboration; Accountability; Respect,
GSL Academy,91415876-61c7-4790-8a63-f2e3ced44e61,Values Driven Leadership - 13 Give Feedback,"Master the art of giving effective feedback -- timely, specific, actionable, balanced, and delivered as a gift, not a judgment.","<p>Five-lesson chapter on feedback as a leadership tool. Covers the five qualities of great feedback (timely, specific, actionable, balanced, gift-not-judgment), three feedback delivery methods (real-time, scheduled check-ins, two-way conversations), and practice scenarios. Includes knowledge checks.</p>",Continuous Improvement; Respect For People,Mentor; Communication; Coaching; Field Leadership; Team Morale; Leadership; Team Leadership; Mentorship,
GSL Academy,41de1569-6c06-4042-b07c-f39194118ab2,Approving Change Orders in ViewPoint,Step-by-step process for approving change orders in ViewPoint's Project Management module.,"<p>Covers the workflow for approving change orders in ViewPoint, including setting up contract items, associating change orders with bill groups, entering retainage percentages, and verifying approvals in the PM module. Includes a knowledge check.</p>",,Computer Skills,
GSL Academy,4da978b6-462b-4988-afd0-f3be5f456c88,Critical Leadership Training  - Introduction,"Comprehensive leadership training covering what makes a leader, extreme ownership, the four laws of leadership, team building, and new manager skills.","<p>Full 13-lesson Critical Leadership program: what makes a leader, leadership as human interaction, New Manager 101, building effective teams, extreme ownership, and the four laws of leadership (Cover and Move, Keep It Simple, Prioritize and Execute, Decentralized Command). Extensive quizzes.</p>",,Extreme Ownership; Humility; Decision-Making; Leadership; Empower Your Team; Accountability,
GSL Academy,28bffdb3-6a76-4847-bdc7-f460674618a1,Values Driven Leadership - 17  Bounce Back from a Loss,"Develop resilience as a leader -- learn to identify growth in setbacks, adjust strategies without abandoning goals, and model resilient behavior.","<p>Six-lesson chapter on leading through adversity. Covers four personal resilience strategies (identify growth opportunities, adjust strategies not goals, visualize future wins, reflect/adjust/refocus) and leader resilience modeling (stay calm, discuss lessons openly). Includes knowledge checks and a quiz.</p>",Continuous Improvement,Growth; Positivity; Resilience,
GSL Academy,472b5963-b611-4536-a594-f7192f5161f9,Critical Leadership Training - 04 Building an Effective Team,"Learn to build effective teams by managing confidence levels, addressing underperformance through escalation of counseling, and distinguishing leadership styles.","<p>Teaches team-building strategies including assigning appropriate challenges for overconfident and underconfident members, and the three-step escalation of counseling for managing underperformance. Four knowledge checks.</p>",,Counseling; Decision-Making; Leadership; Empower Your Team; Team Leadership,
GSL Academy,05f32370-d815-4db2-9941-f76ec0f00e99,Values Driven Leadership -  11 Recruit and Retain All-Stars,"Learn to attract top talent through vision and culture fit, and retain them with meaningful work, growth, feedback, and recognition.","<p>Seven-lesson chapter covering recruitment (leading with vision, hiring for culture fit, prioritizing potential), retention (meaningful work, growth opportunities, honest feedback, recognition), a coach's three must-haves (trust, communication, accountability), and building relationships in recruiting. Includes matching exercises and knowledge checks.</p>",Respect For People,Mentor; Coaching; Field Leadership; Team Morale; Leadership; Team Leadership; Mentorship; Recognition,
GSL Academy,9fa7e12b-de92-4b0a-b023-f7fe0fd29de6,The Art of Presenting,"Learn to handle unexpected situations, manage Q&A sessions, wrap up presentations, and present to virtual audiences.","<p>13-lesson Part 3 covering Chapter 8 (Staying On Your Toes) and Chapter 9 (Almost Done): keeping calm, using silence, Q&A techniques, wrapping up, presentation checklist, and virtual audiences.</p>",,Public Speaking,
GSL Academy,6b536bf3-6e73-4a9f-9cfa-fa2b72f3f02a,Leading With Emotional Intelligence -  03 Boosting Self-Regulation,"Develop self-regulation skills including self-control, trustworthiness, adaptability, and techniques like STOPP and cognitive reappraisal.","<p>Explores the five facets of self-regulation -- self-control, trustworthiness, conscientiousness, adaptability, and innovation -- and provides practical strategies for managing disruptive emotions. Learners practice techniques including the STOPP method and cognitive reappraisal through interactive scenarios.</p>",,Self-Control; Adaptability; Emotional Stability,
GSL Academy,bbb2e3fa-20ac-4790-84f8-fa439d08bd4a,LV Corrective Counseling and Performance Reviews,"This course trains field leaders to prevent workplace issues, motivate employees, resolve conflict, and apply corrective counseling and progressive discipline with professionalism.","<p>The course provides field leaders with proactive leadership tools, focusing on early intervention, honest feedback, and systematic use of corrective counseling. Participants learn to build strong teams, resolve conflict early, and apply discipline only as a well-managed last resort. The emphasis is on prevention, fairness, and consistent follow-through to achieve high-performing teams. Field leaders are equipped to recognize issues before they escalate and to follow a structured process when formal action is necessary, always balancing support with accountability.</p>",Continuous Improvement,Feedback; Morale; Performance; Field Leadership; GSL Policies; Evaluations,
GSL Academy,ac2e322f-2a8f-4b00-a3b5-fb72d5638ae1,"Project Structure, Delegation, and Team Development","Learn to structure your crew, delegate effectively using 10 levels, mentor team members, and use look-ahead planning as a leadership tool.","<p>Seven-lesson course on leading with accountability, org charts, delegation vs empowerment, 10 levels of delegation, mentoring, and three-week look-ahead planning. Matching exercises and interactive scenarios.</p>",,Reporting; Mentor; Planning; Coaching; Field Leadership; Time Management; Quality Control; Organization; Team Morale; Documentation; Leadership; Team Leadership; Mentorship,
GSL Academy,5422de2c-a20b-4356-aaf2-ff44f88eb330,Introduction to Lean Construction - 16 Training the Industry,"Explores the roles of owners, general contractors, and trade contractors in driving lean adoption and the importance of training.",<p>Examines how different stakeholders each play crucial roles in implementing lean production principles. Covers project delivery methods like True IPD and why training is critical to successful lean implementation.</p>,Lean Fundamentals; Industry Transformation,Contractor Education; Lean Training,
Safety Training,a6f35f19-d84a-4308-ba94-0c07e90ce666,Qualified Person Training ,"This instructor-led course teaches employees how to recognize electrical hazards, assess risk, and apply safe work practices in accordance with OSHA, MSHA, and NFPA 70E. Participants will gain the knowledge and skills required to be designated as a Qualified Person under GSL Electric’s Electrical Safety Program.","<h3 data-end=""329"" data-start=""277""><strong data-end=""327"" data-start=""281"">Qualified Person Training (Instructor-Led)</strong></h3>
<p data-end=""816"" data-start=""331"">The <strong data-end=""364"" data-start=""335"">Qualified Person Training</strong> course is an instructor-led program designed to prepare GSL Electric employees to safely perform electrical work on or near energized equipment in accordance with <strong data-end=""558"" data-start=""528"">OSHA 29 CFR 1926 Subpart K</strong>, <strong data-end=""588"" data-start=""560"">MSHA §56.12001–§56.12071</strong>, and the <strong data-end=""658"" data-start=""598"">NFPA 70E Standard for Electrical Safety in the Workplace</strong>. This training fulfills GSL Electric’s requirements for designating employees as <em data-end=""759"" data-start=""740"">Qualified Persons</em> as defined in the company’s Electrical Safety Program.</p>
<p data-end=""1241"" data-start=""818"">Through classroom instruction, demonstrations, and discussion, participants will gain a deep understanding of electrical hazards—including <strong data-end=""998"" data-start=""957"">shock, arc flash, and arc blast risks</strong>—and learn the essential practices and procedures to mitigate them. The training emphasizes safe work practices, hazard identification, and compliance with the hierarchy of risk control methods to reduce potential injury or damage to health.</p>
<p data-end=""1270"" data-start=""1243"">Participants will learn to:</p>
<ul data-end=""2107"" data-start=""1271"">
<li data-end=""1380"" data-start=""1271"">
<p data-end=""1380"" data-start=""1273"">Identify exposed energized electrical conductors and circuit parts and determine nominal system voltages.</p>
</li>
<li data-end=""1490"" data-start=""1381"">
<p data-end=""1490"" data-start=""1383"">Establish and maintain <strong data-end=""1417"" data-start=""1406"">Limited</strong>, <strong data-end=""1433"" data-start=""1419"">Restricted</strong>, and <strong data-end=""1463"" data-start=""1439"">Arc Flash Boundaries</strong> as required by NFPA 70E.</p>
</li>
<li data-end=""1636"" data-start=""1491"">
<p data-end=""1636"" data-start=""1493"">Select and properly use personal protective equipment (PPE), insulated tools, and testing instruments rated for the voltage and energy level.</p>
</li>
<li data-end=""1763"" data-start=""1637"">
<p data-end=""1763"" data-start=""1639"">Perform <strong data-end=""1667"" data-start=""1647"">electrical shock</strong> and <strong data-end=""1702"" data-start=""1672"">arc flash risk assessments</strong>, including required documentation and job safety planning.</p>
</li>
<li data-end=""1942"" data-start=""1764"">
<p data-end=""1942"" data-start=""1766"">Understand and apply the procedures for <strong data-end=""1835"" data-start=""1806"">energized electrical work</strong>, including the <strong data-end=""1876"" data-start=""1851"">Energized Work Permit</strong> process, pre-task assessments, and lockout/tagout verification.</p>
</li>
<li data-end=""2107"" data-start=""1943"">
<p data-end=""2107"" data-start=""1945"">Coordinate with Isolation Officers, Foremen, and the Safety Department to ensure work is performed in an <strong data-end=""2086"" data-start=""2050"">electrically safe work condition</strong> whenever possible.</p>
</li>
</ul>
<p data-end=""2439"" data-start=""2109"">The course also covers the responsibilities of Qualified and Authorized Persons, including decision-making authority, risk evaluation, and communication with host employers during energized work tasks. Participants will review incident response procedures and methods for emergency release in the event of an electrical contact.</p>
<p data-end=""2786"" data-start=""2441"">Upon successful completion, employees will demonstrate the knowledge, skills, and decision-making ability necessary to meet GSL Electric’s definition of a <strong data-end=""2616"" data-start=""2596"">Qualified Person</strong>. Training completion will be documented by the Safety Department and maintained in the employee’s training record in accordance with NFPA 70E 110.4 and company policy.</p>",Electrical Safety; Qualified Person,Risk Assessment; Safety; Planning; Hazards; Hazardous Energy,
Safety Training,55b1e2f0-2268-4cfe-85f4-0e650226f265,Complex Lockout-Tagout Procedures,"This lesson focused on the critical aspects of complex Lockout-Tagout (LOTO) procedures, emphasizing stringent measures for handling multiple hazardous energy sources","<p data-pm-slice=""1 1 []"">This lesson focused on the critical aspects of complex Lockout-Tagout (LOTO) procedures, emphasizing stringent measures for handling multiple hazardous energy sources. Here are some key takeaways:</p>
<ol>
<li>
<p><strong>Differentiate LOTO types</strong>. Understand the distinction between simple and complex LOTO procedures.</p>
</li>
<li>
<p><strong>Utilize checklists effectively</strong>. Always use approved checklists to ensure proper isolation of energy sources.</p>
</li>
<li>
<p><strong>Isolation officers are essential</strong>. Recognize the responsibilities of isolation officers in overseeing complex LOTO processes.</p>
</li>
<li>
<p><strong>Red Master Series locks are crucial</strong>. These locks signify the start and end of lockout procedures, ensuring safety during transitions.</p>
</li>
</ol>
<p>By mastering these elements, you can ensure a safer work environment during maintenance tasks.</p>",Lockout / Tagout,Safety; Lockout Tagout,
Safety Training,692f7610-0f54-4f5a-af8e-1286cfe68d6f,Find new digital ways of working - Storyals,"The world we live in is changing rapidly with new technology enhancements being introduced at a faster pace than ever before. Microsoft 365 is a rich platform with modern productivity and collaboration tools that you can use to get your work done from anywhere. In this learning topic, you will get an overview of the most popular tools in Microsoft 365 and understand how you can use them to work smarter!","<p><iframe width=""400"" height=""225"" allowfullscreen=""allowfullscreen"" frameborder=""0"" mozallowfullscreen=""mozallowfullscreen"" src=""https://player.vimeo.com/video/736410825?h=eddc3478c4"" webkitallowfullscreen=""webkitallowfullscreen""></iframe></p>
<p style=""margin-top: 5px; margin-bottom: 5px; box-sizing: inherit; font-size: 15px; line-height: 20px; color: #323130; font-family: 'Segoe UI Web (West European)', 'Segoe UI', -apple-system, BlinkMacSystemFont, Roboto, 'Helvetica Neue', sans-serif; background-color: #ffffff;""></p>
<p style=""margin-bottom: 0px;""><span style=""font-style: inherit; font-weight: inherit;""><span style=""font-family: lato, sans-serif;""><span style=""font-size: medium;""><strong>LMS365 is a powerful learning management system that you can use to provide your employees with the skills they need - right from within the digital workplace.</strong> Get immediate return on your Microsoft 365 investment and LMS365 by upskilling your workforce on how to work smarter using Microsoft 365.</span></span></span></p>
<p><span style=""font-family: lato, sans-serif; font-size: medium;"">In this <strong>free sample course</strong> provided by Storyals, users will get new insights to new digital ways of working with Microsoft 365 using modern apps like Microsoft Whiteboard, Forms and Stream. </span><span style=""font-family: lato, sans-serif; font-size: medium;"">Storyals provides unique story-based courses designed to </span><span style=""font-family: lato, sans-serif; font-size: medium;""><strong><span style=""color: #ff9900;"">INSPIRE, MOTIVATE </span></strong>and <strong><span style=""color: #ff9900;"">EDUCATE</span></strong></span><span style=""font-family: lato, sans-serif; font-size: medium;""> users </span><span style=""font-family: lato, sans-serif; font-size: medium;"">to simply work smarter. Experience the difference!</span></p>
<p><span style=""background-color: #ffffff; color: #444444; font-family: lato, sans-serif; font-size: medium;""><em>See the full course offering from Storyals for LMS365 </em></span><em style=""color: #323130; font-family: 'Segoe UI Web (West European)', 'Segoe UI', -apple-system, BlinkMacSystemFont, Roboto, 'Helvetica Neue', sans-serif; font-size: 15px;""><span style=""font-family: lato, sans-serif; font-size: medium;""><a data-interception=""off"" href=""https://lms365.com/wp-content/uploads/2022/04/Storyals-courses-for-LMS365-2022.pdf"" style=""font-family: 'Segoe UI', Segoe, Tahoma, Helvetica, Arial, sans-serif; font-size: 14px; background-color: #ffffff;"" target=""_blank"" rel=""noopener"">here</a></span><span style=""color: #444444; font-family: lato, sans-serif; font-size: medium; background-color: #ffffff;"">.</span></em></p>
<p style=""margin: 0in 0in 12pt; box-sizing: inherit; font-size: 15px; line-height: 20px; color: #323130; font-family: 'Segoe UI Web (West European)', 'Segoe UI', -apple-system, BlinkMacSystemFont, Roboto, 'Helvetica Neue', sans-serif; background-color: #ffffff;""><em style=""box-sizing: inherit;""><strong style=""box-sizing: inherit;""><span style=""box-sizing: inherit; color: #4d4d4f; font-size: medium; font-family: lato, sans-serif;"">Instructor:</span></strong></em><span style=""box-sizing: inherit; color: #4d4d4f;""> <em style=""box-sizing: inherit;""><span style=""box-sizing: inherit; font-family: lato;""><span style=""box-sizing: inherit; font-family: lato, 'sans serif';""><span style=""box-sizing: inherit; font-size: 16pt;""><span style=""box-sizing: inherit; font-family: lato, sans-serif;""><span style=""box-sizing: inherit; font-size: medium;""><span style=""box-sizing: inherit; font-size: 16px;""><span style=""font-size: medium;"">Productivity Advisor <a data-interception=""off"" href=""https://about.me/ulrikahedlund"" style=""box-sizing: inherit; text-decoration-line: none;"" target=""_blank"" rel=""noopener"">Ulrika Hedlund</a><br></span></span></span></span></span></span></span></em></span><span style=""box-sizing: inherit; font-size: 14px; color: #4d4d4f; font-family: lato, sans-serif;""><span style=""box-sizing: inherit; font-size: 16px;""><em style=""box-sizing: inherit;""><span style=""font-size: medium;""><strong style=""box-sizing: inherit;"">Course provider</strong>: <a data-interception=""off"" href=""http://www.storyals.com/"" style=""color: #4f6dbb; box-sizing: inherit; text-decoration-line: none;"" target=""_blank"" title=""Go to Storyals.com"" rel=""noopener"">Storyals.com</a></span></em></span></span><span style=""box-sizing: inherit; color: #444444; font-family: 'Segoe UI', Segoe, Tahoma, Helvetica, Arial, sans-serif; font-size: 14px;""> </span></p>",Digital leadership,Microsoft 365,
Safety Training,4a621c1b-8b77-42da-b470-1aaf6f244661,Information Found on Container Labels,"This lesson covers the essential information found on container labels, emphasizing their importance for safety and compliance.","<p data-pm-slice=""1 1 []"">This lesson covers the essential information found on container labels, emphasizing their importance for safety and compliance. Here are some key takeaways:</p>
<ol>
<li>
<p><strong>Understand label components</strong>. Familiarize yourself with the key sections of container labels.</p>
</li>
<li>
<p><strong>Prioritize safety information</strong>. Always check for hazard warnings before using a product.</p>
</li>
<li>
<p><strong>Follow handling instructions</strong>. Adhere to the guidelines to ensure proper use and storage.</p>
</li>
<li>
<p><strong>Stay compliant</strong>. Ensure that you are aware of regulations related to container labeling.</p>
</li>
</ol>
<p>By mastering these elements, you can ensure safe and compliant use of labeled containers.</p>",Hazard Awareness; Hazard Communication; Safety Procedure,Safety; Hazards; Communication; OSHA,
Safety Training,72f6e091-6191-4d4b-b6b6-2402dfaa247b,Safety Coordinator - 7.0 Safety Inspections,"This course covers the responsibilities of Foremen, Safety Coordinators, and employees in performing and documenting safety inspections. You’ll learn how to inspect tools, equipment, and worksites, identify hazards, and maintain records to ensure compliance, accountability, and a safe jobsite.","<h2 data-end=""186"" data-start=""143""><strong data-end=""184"" data-start=""146"">Safety Inspections </strong></h2>
<p data-end=""612"" data-start=""188"">Regular inspections are a cornerstone of GSL Electric’s safety program. They ensure that tools, equipment, and work areas are safe, hazards are identified and corrected, and compliance with OSHA, MSHA, and company requirements is maintained. This course provides Safety Coordinators, Foremen, and employees with the knowledge and responsibilities needed to carry out effective safety inspections and keep accurate records.</p>
<h3 data-end=""641"" data-start=""614""><strong data-end=""639"" data-start=""618"">What You’ll Learn</strong></h3>
<ul data-end=""1725"" data-start=""642"">
<li data-end=""856"" data-start=""642"">
<p data-end=""856"" data-start=""644""><strong data-end=""673"" data-start=""644"">Roles &amp; Responsibilities:</strong> Understanding the inspection duties of Foremen, Safety Coordinators, project leadership, and employees—including daily visual checks and tagging defective equipment out of service.</p>
</li>
<li data-end=""1038"" data-start=""857"">
<p data-end=""1038"" data-start=""859""><strong data-end=""885"" data-start=""859"">Work Area Inspections:</strong> How to perform daily jobsite safety observations, correct unsafe behaviors immediately, and document conditions using checklists and inspection forms.</p>
</li>
<li data-end=""1220"" data-start=""1039"">
<p data-end=""1220"" data-start=""1041""><strong data-end=""1081"" data-start=""1041"">Pre-Operation Equipment Inspections:</strong> Requirements for vehicles, manlifts, forklifts, aerial and scissor lifts, and other mobile equipment under both OSHA and MSHA standards.</p>
</li>
<li data-end=""1407"" data-start=""1221"">
<p data-end=""1407"" data-start=""1223""><strong data-end=""1259"" data-start=""1223"">Quarterly &amp; Monthly Inspections:</strong> Procedures for inspecting electrical tools and cords, fire extinguishers, fall protection equipment, and maintaining proper records for one year.</p>
</li>
<li data-end=""1568"" data-start=""1408"">
<p data-end=""1568"" data-start=""1410""><strong data-end=""1435"" data-start=""1410"">Scaffold Inspections:</strong> The role of competent persons in performing and documenting daily scaffold inspections to ensure safety and regulatory compliance.</p>
</li>
<li data-end=""1725"" data-start=""1569"">
<p data-end=""1725"" data-start=""1571""><strong data-end=""1601"" data-start=""1571"">Employee Responsibilities:</strong> Daily pre-use inspections of tools, extension cords, ladders, harnesses, lanyards, and all personal protective equipment.</p>
</li>
</ul>
<h3 data-end=""1751"" data-start=""1727""><strong data-end=""1749"" data-start=""1731"">Why It Matters</strong></h3>
<p data-end=""2274"" data-start=""1752"">Inspections are not just a regulatory requirement—they are a proactive way to prevent accidents, extend the life of equipment, and protect employees from harm. Documenting inspections creates accountability, demonstrates compliance, and protects both the company and its workforce. By performing thorough inspections and maintaining accurate records, Safety Coordinators and project leaders help ensure that every employee can work with safe tools, equipment, and conditions—and return home safely at the end of the day.</p>",Vehicle/Equipment Inspections; Safety Culture; Safety Coordinator; Safety Planning; Safety Procedure; Assured Grounding; Work Area Inspections,Assured Grounding; Inspections; Work Area Inspections; Vehicle/Equipment Inspections,
Safety Training,f5183f81-fba1-4a6f-ac3b-27c27e647695,A Commitment to Zero Broken Lives-  New Hire Safety Orientation,"This video emphasizes the importance of safety in the construction industry, explaining the concept of “Zero Broken Lives” and outlining the layers of protection GSL Electric provides to ensure every employee goes home safely. It encourages constant vigilance, adherence to policies, and maintaining a balance between safety, quality, and productivity.","<p data-end=""866"" data-start=""496"">This safety video delivers a powerful message about the critical role of safety in the construction industry, focusing on GSL Electric’s commitment to “Zero Broken Lives.” It explores the far-reaching impact of workplace injuries—not just on employees, but also on their families and coworkers—highlighting the emotional and practical consequences of serious incidents.</p>
<p data-end=""1283"" data-start=""868""></p>
<p data-end=""1283"" data-start=""868"">The video introduces the “Zero Broken Lives” concept as more than a slogan, portraying it as a visual representation of the multiple layers of protection—company guidelines, project protocols, and the support of coworkers—that surround every employee. It explains that no safety barrier is foolproof, and encourages workers to stay alert, recognize potential gaps in safety, and apply additional measures as needed.</p>
<p data-end=""1744"" data-start=""1285""></p>
<p data-end=""1744"" data-start=""1285"">Through relatable analogies, such as a balanced three-legged stool, the video illustrates the need to maintain equilibrium between safety, quality, and productivity, with safety always taking precedence as a core value rather than a shifting priority. The importance of planning, training, and adhering to both GSL policies and site-specific rules is underscored, along with the responsibility to report all unsafe acts, near misses, and injuries immediately.</p>
<p data-end=""1994"" data-start=""1746""></p>
<p data-end=""1994"" data-start=""1746"">In summary, the video aims to foster a culture where every decision supports a safer, healthier workplace, and where employees are empowered to actively protect themselves and others, ensuring that everyone goes home unbroken at the end of the day.</p>
<div style=""position: relative; overflow: hidden; aspect-ratio: 1920/1080;""><iframe width="""" height="""" style=""position: absolute; width: 100%; height: 100%; top: 0; left: 0; border: none; padding: 0; margin: 0; overflow: hidden;"" src=""https://share.synthesia.io/embeds/videos/e3cd9982-ade8-4f65-9697-f28fd9b222c7"" loading=""lazy"" title=""Synthesia video player - GSL Safety Orientation 2 Zero Broken Lives"" allowfullscreen=""allowfullscreen"" allow=""encrypted-media; fullscreen;""></iframe></div>",Safety Culture,Values; Trust; Empowerment; Safety; Hazards; OSHA; Culture,
Safety Training,63ec414f-9610-48c6-82e8-2bf40c3b1b5a,Creating courses and training plans in Learn365 ,"In this course, we'll walk you through how to create courses and training plans in Learn365.","<p>Learn365 allows you to create three types of training that enable you to offer a diverse selection of courses and training paths in your course catalog:<em> e-learning</em>, <em>i</em><em>nstructor-led training</em>, and <em>training plans</em>.<br><br>The <em>e-learning</em> course type is used to build online self-paced training. Learners enrolled in an e-learning course can conduct it anywhere, anytime, and at their own pace.<br><br><em>Instructor-led training</em> is a course type that allows for instructor-led sessions—either held online or in a set location. <br><br>Finally, <em>training plans</em> enable you to combine courses into training plans and create unique training programs for learners.<br><br>In this course, we will walk you through how to create training of these different types in Learn365.</p>",Learn365 Product Training,Learn365 Admin Training,
Safety Training,9583d263-15b6-4c7f-8c17-2f65668f6123,Safety Coordinator - 9.0 Accident & Incident Investigations,"This course outlines the critical role of Foremen and Safety Coordinators in conducting thorough and effective injury and incident investigations. Participants will learn how to secure incident scenes, collect visual evidence, interview witnesses, and complete required reports to identify hazards, unsafe conditions, and contributing factors. The training emphasizes that investigations are not about assigning blame but about protecting employees, ensuring regulatory compliance, and implementing corrective actions to prevent similar incidents in the future. By following proper procedures, Safety Coordinators and project leadership help strengthen GSL Electric’s culture of accountability and safety.","<h2 data-end=""239"" data-start=""182""><strong data-end=""237"" data-start=""185"">Injury &amp; Incident Investigations</strong></h2>
<p data-end=""730"" data-start=""241"">Thorough and effective investigations are a cornerstone of GSL Electric’s safety program. When injuries or incidents occur, it is the responsibility of Foremen and Safety Coordinators to gather the facts, determine the causes, and identify corrective actions that will prevent similar events from happening again. This course provides step-by-step guidance on how to conduct investigations that go beyond simply filling out forms and instead create real improvements in workplace safety.</p>
<h3 data-end=""759"" data-start=""732""><strong data-end=""757"" data-start=""736"">What You’ll Learn</strong></h3>
<ul data-end=""2080"" data-start=""760"">
<li data-end=""950"" data-start=""760"">
<p data-end=""950"" data-start=""762""><strong data-end=""792"" data-start=""762"">Purpose of Investigations:</strong> Why investigations are used to prevent recurrence, not assign blame, while still ensuring disciplinary action is taken if safety violations are discovered.</p>
</li>
<li data-end=""1102"" data-start=""951"">
<p data-end=""1102"" data-start=""953""><strong data-end=""976"" data-start=""953"">Immediate Response:</strong> How to prioritize employee medical needs, secure the scene, and take steps to prevent additional hazards after an incident.</p>
</li>
<li data-end=""1300"" data-start=""1103"">
<p data-end=""1300"" data-start=""1105""><strong data-end=""1129"" data-start=""1105"">Evidence Collection:</strong> Methods for documenting the scene with photos, sketches, and notes, as well as gathering written witness statements and preserving key details before conditions change.</p>
</li>
<li data-end=""1509"" data-start=""1301"">
<p data-end=""1509"" data-start=""1303""><strong data-end=""1326"" data-start=""1303"">Incident Reporting:</strong> Procedures for notifying the Safety Department, Project Managers, clients, and regulatory agencies, and the importance of submitting reports and evidence within required timelines.</p>
</li>
<li data-end=""1711"" data-start=""1510"">
<p data-end=""1711"" data-start=""1512""><strong data-end=""1546"" data-start=""1512"">Interviewing &amp; Fact Gathering:</strong> Techniques for asking the right questions, reviewing equipment and PPE use, and identifying both unsafe conditions and behaviors that contributed to the incident.</p>
</li>
<li data-end=""1866"" data-start=""1712"">
<p data-end=""1866"" data-start=""1714""><strong data-end=""1759"" data-start=""1714"">Root Cause Analysis &amp; Corrective Actions:</strong> How to identify the underlying factors of incidents and determine effective steps to prevent recurrence.</p>
</li>
<li data-end=""2080"" data-start=""1867"">
<p data-end=""2080"" data-start=""1869""><strong data-end=""1900"" data-start=""1869"">Follow-Up &amp; Accountability:</strong> The role of the Safety Director, Safety Committee, and project leadership in reviewing findings, issuing Incident Notifications, and implementing corrective actions on projects.</p>
</li>
</ul>
<h3 data-end=""2106"" data-start=""2082""><strong data-end=""2104"" data-start=""2086"">Why It Matters</strong></h3>
<p data-end=""2618"" data-start=""2107"">Every incident investigation has one simple goal: to protect employees and prevent future harm. By securing the scene, collecting accurate information, and analyzing root causes, Safety Coordinators and Foremen help ensure compliance with OSHA and MSHA requirements, strengthen accountability, and reinforce GSL Electric’s commitment to a culture of safety. Properly conducted investigations turn lessons learned into safer practices, ensuring that every employee can return home safely at the end of the day.</p>",Document Control; Safety Culture; Safety Coordinator; Safety Procedure,Accident & Incident Investigations,
Safety Training,1bbf3abd-c267-46ba-99f5-3185b5523b3f,Safety Data Sheets,"This lesson covers the importance and components of Safety Data Sheets (SDS), which provide essential information about handling hazardous materials safely. ","<p data-pm-slice=""1 1 []"">This lesson covers the importance and components of Safety Data Sheets (SDS), which provide essential information about handling hazardous materials safely. Understanding SDS is crucial for ensuring workplace safety and compliance with regulations.</p>
<ol>
<li>
<p><strong>Know the purpose</strong>. SDS are vital for informing about chemical hazards.</p>
</li>
<li>
<p><strong>Familiarize with sections</strong>. Each SDS has specific sections detailing risks and safety measures.</p>
</li>
<li>
<p><strong>Use SDS effectively</strong>. Always refer to the SDS before handling any hazardous substances.</p>
</li>
<li>
<p><strong>Stay compliant</strong>. Understanding SDS helps maintain regulatory compliance in the workplace.</p>
</li>
</ol>
<p>Mastering the use of SDS is key to maintaining a safe and compliant work environment.</p>",Hazard Communication; Safety Procedure,Safety; Hazards; Documentation,
Safety Training,06b26169-0efa-4311-bea7-331e5c0039d3,MSHA 24-Hour New Miner Surface Mining Course,"This course meets MSHA Part 46 requirements for new surface miners, providing 24 hours of essential safety instruction before beginning work. Participants learn hazard recognition, emergency procedures, miners’ rights and responsibilities, safe work practices, and the use of protective equipment to ensure a safe start in the mining industry.","<p data-end=""457"" data-start=""81"">This course provides the <strong data-end=""224"" data-start=""161"">required 24 hours of safety training for new surface miners</strong> in accordance with <strong data-end=""312"" data-start=""244"">Mine Safety and Health Administration (MSHA) Part 46 regulations</strong>. It is designed for individuals who are beginning work in the mining industry and must complete training before engaging in mining operations.</p>
<p data-end=""936"" data-start=""459"">The program covers a wide range of topics to prepare new miners for safe and effective work on site. Participants will learn about hazard recognition, miners’ rights and responsibilities, workplace safety policies, emergency response procedures, first aid basics, and proper use of personal protective equipment (PPE). The training also addresses safe work practices around heavy equipment, traffic control, fire prevention, environmental hazards, and reporting requirements.</p>
<p data-end=""1149"" data-start=""938"">Through interactive instruction and practical discussions, new miners gain the knowledge and confidence needed to identify risks, follow established safety protocols, and contribute to a safe work environment.</p>
<p data-end=""1342"" data-start=""1151"">Upon completion of the full 24 hours, participants will meet <strong data-end=""1254"" data-start=""1212"">MSHA’s mandatory training requirements</strong> and receive documentation certifying them to begin work in surface mining operations.</p>",MSHA,MSHA 24-Hour New Miner,
Safety Training,5a370651-4a9c-4a3d-8e0c-34ed38a1f9cd,Safety Coordinator - 4.0 Task Training,"This course teaches Safety Coordinators how to provide, observe, and document task training to ensure employees work safely, competently, and in compliance with OSHA and MSHA standards.","<h2 data-end=""222"" data-start=""184""><strong data-end=""220"" data-start=""187"">Task Training </strong></h2>
<p data-end=""506"" data-start=""224"">Task training is one of the most important responsibilities of a Safety Coordinator. This course provides the knowledge and tools you need to ensure employees are properly trained, closely supervised, and officially documented before performing any new job or operating equipment.</p>
<h3 data-end=""535"" data-start=""508""><strong data-end=""533"" data-start=""512"">What You’ll Learn</strong></h3>
<ul data-end=""1481"" data-start=""536"">
<li data-end=""700"" data-start=""536"">
<p data-end=""700"" data-start=""538""><strong data-end=""572"" data-start=""538"">The Safety Coordinator’s Role:</strong> How task training protects you, your crew, and the company by combining clear instructions with documented proof of training.</p>
</li>
<li data-end=""820"" data-start=""701"">
<p data-end=""820"" data-start=""703""><strong data-end=""730"" data-start=""703"">Skill Level Assessment:</strong> Why you must never assume an employee is qualified until their abilities are evaluated.</p>
</li>
<li data-end=""1023"" data-start=""821"">
<p data-end=""1023"" data-start=""823""><strong data-end=""852"" data-start=""823"">Step-by-Step Instruction:</strong> Best practices for preparing employees to learn, presenting tasks clearly, reviewing hazards, and confirming understanding by having employees repeat back instructions.</p>
</li>
<li data-end=""1226"" data-start=""1024"">
<p data-end=""1226"" data-start=""1026""><strong data-end=""1053"" data-start=""1026"">Observation &amp; Coaching:</strong> How to monitor employees in both non-productive and productive environments, provide corrective feedback in a positive way, and taper off supervision as competence grows.</p>
</li>
<li data-end=""1481"" data-start=""1227"">
<p data-end=""1481"" data-start=""1229""><strong data-end=""1260"" data-start=""1229"">Documentation Requirements:</strong> The importance of using GSL’s Task Training forms, including the Certificate of Task Training, to create accountability, maintain compliance with OSHA and MSHA, and demonstrate that all training was conducted properly.</p>
</li>
</ul>
<h3 data-end=""1507"" data-start=""1483""><strong data-end=""1505"" data-start=""1487"">Why It Matters</strong></h3>
<p data-end=""1878"" data-start=""1508"">Proper task training prevents accidents, improves craftsmanship, and ensures regulatory compliance. More importantly, it reinforces GSL Electric’s commitment to safety and our philosophy of “Zero Broken Lives.” Documenting every training session not only protects the company, but also provides proof that employees have the knowledge and support they need to succeed.</p>",Safety Coordinator; Safety Procedure; Task Training,Task Training; Safety Coordinator,
Safety Training,0219aea8-f706-4ffa-a0c7-3781e6d05b64,Safety Coordinator - 7.0 Safety Inspections,"This course covers the responsibilities of Foremen, Safety Coordinators, and employees in performing and documenting safety inspections. You’ll learn how to inspect tools, equipment, and worksites, identify hazards, and maintain records to ensure compliance, accountability, and a safe jobsite.","<h2 data-end=""186"" data-start=""143""><strong data-end=""184"" data-start=""146"">Safety Inspections </strong></h2>
<p data-end=""612"" data-start=""188"">Regular inspections are a cornerstone of GSL Electric’s safety program. They ensure that tools, equipment, and work areas are safe, hazards are identified and corrected, and compliance with OSHA, MSHA, and company requirements is maintained. This course provides Safety Coordinators, Foremen, and employees with the knowledge and responsibilities needed to carry out effective safety inspections and keep accurate records.</p>
<h3 data-end=""641"" data-start=""614""><strong data-end=""639"" data-start=""618"">What You’ll Learn</strong></h3>
<ul data-end=""1725"" data-start=""642"">
<li data-end=""856"" data-start=""642"">
<p data-end=""856"" data-start=""644""><strong data-end=""673"" data-start=""644"">Roles &amp; Responsibilities:</strong> Understanding the inspection duties of Foremen, Safety Coordinators, project leadership, and employees—including daily visual checks and tagging defective equipment out of service.</p>
</li>
<li data-end=""1038"" data-start=""857"">
<p data-end=""1038"" data-start=""859""><strong data-end=""885"" data-start=""859"">Work Area Inspections:</strong> How to perform daily jobsite safety observations, correct unsafe behaviors immediately, and document conditions using checklists and inspection forms.</p>
</li>
<li data-end=""1220"" data-start=""1039"">
<p data-end=""1220"" data-start=""1041""><strong data-end=""1081"" data-start=""1041"">Pre-Operation Equipment Inspections:</strong> Requirements for vehicles, manlifts, forklifts, aerial and scissor lifts, and other mobile equipment under both OSHA and MSHA standards.</p>
</li>
<li data-end=""1407"" data-start=""1221"">
<p data-end=""1407"" data-start=""1223""><strong data-end=""1259"" data-start=""1223"">Quarterly &amp; Monthly Inspections:</strong> Procedures for inspecting electrical tools and cords, fire extinguishers, fall protection equipment, and maintaining proper records for one year.</p>
</li>
<li data-end=""1568"" data-start=""1408"">
<p data-end=""1568"" data-start=""1410""><strong data-end=""1435"" data-start=""1410"">Scaffold Inspections:</strong> The role of competent persons in performing and documenting daily scaffold inspections to ensure safety and regulatory compliance.</p>
</li>
<li data-end=""1725"" data-start=""1569"">
<p data-end=""1725"" data-start=""1571""><strong data-end=""1601"" data-start=""1571"">Employee Responsibilities:</strong> Daily pre-use inspections of tools, extension cords, ladders, harnesses, lanyards, and all personal protective equipment.</p>
</li>
</ul>
<h3 data-end=""1751"" data-start=""1727""><strong data-end=""1749"" data-start=""1731"">Why It Matters</strong></h3>
<p data-end=""2274"" data-start=""1752"">Inspections are not just a regulatory requirement—they are a proactive way to prevent accidents, extend the life of equipment, and protect employees from harm. Documenting inspections creates accountability, demonstrates compliance, and protects both the company and its workforce. By performing thorough inspections and maintaining accurate records, Safety Coordinators and project leaders help ensure that every employee can work with safe tools, equipment, and conditions—and return home safely at the end of the day.</p>",Vehicle/Equipment Inspections; Safety Culture; Safety Coordinator; Safety Planning; Safety Procedure; Assured Grounding; Work Area Inspections,Assured Grounding; Inspections; Work Area Inspections; Vehicle/Equipment Inspections,
Safety Training,f71cc30a-af0e-4bfa-b233-37e5b753acc1,Nevada's Employee Rights and Responsibilities - New Hire Safety Orientation,"Safety in the workplace is of utmost importance at our organization. Accidents and injuries in the workplace affect thousands of workers every year and have a serious impact on business.

Following simple techniques and using common sense goes a long way toward preventing accidents and workplace injuries.  This course will teach you the basics you need to know to prevent a workplace injury. Familiarize yourself with the following content and complete the brief assessment. ","<p data-pm-slice=""1 1 []"">This course highlights the importance of workplace safety and provides strategies to prevent injuries and maintain a safe environment.</p>
<ol>
<li data-pm-slice=""1 1 []"">
<p data-pm-slice=""1 1 []""><strong>Understand workplace safety</strong>. It is essential for protecting employees and the organization.</p>
</li>
<li data-pm-slice=""1 1 []"">
<p data-pm-slice=""1 1 []""><strong>Learn injury prevention techniques</strong>. Simple practices can significantly reduce risks.</p>
</li>
<li data-pm-slice=""1 1 []"">
<p data-pm-slice=""1 1 []""><strong>Use common sense in safety</strong>. Everyday awareness helps avoid hazards.</p>
</li>
<li data-pm-slice=""1 1 []"">
<p data-pm-slice=""1 1 []""><strong>Identify workplace hazards</strong>. Recognize common causes of slips and trips.</p>
</li>
<li data-pm-slice=""1 1 []"">
<p data-pm-slice=""1 1 []""><strong>Promote teamwork in safety</strong>. Collaboration is key to preventing injuries.</p>
</li>
<li data-pm-slice=""1 1 []"">
<p data-pm-slice=""1 1 []""><strong>Maintain safe surfaces</strong>. Ensure floors are not slippery to reduce fall risks.</p>
</li>
<li data-pm-slice=""1 1 []"">
<p data-pm-slice=""1 1 []""><strong>Report hazards promptly</strong>. Immediate communication enhances safety.</p>
</li>
</ol>
<p data-pm-slice=""1 1 []"">By applying these safety principles, you can contribute to a safer and more productive workplace.</p>",Safety Culture,Safety; Hazards,
Safety Training,75d7e67c-6059-47fc-b861-3c17cd4814f4,Fall Protection In Industrial And Construction Environments,"This course is designed to equip you with essential knowledge and skills to prevent fall-related accidents, which are one of the leading causes of injuries in the construction industry.","<p data-pm-slice=""1 1 []"">This course provides comprehensive training on fall prevention and safety practices in industrial and construction settings. It emphasizes hazard identification, proper equipment use, and adherence to safety regulations.</p>
<ul>
<li data-pm-slice=""1 1 []""><strong>Recognize fall hazards</strong>. Identify and address potential risks in your work environment.</li>
<li data-pm-slice=""1 1 []"">
<p data-pm-slice=""1 1 []""><strong>Use equipment properly</strong>. Ensure fall protection gear is selected and utilized correctly.</p>
</li>
<li data-pm-slice=""1 1 []"">
<p data-pm-slice=""1 1 []""><strong>Understand OSHA standards</strong>. Familiarize yourself with regulations to maintain compliance.</p>
</li>
<li data-pm-slice=""1 1 []"">
<p data-pm-slice=""1 1 []""><strong>Inspect scaffolding and ladders</strong>. Check for stability and damage before use.</p>
</li>
<li data-pm-slice=""1 1 []"">
<p data-pm-slice=""1 1 []""><strong>Maintain safety practices</strong>. Follow guidelines, use PPE, and adhere to weight limits.</p>
</li>
<li data-pm-slice=""1 1 []"">
<p data-pm-slice=""1 1 []""><strong>Prevent slips and trips</strong>. Implement measures like mats, lighting, and clear walkways.</p>
</li>
<li data-pm-slice=""1 1 []"">
<p data-pm-slice=""1 1 []""><strong>Regularly inspect and train</strong>. Keep equipment in good condition and refresh safety protocols.</p>
</li>
</ul>
<p data-pm-slice=""1 1 []"">By applying these safety principles, you can create a safer work environment and prevent fall-related accidents.</p>","Slips, Trips, & Falls",Scaffolding; Safety; Falls; Ladders; Hazards; OSHA; Trips; Slips,
Safety Training,efdc2172-1ac3-49fc-8deb-403686cae341,Engage365 for Users,"In just 5 minutes, you'll delve into the essential features of Engage365, designed to enhance employee engagement and communication.","<style>
.description-content {
    font-family: Arial, sans-serif;
    background-color: #F3F3FF;
    margin: 0;
    padding: 0;
    max-width: 100%;
    line-height: 170%;
}
.topbar {
    color: #000;
    text-align: left;
    padding: 20px;
}
.logo {
    width: 75px;
    height: 75px; 
    vertical-align: middle;
}
.title {
    display: inline-block;
    font-size: 28px;
    font-weight: bolder;
    vertical-align: middle;
}
.content {
    text-align: left;
    padding: 20px;
}
.content p {
    font-size: 18px;
    margin: 20px 0;
 line-height: 170%;
}
.content img {
    max-width: 100%;
    height: auto;
    border-radius: 20px;
}
.endQuote {
    text-align: center;
    padding: 20px;
}
.endQuote p {
    font-size: 22px;
    line-height: 200%;
    font-weight: bolder;
    margin: 20px 0;
}
.endQuote img {
    max-width: 70px;
}
hr.new {
    border-top: 1px dashed white;
}
</style>
<div class=""description-content"">
<div class=""topbar"">
<div class=""title"">Engage365</div>
</div>
<hr class=""new"">
<div class=""content"">
<p><b>Welcome to our Engage365 for Users course! </b></p>
<p>In just 5 minutes, you'll delve into the essential features of Engage365, designed to enhance employee engagement and communication.</p>
<p>Whether you're a new Engage365 customer or a Learn365 user, this course is tailored to help you grasp the core uses of Engage365 in your daily interactions with managers.</p>
<p>By watching a video, reading descriptive content, and taking a quick quiz, you'll uncover the benefits of employee check-ins, master the art of completing a check-in, and discover how this tool can revolutionize communication with your manager.</p>
</div>
<div class=""endQuote"">
<p>Get ready to elevate your engagement game with Engage365!</p>
</div>
</div>",Engage365 for Users; Engage365,,
Safety Training,b62009df-8b54-4ccf-96b0-489da0271ade,Commitment to Safety : A Shared Responsibility-  New Hire Safety Orientation,"Safety is positioned as a value, not just a priority subject to change. The company is undergoing positive transformations and aims to set high standards for safety in the construction sector. The message concludes by expressing pride in employees' work, welcoming new members as valued partners in building a thriving future together.","<p data-pm-slice=""1 1 []"">The 'Commitment to Safety: A Shared Responsibility' course underscores the importance of safety as a core value and a shared responsibility within the construction industry. It highlights the company's dedication to high safety standards and the essential role of every team member, including new hires.</p>
<ul>
<li data-pm-slice=""1 1 []"">
<p data-pm-slice=""1 1 []""><strong>Safety is a core value</strong>. It should be prioritized and integrated into all aspects of work.</p>
</li>
<li data-pm-slice=""1 1 []"">
<p data-pm-slice=""1 1 []""><strong>The company is committed to high safety standards</strong>. This reflects its dedication to a positive and safe work culture.</p>
</li>
<li data-pm-slice=""1 1 []"">
<p data-pm-slice=""1 1 []""><strong>New employees are valued partners</strong>. Their contributions are vital to the company's success and safety goals.</p>
</li>
<li data-pm-slice=""1 1 []"">
<p data-pm-slice=""1 1 []""><strong>Everyone shares the responsibility for safety</strong>. Collaboration ensures a safe and productive work environment.</p>
</li>
<li data-pm-slice=""1 1 []"">
<p data-pm-slice=""1 1 []""><strong>Balance is crucial</strong>. Harmonizing safety, quality, and productivity is key to success in construction.</p>
</li>
<li data-pm-slice=""1 1 []"">
<p data-pm-slice=""1 1 []""><strong>Continuous improvement matters</strong>. A proactive mindset towards safety can prevent injuries and enhance performance.</p>
</li>
</ul>
<p data-pm-slice=""1 1 []"">Remember, fostering a safe work environment is a collective effort that leads to shared success.</p>",Safety Culture,Safety,
Safety Training,4797d345-ea24-4908-a096-5417444b8bb6,Safety Coordinator - 3.0 Employee Safety Orientation,"Employee Safety Orientation is the foundation of GSL Electric’s safety program. It ensures every new or transferred employee understands the importance of accident prevention, safe work practices, and compliance with company policies and procedures.","<h2 data-end=""232"" data-start=""178""><strong data-end=""230"" data-start=""181"">Employee Safety Orientation </strong></h2>
<p data-end=""541"" data-start=""234"">The <strong data-end=""269"" data-start=""238"">Employee Safety Orientation</strong> course introduces all new and transferred employees to GSL Electric’s safety culture, policies, and procedures. This training is essential for preventing workplace accidents and ensuring that every employee understands their role in maintaining a safe work environment.</p>
<h3 data-end=""568"" data-start=""543""><strong data-end=""566"" data-start=""547"">Course Overview</strong></h3>
<p data-end=""937"" data-start=""569"">The course explains both general and project-specific orientation requirements. Employees will learn how to complete required forms, receive critical safety documents, and be introduced to site-specific rules and hazards. By the end of this training, participants will understand how to protect themselves and their coworkers while meeting GSL’s safety expectations.</p>
<h3 data-end=""966"" data-start=""939""><strong data-end=""964"" data-start=""943"">What You’ll Learn</strong></h3>
<ol data-end=""2304"" data-start=""967"">
<li data-end=""1604"" data-start=""967"">
<p data-end=""1081"" data-start=""970""><strong data-end=""1000"" data-start=""970"">General Safety Orientation</strong> (conducted by the Safety and Human Resource Departments at the branch office):</p>
<ul data-end=""1604"" data-start=""1085"">
<li data-end=""1165"" data-start=""1085"">
<p data-end=""1165"" data-start=""1087"">Completion of the <strong data-end=""1162"" data-start=""1105"">Standards of Performance and Probationary Policy Form</strong>.</p>
</li>
<li data-end=""1232"" data-start=""1169"">
<p data-end=""1232"" data-start=""1171"">Completion of the <strong data-end=""1229"" data-start=""1189"">Employee Emergency Notification Form</strong>.</p>
</li>
<li data-end=""1298"" data-start=""1236"">
<p data-end=""1298"" data-start=""1238"">How to access the <strong data-end=""1288"" data-start=""1256"">Accident Prevention Handbook</strong> online.</p>
</li>
<li data-end=""1359"" data-start=""1302"">
<p data-end=""1359"" data-start=""1304"">Participation in the <strong data-end=""1356"" data-start=""1325"">New Hire Safety Orientation</strong>.</p>
</li>
<li data-end=""1419"" data-start=""1363"">
<p data-end=""1419"" data-start=""1365"">Issuance of <strong data-end=""1416"" data-start=""1377"">Personal Protective Equipment (PPE)</strong>.</p>
</li>
<li data-end=""1495"" data-start=""1423"">
<p data-end=""1495"" data-start=""1425"">Issuance of <strong data-end=""1492"" data-start=""1437"">Hazard Communication and Safety Management Programs</strong>.</p>
</li>
<li data-end=""1604"" data-start=""1499"">
<p data-end=""1604"" data-start=""1501"">Documentation through the <strong data-end=""1601"" data-start=""1527"">Safety Orientation &amp; Hazard Communication Program Acknowledgement Form</strong>.</p>
</li>
</ul>
</li>
<li data-end=""1995"" data-start=""1606"">
<p data-end=""1691"" data-start=""1609""><strong data-end=""1641"" data-start=""1609"">Project-Specific Orientation</strong> (conducted by a Foreman or Safety Coordinator):</p>
<ul data-end=""1995"" data-start=""1695"">
<li data-end=""1757"" data-start=""1695"">
<p data-end=""1757"" data-start=""1697"">Introduction to the project and the employee’s work areas.</p>
</li>
<li data-end=""1814"" data-start=""1761"">
<p data-end=""1814"" data-start=""1763"">Review of <strong data-end=""1811"" data-start=""1773"">site-specific rules and procedures</strong>.</p>
</li>
<li data-end=""1898"" data-start=""1818"">
<p data-end=""1898"" data-start=""1820"">Identification of <strong data-end=""1859"" data-start=""1838"">potential hazards</strong> and related <strong data-end=""1895"" data-start=""1872"">safe work practices</strong>.</p>
</li>
<li data-end=""1995"" data-start=""1902"">
<p data-end=""1995"" data-start=""1904"">Documentation with the <strong data-end=""1992"" data-start=""1927"">Introduction to Work Area &amp; Hazard Awareness Orientation Form</strong>.</p>
</li>
</ul>
</li>
<li data-end=""2110"" data-start=""1997"">
<p data-end=""2024"" data-start=""2000""><strong data-end=""2022"" data-start=""2000"">PPE Accountability</strong></p>
<ul data-end=""2110"" data-start=""2028"">
<li data-end=""2110"" data-start=""2028"">
<p data-end=""2110"" data-start=""2030"">Ensuring employees are properly issued and consistently wear all required PPE.</p>
</li>
</ul>
</li>
<li data-end=""2304"" data-start=""2112"">
<p data-end=""2140"" data-start=""2115""><strong data-end=""2138"" data-start=""2115"">Additional Training</strong></p>
<ul data-end=""2304"" data-start=""2144"">
<li data-end=""2304"" data-start=""2144"">
<p data-end=""2304"" data-start=""2146"">Scheduling for any training required by operations personnel, general contractors, or regulatory agencies (MSHA, OSHA, or other site-specific requirements).</p>
</li>
</ul>
</li>
</ol>
<h3 data-end=""2330"" data-start=""2306""><strong data-end=""2328"" data-start=""2310"">Why It Matters</strong></h3>
<p data-end=""2643"" data-start=""2331"">This orientation ensures employees are fully prepared to recognize hazards, follow safe work practices, and comply with GSL’s safety standards. It also provides the documentation and accountability necessary to protect employees, supervisors, and the company while creating a safe, productive work environment.</p>",Safety Coordinator; Employee Orientation,Safety; Safety Coordinator; Orientation,
Safety Training,d0e7b258-751f-489f-bd35-548774f006a0,Qualified Person - Required Precautions & Practices / Energized Work,"This course reviews G.S.L. Electric’s Energized Work Policy, outlining required safety precautions, PPE standards, and documentation procedures when performing work on or near energized electrical systems. Learners will understand how to assess risk, maintain compliance with NEC and NFPA 70E, and respond to electrical emergencies effectively. Designed for Qualified and Authorized personnel engaged in energized work.","<p data-end=""649"" data-start=""216"">This training course provides a detailed overview of G.S.L. Electric’s <strong data-end=""327"" data-start=""287"">Energized Work Policy and Procedures</strong>, ensuring all employees understand and apply the required precautions when performing work on or near energized electrical equipment. Through a series of guided scenes, learners will review critical safety standards, hazard identification processes, and compliance expectations aligned with NFPA 70E and NEC requirements.</p>
<p data-end=""1144"" data-start=""651"">The course begins with a review of <strong data-end=""737"" data-start=""686"">energized work barriers and protective measures</strong>, emphasizing the correct use of rubber insulating equipment, voltage-rated plastic guards, and mechanical barriers to maintain safe approach boundaries. Learners will then explore the <strong data-end=""969"" data-start=""922"">documentation and verification requirements</strong> that must be completed prior to any energized work — including client coordination, hazard recognition, risk assessment, and the completion of G.S.L.’s Energized Work Permit.</p>
<p data-end=""1573"" data-start=""1146"">Subsequent sections reinforce the importance of <strong data-end=""1239"" data-start=""1194"">proper PPE selection, inspection, and use</strong>, the establishment of <strong data-end=""1296"" data-start=""1262"">arc flash and shock boundaries</strong>, and the prohibition of conductive materials within restricted areas. Participants will also learn the proper procedures for <strong data-end=""1441"" data-start=""1422"">tool inspection</strong>, <strong data-end=""1470"" data-start=""1443"">safe equipment handling</strong>, and <strong data-end=""1514"" data-start=""1476"">incident energy level verification</strong> to ensure compliance with G.S.L. and regulatory standards.</p>
<p data-end=""1865"" data-start=""1575"">Finally, the course outlines the <strong data-end=""1641"" data-start=""1608"">emergency response procedures</strong> for electrical shock and arc flash incidents, including required safety equipment staging (fire extinguisher, first aid kit, AED, and communication devices) and immediate response steps in the event of an electrical injury.</p>
<h3 data-end=""1897"" data-start=""1867""><strong data-end=""1895"" data-start=""1871"">Learning Objectives:</strong></h3>
<p data-end=""1972"" data-start=""1898"">Upon successful completion of this course, participants will be able to:</p>
<ul data-end=""2390"" data-start=""1973"">
<li data-end=""2069"" data-start=""1973"">
<p data-end=""2069"" data-start=""1975"">Identify and apply the required precautions for energized work under G.S.L. Electric policy.</p>
</li>
<li data-end=""2140"" data-start=""2070"">
<p data-end=""2140"" data-start=""2072"">Demonstrate proper use and inspection of barriers, tools, and PPE.</p>
</li>
<li data-end=""2225"" data-start=""2141"">
<p data-end=""2225"" data-start=""2143"">Perform pre-task risk assessments and complete the G.S.L. Energized Work Permit.</p>
</li>
<li data-end=""2292"" data-start=""2226"">
<p data-end=""2292"" data-start=""2228"">Maintain compliance with NEC and NFPA 70E safety requirements.</p>
</li>
<li data-end=""2390"" data-start=""2293"">
<p data-end=""2390"" data-start=""2295"">Respond effectively to electrical emergencies in accordance with established safety procedures.</p>
</li>
</ul>",Electrical Safety; Qualified Person,Qualified Person; Electrical Safety,
Safety Training,f8bddb1d-da2c-4438-bb43-5df0e2be843f,Safety Coordinator - 11.0 OSHA & MSHA Inspections,"Course Description – OSHA & MSHA Inspections
This course explains the rights and responsibilities of employers, employees, and Safety Coordinators during OSHA and MSHA inspections. You’ll learn how inspections are conducted, what triggers them, and how to respond to citations, penalties, and abatement requirements. The training also covers posting requirements, inspection priorities, and the role of Safety Coordinators in ensuring hazards are corrected quickly, documentation is accurate, and crews remain safe and compliant.","<h2 data-end=""231"" data-start=""183""><strong data-end=""229"" data-start=""186"">OSHA &amp; MSHA Inspections</strong></h2>
<p data-end=""564"" data-start=""233"">Understanding how OSHA and MSHA inspections work is critical for Safety Coordinators, Foremen, and project leadership at GSL Electric. This course explains inspection procedures, employer and employee responsibilities, and the steps required to correct hazards, manage citations, and maintain compliance with federal safety laws.</p>
<h3 data-end=""593"" data-start=""566""><strong data-end=""591"" data-start=""570"">What You’ll Learn</strong></h3>
<ul data-end=""2226"" data-start=""594"">
<li data-end=""795"" data-start=""594"">
<p data-end=""795"" data-start=""596""><strong data-end=""614"" data-start=""596"">OSHA Overview:</strong> The Occupational Safety and Health Act of 1970 requires employers to provide a workplace free from recognized hazards and empowers OSHA to inspect, cite, and penalize violations.</p>
</li>
<li data-end=""1001"" data-start=""796"">
<p data-end=""1001"" data-start=""798""><strong data-end=""824"" data-start=""798"">Inspection Procedures:</strong> What to expect during unannounced OSHA inspections—including entry, scope, records review, and closing conferences—as well as employer and employee rights during inspections.</p>
</li>
<li data-end=""1189"" data-start=""1002"">
<p data-end=""1189"" data-start=""1004""><strong data-end=""1030"" data-start=""1004"">Inspection Priorities:</strong> How OSHA prioritizes imminent danger situations, fatalities, severe injuries, worker complaints, referrals, targeted inspections, and follow-up inspections.</p>
</li>
<li data-end=""1358"" data-start=""1190"">
<p data-end=""1358"" data-start=""1192""><strong data-end=""1212"" data-start=""1192"">Imminent Danger:</strong> How OSHA defines imminent danger, what conditions qualify, and the role of Safety Coordinators in reporting and addressing hazards immediately.</p>
</li>
<li data-end=""1562"" data-start=""1359"">
<p data-end=""1562"" data-start=""1361""><strong data-end=""1387"" data-start=""1361"">Citations &amp; Penalties:</strong> How violations are classified (willful, serious, repeated, and other-than-serious), maximum penalty amounts, abatement deadlines, and posting requirements for OSHA Notices.</p>
</li>
<li data-end=""1751"" data-start=""1563"">
<p data-end=""1751"" data-start=""1565""><strong data-end=""1596"" data-start=""1565"">Employer &amp; Employee Rights:</strong> Options for informal conferences, petitions for modification of abatement dates, alternate standards, and the ability for employees to raise objections.</p>
</li>
<li data-end=""1967"" data-start=""1752"">
<p data-end=""1967"" data-start=""1754""><strong data-end=""1775"" data-start=""1754"">MSHA Inspections:</strong> Requirements under the Federal Mine Safety and Health Act of 1977, including inspection frequency, citation procedures, penalties, and closure orders for unsafe conditions on mine projects.</p>
</li>
<li data-end=""2226"" data-start=""1968"">
<p data-end=""2226"" data-start=""1970""><strong data-end=""2010"" data-start=""1970"">Safety Coordinator Responsibilities:</strong> The critical role Safety Coordinators play in inspections—ensuring hazards are corrected quickly, documentation is accurate, corrective actions are taken, and findings are communicated across crews and management.</p>
</li>
</ul>
<h3 data-end=""2252"" data-start=""2228""><strong data-end=""2250"" data-start=""2232"">Why It Matters</strong></h3>
<p data-end=""2697"" data-start=""2253"">OSHA and MSHA inspections are designed to protect workers by ensuring hazards are identified and corrected promptly. Failing to comply can result in severe penalties, work stoppages, and risks to employee safety. By understanding how inspections are conducted and how to respond effectively, Safety Coordinators and project leadership protect employees, maintain compliance, and uphold GSL Electric’s reputation for safety and accountability.</p>",Safety Culture; Safety; Safety Coordinator; Safety Planning; OSHA & MSHA Inspections,Safety; Inspections; Planning; Safety Coordinator; Safety Culture; OSHA,
Safety Training,0b40da16-53ed-42cc-8852-5ee0cf4861c9,Safety Coordinator - 5.0 Safety Meetings,"This course explains the Safety Coordinator’s role in planning, leading, and documenting effective safety meetings. You’ll learn how to prepare agendas, engage crews in accident prevention discussions, and maintain proper records to ensure compliance and accountability while reinforcing GSL Electric’s commitment to “Zero Broken Lives.”","<h2 data-end=""186"" data-start=""146""><strong data-end=""184"" data-start=""149"">Safety Meetings</strong></h2>
<p data-end=""650"" data-start=""188"">Safety meetings are a cornerstone of GSL Electric’s safety program and one of the most important responsibilities of a Safety Coordinator. These meetings not only meet state and federal training requirements, but also keep crews focused on accident prevention and reinforce our shared commitment to “Zero Broken Lives.” This course provides the knowledge and skills needed to plan, conduct, and document effective weekly safety meetings with Foremen and crews.</p>
<h3 data-end=""679"" data-start=""652""><strong data-end=""677"" data-start=""656"">What You’ll Learn</strong></h3>
<ul data-end=""1889"" data-start=""680"">
<li data-end=""854"" data-start=""680"">
<p data-end=""854"" data-start=""682""><strong data-end=""716"" data-start=""682"">The Safety Coordinator’s Role:</strong> How to plan, organize, and conduct weekly safety meetings, support Foremen with daily toolbox talks, and maintain proper documentation.</p>
</li>
<li data-end=""1037"" data-start=""855"">
<p data-end=""1037"" data-start=""857""><strong data-end=""883"" data-start=""857"">Regulatory Compliance:</strong> Why safety training must be both effective and documented, and how proper records protect the company, Foremen, and Safety Coordinators from liability.</p>
</li>
<li data-end=""1205"" data-start=""1038"">
<p data-end=""1205"" data-start=""1040""><strong data-end=""1065"" data-start=""1040"">Planning for Success:</strong> Techniques for preparing agendas, selecting relevant topics, and ensuring the information you present is accurate, clear, and up to date.</p>
</li>
<li data-end=""1383"" data-start=""1206"">
<p data-end=""1383"" data-start=""1208""><strong data-end=""1242"" data-start=""1208"">Delivering Effective Meetings:</strong> How to communicate clearly, keep meetings focused and brief, encourage participation, and engage crews in accident prevention discussions.</p>
</li>
<li data-end=""1530"" data-start=""1384"">
<p data-end=""1530"" data-start=""1386""><strong data-end=""1410"" data-start=""1386"">Key Topics to Cover:</strong> Hazard recognition, safe work practices, recent incidents and lessons learned, and proper use of tools and equipment.</p>
</li>
<li data-end=""1690"" data-start=""1531"">
<p data-end=""1690"" data-start=""1533""><strong data-end=""1559"" data-start=""1533"">Engagement Strategies:</strong> Encouraging questions, relating safety to employees’ personal lives, and building responsibility and accountability among crews.</p>
</li>
<li data-end=""1889"" data-start=""1691"">
<p data-end=""1889"" data-start=""1693""><strong data-end=""1729"" data-start=""1693"">Documentation and Recordkeeping:</strong> Using the Weekly Safety Meeting Agenda to capture attendance, topics, and follow-up actions, and retaining records for one year to meet compliance standards.</p>
</li>
</ul>
<h3 data-end=""1915"" data-start=""1891""><strong data-end=""1913"" data-start=""1895"">Why It Matters</strong></h3>
<p data-end=""2403"" data-start=""1916"">Effective safety meetings ensure employees understand the hazards of their work, the safe practices required, and the consequences of unsafe behavior. Well-prepared and well-documented meetings not only satisfy OSHA and state requirements, but also build stronger teams, reduce accidents, and create a culture where every employee takes responsibility for safety. By mastering safety meeting leadership, Safety Coordinators strengthen both crew performance and overall project success.</p>",Mentor \ Teaching; Presenting; Project Planning & Scheduling; Safety Culture; Safety Coordinator; Safety Procedure,Safety Meetings; Planning; Safety Coordinator; Safety Culture,
Safety Training,8bb52f17-0d7f-4041-ba8e-6246123e2c74,MSHA 8-Hour Surface Mining Refresher & Experienced Miner Course,"This course meets Mine Safety and Health Administration (MSHA) Part 46 requirements for annual refresher training in surface mining. Participants review essential health and safety standards, hazard recognition, emergency procedures, and safe work practices to ensure compliance and maintain a safe mining environment.","<p data-end=""508"" data-start=""116"">This comprehensive training program is designed to meet the <strong data-end=""311"" data-start=""226"">Mine Safety and Health Administration (MSHA) Part 46 annual refresher requirement</strong> for surface miners and contractors. The course reinforces critical safety and health standards while updating participants on new regulations, industry practices, and workplace hazard awareness.</p>
<p data-end=""953"" data-start=""510"">Through a combination of instruction, discussion, and practical examples, participants will review key topics such as hazard recognition, emergency procedures, personal protective equipment (PPE), safe equipment operation, and rights and responsibilities under MSHA law. The training emphasizes proactive safety awareness and equips workers with the knowledge to prevent accidents and protect themselves and others in high-risk environments.</p>
<p data-end=""1261"" data-start=""955"">By the end of the course, participants will be up to date on required MSHA safety training and better prepared to work safely in surface mining operations. Completion of this program provides documentation of the required <strong data-end=""1213"" data-start=""1177"">8-hour annual refresher training</strong> to maintain compliance with MSHA regulations.</p>",MSHA,MSHA 8-Hour Refresher; MSHA 8-Hour Surface,
Safety Training,2c232a85-f94b-4af8-b49b-660224982c07,Introduction to planning and Controlling Hazards - T.R.A.C.K.,Welcome to the lesson on Recognizing & Controlling Hazards Using Pre-Task Assessments. Safety isn't just a priority—it's a core value that drives every decision we make on the job site. ,"<p data-pm-slice=""1 1 []"">This course highlights the critical importance of workplace safety through hazard recognition, risk assessment, and proactive control measures. It emphasizes integrating safety into daily operations and fostering a culture of accountability.</p>
<ol>
<li data-pm-slice=""1 1 []"">
<p data-pm-slice=""1 1 []""><strong>Recognize hazards proactively</strong>. Identifying both visible and hidden risks is essential for preventing accidents.</p>
</li>
<li data-pm-slice=""1 1 []"">
<p data-pm-slice=""1 1 []""><strong>Assess risks thoroughly</strong>. Evaluate the likelihood and severity of hazards to prioritize safety measures.</p>
</li>
<li data-pm-slice=""1 1 []"">
<p data-pm-slice=""1 1 []""><strong>mplement effective controls</strong>. Use engineering, administrative, and PPE strategies to minimize dangers.</p>
</li>
<li data-pm-slice=""1 1 []"">
<p data-pm-slice=""1 1 []""><strong>Foster a safety culture</strong>. Encourage accountability and teamwork to embed safety into daily routines.</p>
</li>
<li data-pm-slice=""1 1 []"">
<p data-pm-slice=""1 1 []""><strong>Plan tasks carefully</strong>. Pause to evaluate risks, choose appropriate tools, and anticipate safety concerns.</p>
</li>
<li data-pm-slice=""1 1 []"">
<p data-pm-slice=""1 1 []""><strong>Emphasize prevention</strong>. Take proactive steps to address potential issues before they escalate.</p>
</li>
<li data-pm-slice=""1 1 []"">
<p data-pm-slice=""1 1 []""><strong>Review and adapt safety measures</strong>. Continuously update controls and strategies to maintain high safety standards.</p>
</li>
</ol>
<p data-pm-slice=""1 1 []"">By applying these principles, you can create a safer and more productive work environment for everyone.</p>",Safety Culture; Safety Procedure,Planning; Hazards; Communication; OSHA,
Safety Training,ee872830-7c2e-47a0-8ff9-6daade311e21,Qualified Person - Required Precautions and Practices / Testing & Troubleshooting ,"This course teaches GSL Electric employees how to safely perform testing, troubleshooting, and energized electrical work when de-energizing is not possible. It covers verifying incident energy levels, establishing arc flash and shock boundaries, using proper PPE and testing equipment, and preparing emergency response gear in accordance with NFPA 70E and GSL safety policies.","<p data-end=""661"" data-start=""403"">This training provides GSL Electric employees with the essential procedures and safety requirements for performing <strong data-end=""577"" data-start=""518"">testing, troubleshooting, and energized electrical work</strong> in compliance with the <strong data-end=""618"" data-start=""601"">2024 NFPA 70E</strong> and GSL’s <strong data-end=""658"" data-start=""629"">Electrical Safety Program</strong>.</p>
<p data-end=""1059"" data-start=""663"">Employees will learn how to identify and control electrical hazards, verify incident energy levels, and establish safe work boundaries when energized conductors or circuit parts cannot be de-energized. The course covers the responsibilities of <strong data-end=""930"" data-start=""907"">Qualified personnel</strong>, proper use and inspection of <strong data-end=""1000"" data-start=""961"">personal protective equipment (PPE)</strong>, and requirements for <strong data-end=""1056"" data-start=""1023"">testing and measurement tools</strong>.</p>
<p data-end=""1330"" data-start=""1061"">The training also emphasizes <strong data-end=""1116"" data-start=""1090"">emergency preparedness</strong>, including staging critical response equipment—such as fire extinguishers, first aid kits, AEDs, and non-conductive rescue tools—and the correct actions to take if an electrical shock or arc flash injury occurs.</p>
<p data-end=""1395"" data-start=""1332"">By the end of this course, participants will understand how to:</p>
<ul data-end=""1756"" data-start=""1396"">
<li data-end=""1484"" data-start=""1396"">
<p data-end=""1484"" data-start=""1398"">Perform testing and troubleshooting safely within the <strong data-end=""1481"" data-start=""1452"">limited approach boundary</strong>.</p>
</li>
<li data-end=""1568"" data-start=""1485"">
<p data-end=""1568"" data-start=""1487"">Identify incident energy levels and know when energized work is <strong data-end=""1565"" data-start=""1551"">prohibited</strong>.</p>
</li>
<li data-end=""1652"" data-start=""1569"">
<p data-end=""1652"" data-start=""1571"">Apply required <strong data-end=""1631"" data-start=""1586"">arc flash and shock protection boundaries</strong> and PPE standards.</p>
</li>
<li data-end=""1756"" data-start=""1653"">
<p data-end=""1756"" data-start=""1655"">Follow GSL’s <strong data-end=""1720"" data-start=""1668"">energized work and emergency response procedures</strong> to protect themselves and others.</p>
</li>
</ul>",Electrical Safety; Qualified Person,Qualified Person; Safety; Arc Flash; Safety Culture; NFPA 70E; Electrical Safety,
Safety Training,c1d25d63-6cf7-40f3-ab23-72e14b4a0e1d,"Preventing Slips, Trips and Falls","This lesson focuses on identifying hazards that lead to slips, trips, and falls, and implementing effective prevention strategies.","<p data-pm-slice=""1 1 []"">This lesson focuses on identifying hazards that lead to slips, trips, and falls, and implementing effective prevention strategies such as:</p>
<ol>
<li>
<p><strong>Identify hazards</strong>. Regularly assess your environment for potential slip, trip, and fall risks.</p>
</li>
<li>
<p><strong>Maintain cleanliness</strong>. Keep work areas tidy to minimize clutter and obstacles.</p>
</li>
<li>
<p><strong>Use appropriate footwear</strong>. Wear shoes that provide good traction and support.</p>
</li>
<li>
<p><strong>Promote awareness</strong>. Encourage ongoing training and communication about safety practices.</p>
</li>
</ol>
<p>By applying these strategies, you can significantly reduce the risk of slips, trips, and falls in your workplace.</p>","Slips, Trips, & Falls; Hazard Awareness",Safety; Falls; Trips; Slips,
Safety Training,457d5dc1-35e5-4d6f-80aa-73b020fad862,Qualified Person - Permitted Energized Work & Required Energized Work Permit,"This course provides an overview of permitted energized electrical work and the requirements for completing an energized electrical work permit in accordance with the 2024 NFPA 70E. Learners will review qualification requirements, required risk assessments, and the hierarchy of risk control methods used to reduce exposure to electrical shock and arc flash hazards when de-energizing equipment is not feasible.","<p data-end=""410"" data-start=""31"">This course provides focused training on <em data-end=""134"" data-start=""72"">Permitted Energized Work and Required Energized Work Permits</em> in accordance with the 2024 NFPA 70E. It is designed for employees involved in planning, authorizing, or performing work on or near energized electrical conductors and circuit parts operating at 50 volts or greater when an electrically safe work condition cannot be achieved.</p>
<p data-end=""800"" data-start=""412"">Participants will learn when energized work is permitted, who is authorized to perform it, and why an energized electrical work permit is required. The course explains the purpose and use of electric shock and arc flash risk assessments, including how to identify hazards, evaluate the likelihood and severity of injury, and determine whether additional protective measures are necessary.</p>
<p data-end=""1210"" data-start=""802"">The hierarchy of risk control methods is reviewed, emphasizing the importance of eliminating hazards where possible and applying engineering controls before relying on administrative controls or personal protective equipment. Learners will also gain an understanding of key factors that influence electrical risk, such as equipment design, operating condition, maintenance, and the potential for human error.</p>
<p data-is-only-node="""" data-is-last-node="""" data-end=""1611"" data-start=""1212"">Finally, the course outlines documentation, pre-planning, and approval responsibilities, including the roles of Project Managers, Foremen, Qualified and Authorized persons, and the Safety Department. By the end of the training, participants will have a clear understanding of how permitted energized work is evaluated, documented, and controlled to support compliance and safe electrical operations.</p>",Qualified Person,Qualified Person; NFPA 70E,
Safety Training,193deba4-8b5f-42fd-91d5-75d7b9dc40ff,Hazard Communication,"Hazard Communication, commonly known as “HazCom,” refers to the procedures and processes used to effectively communicate to employees the hazards associated with workplace chemicals. This video training course educates viewers about OSHA’s Hazard Communication Standard to help employees understand how to gather the information needed to safely work with or around chemicals in the workplace.
This training explores what is included in the workplace written Hazard Communication Plan. 
Information about hazardous chemicals helps employees improve workplace safety and avoid exposures.","<p data-pm-slice=""1 1 []"">The Hazard Communication course provides essential knowledge on workplace chemical hazards, emphasizing safety, compliance, and effective communication. It covers key topics such as OSHA standards, Safety Data Sheets (SDS), labeling, and hazard classification.</p>
<ol>
<li data-pm-slice=""1 1 []"">
<p data-pm-slice=""1 1 []""><strong>Understand HazCom</strong>. Familiarize yourself with workplace chemical hazard communication procedures.</p>
</li>
<li data-pm-slice=""1 1 []"">
<p data-pm-slice=""1 1 []""><strong>Know OSHA standards</strong>. Learn the requirements of the OSHA Hazard Communication Standard for safety.</p>
</li>
<li data-pm-slice=""1 1 []"">
<p data-pm-slice=""1 1 []""><strong>Utilize SDS</strong>. Use Safety Data Sheets to handle materials safely and respond to emergencies.</p>
</li>
<li data-pm-slice=""1 1 []"">
<p data-pm-slice=""1 1 []""><strong>Recognize labels</strong>. Check container labels for safety warnings, usage instructions, and ingredients.</p>
</li>
<li data-pm-slice=""1 1 []"">
<p data-pm-slice=""1 1 []""><strong>Identify hazards</strong>. Understand the classifications and risks of chemical hazards in your environment.</p>
</li>
<li data-pm-slice=""1 1 []"">
<p data-pm-slice=""1 1 []""><strong>Familiarize with GHS</strong>. Learn the standardized system for chemical classification and labeling.</p>
</li>
<li data-pm-slice=""1 1 []"">
<p data-pm-slice=""1 1 []""><strong>Implement safety measures</strong>. Use protective equipment and follow protocols to minimize risks.</p>
</li>
</ol>
<p data-pm-slice=""1 1 []"">By applying the knowledge from this course, you can create a safer and more compliant workplace environment.</p>",Hazard Communication; Safety Procedure,Safety; Hazards; Communication; OSHA,
Safety Training,3eeb0714-4800-438d-96cf-801f717757a7,Safe Electrical Work Practices And The 2024 NFPA 70E For Electrical Workers,"Welcome to the GSL's 2024 NFPA 70E Online Training! This course is designed to provide you with essential knowledge of electrical safety in the workplace, focusing on the latest updates and best practices for preventing electrical hazards. Throughout this training, you'll learn how to assess risks, apply proper protective measures, and follow safe work practices in accordance with the 2024 edition of the NFPA 70E standard. Our goal is to equip you with the skills and understanding needed to ensure a safe working environment when dealing with electrical equipment and energized systems. Let’s get started!","<p data-pm-slice=""1 1 []"">This course provides essential knowledge on electrical safety, focusing on the latest NFPA 70E standards for 2024. It equips participants with the skills to identify risks, implement protective measures, and maintain safe work practices.</p>
<ul>
<li data-pm-slice=""1 1 []""><strong>Understand electrical safety</strong>. Recognizing its importance helps prevent workplace accidents.</li>
<li data-pm-slice=""1 1 []""><strong>Assess risks effectively</strong>. Identifying hazards is the first step to ensuring safety</li>
<li data-pm-slice=""1 1 []""><strong>Apply protective measures</strong>. Consistent use of proper gear and protocols is crucial.</li>
<li data-pm-slice=""1 1 []""><strong>Stay updated with standards</strong>. Familiarity with NFPA 70E regulations ensures compliance.</li>
<li data-pm-slice=""1 1 []""><strong>Create safety plans</strong>. Develop and regularly update Job Safety Plans for effective hazard management.</li>
<li data-pm-slice=""1 1 []""><strong>Recognize arc flash risks</strong>. Understanding boundaries and using appropriate PPE minimizes dangers.</li>
<li data-pm-slice=""1 1 []""><strong>Label equipment properly</strong>. Clear and durable labels enhance safety and organization.</li>
</ul>
<div data-block-id=""cmen5yrwr000c357gtxuklrdr"">
<div>
<div>
<div>
<div>
<div>
<p data-pm-slice=""1 1 []"">By applying these principles, you can create a safer and more compliant workplace environment.</p>
</div>
</div>
<div></div>
</div>
</div>
</div>
</div>",Electrical Safety; Hazard Awareness; Safety Procedure,Safety; OSHA,
Safety Training,cc2114fd-907a-4524-ac65-803f4a1d83ad,Safety Coordinator - 8.0 Disciplinary Action,"This course covers GSL Electric’s progressive disciplinary process and the shared responsibility of Foremen and Safety Coordinators in enforcing safety rules. It explains how discipline is used as a corrective tool—not as punishment—to address unsafe behavior, protect employees and crews, and maintain compliance. Learners will also understand the importance of consistent enforcement and proper documentation to ensure fairness, accountability, and a safer workplace.","<h2 data-end=""226"" data-start=""152""><strong data-end=""224"" data-start=""155"">Safety Discipline &amp; Progressive Corrective Action</strong></h2>
<p data-end=""684"" data-start=""228"">For GSL Electric to operate safely and fairly, all employees must follow established safety rules and work standards. While most employees willingly meet these expectations, there are times when discipline is required to address unsafe or unacceptable behavior. This course explains GSL Electric’s progressive disciplinary system, its purpose, and the roles of Foremen and Safety Coordinators in applying discipline consistently, fairly, and effectively.</p>
<h3 data-end=""713"" data-start=""686""><strong data-end=""711"" data-start=""690"">What You’ll Learn</strong></h3>
<ul data-end=""1982"" data-start=""714"">
<li data-end=""889"" data-start=""714"">
<p data-end=""889"" data-start=""716""><strong data-end=""746"" data-start=""716"">The Purpose of Discipline:</strong> Why discipline is used to correct behavior, not punish, and how it helps prevent accidents, protect employees, and reinforce accountability.</p>
</li>
<li data-end=""1092"" data-start=""890"">
<p data-end=""1092"" data-start=""892""><strong data-end=""925"" data-start=""892"">Progressive Discipline Steps:</strong> How GSL’s three-step process—counseling, suspension, and termination—is applied, and when management may adjust steps depending on the seriousness of the violation.</p>
</li>
<li data-end=""1296"" data-start=""1093"">
<p data-end=""1296"" data-start=""1095""><strong data-end=""1124"" data-start=""1095"">Roles &amp; Responsibilities:</strong> The Foreman’s primary role in disciplining crew members, and the Safety Coordinator’s responsibility to ensure proper steps, documentation, and signatures are completed.</p>
</li>
<li data-end=""1454"" data-start=""1297"">
<p data-end=""1454"" data-start=""1299""><strong data-end=""1317"" data-start=""1299"">Documentation:</strong> The use of Safety Counseling Forms to create a consistent, uniform approach to addressing rule violations and ensuring accountability.</p>
</li>
<li data-end=""1615"" data-start=""1455"">
<p data-end=""1615"" data-start=""1457""><strong data-end=""1484"" data-start=""1457"">Consistency &amp; Fairness:</strong> Why it’s critical that discipline is applied equally to all employees, including supervisors, to maintain credibility and trust.</p>
</li>
<li data-end=""1792"" data-start=""1616"">
<p data-end=""1792"" data-start=""1618""><strong data-end=""1640"" data-start=""1618"">Timing &amp; Approach:</strong> How discipline should be timely, constructive, and preferably delivered in the work area to correct unsafe actions before they result in an accident.</p>
</li>
<li data-end=""1982"" data-start=""1793"">
<p data-end=""1982"" data-start=""1795""><strong data-end=""1817"" data-start=""1795"">Record Management:</strong> How documentation is submitted to the Safety Director and Human Resources, and how violations may be removed from an employee’s record after a year of compliance.</p>
</li>
</ul>
<h3 data-end=""2008"" data-start=""1984""><strong data-end=""2006"" data-start=""1988"">Why It Matters</strong></h3>
<p data-end=""2512"" data-start=""2009"">Disciplinary action is a proactive tool for keeping employees safe, ensuring compliance, and maintaining operational efficiency. By applying progressive discipline in a consistent and documented way, Foremen and Safety Coordinators not only protect employees and crews but also reinforce GSL Electric’s culture of safety and fairness. Ultimately, the goal is not punishment, but improvement—helping employees correct unsafe behaviors and ensuring everyone can return home safely at the end of the day.</p>",Mentor \ Teaching; Safety Culture; Accountability; Safety Coordinator; Discipline; Safety Procedure,Safety Coordinator; Discipline,
Safety Training,96e33998-782d-4b04-ab5e-81621e537d9a,Simple Lockout-Tagout Procedures,The 'Simple Lockout-Tagout Procedures' course provides essential guidelines for safely managing hazardous energy during maintenance and servicing activities.,"<p data-pm-slice=""1 3 []"">The 'Simple Lockout-Tagout Procedures' course provides essential guidelines for safely managing hazardous energy during maintenance and servicing activities. It emphasizes the importance of proper lockout-tagout practices to prevent accidental machine start-up and ensure worker safety.</p>
<ol>
<li>
<p><strong>Understand the purpose</strong>. Lockout-tagout procedures are crucial for protecting workers from unexpected machine operation.</p>
</li>
<li>
<p><strong>Follow the steps</strong>. Always identify energy sources, isolate them, and apply locks and tags before starting maintenance.</p>
</li>
<li>
<p><strong>Communicate effectively</strong>. Ensure all team members are aware of lockout-tagout procedures to maintain a safe work environment.</p>
</li>
<li>
<p><strong>Review regularly</strong>. Regular training and audits help reinforce the importance of lockout-tagout practices.</p>
</li>
<li>
<p><strong>Understand LOTO conditions</strong>. Recognize when a simple lockout procedure is applicable.</p>
</li>
<li>
<p><strong>Qualified personnel are essential</strong>. Ensure a qualified individual verifies the safety of the lockout process.</p>
</li>
<li>
<p><strong>Maintain exclusive control</strong>. Always keep lockout devices under the control of the individual performing maintenance.</p>
</li>
<li>
<p><strong>Be aware of exceptions</strong>. Know when LOTO procedures are not necessary, such as with cord and plug-connected equipment.</p>
</li>
</ol>",Lockout / Tagout; Safety Procedure,Safety; Lockout Tagout,
Safety Training,20165ceb-a986-4eeb-9202-8c81b8b9c435,Qualified Person - 2024 NFPA 70E Required Boundaries,"This course explains shock risk assessments and shock protection approach boundaries in accordance with the 2024 NFPA 70E, including requirements for qualified, authorized, and unqualified personnel working near energized electrical conductors and circuit parts.","<div class=""flex max-w-full flex-col grow"">
<div data-message-model-slug=""gpt-5-2"" class=""min-h-8 text-message relative flex w-full flex-col items-end gap-2 text-start break-words whitespace-normal [.text-message+&amp;]:mt-1"" dir=""auto"" data-message-id=""b82c2bd4-4a23-445d-88ef-fb5a7cd0b29e"" data-message-author-role=""assistant"">
<div class=""flex w-full flex-col gap-1 empty:hidden first:pt-[1px]"">
<div class=""markdown prose dark:prose-invert w-full break-words dark markdown-new-styling"">
<p data-end=""934"" data-start=""551"">This online training provides an overview of <strong data-end=""634"" data-start=""596"">electrical shock hazard protection</strong> as defined by the <strong data-end=""718"" data-start=""653"">2024 NFPA 70E Standard for Electrical Safety in the Workplace</strong>. The course explains how a shock risk assessment is used to determine voltage exposure, establish approach boundaries, and identify the personal protective equipment necessary to minimize the risk of electric shock.</p>
<p data-end=""1312"" data-start=""936"">Learners will review the purpose and application of the <strong data-end=""1021"" data-start=""992"">limited approach boundary</strong> and <strong data-end=""1058"" data-start=""1026"">restricted approach boundary</strong>, including how these boundaries apply when personnel are working near exposed energized electrical conductors or circuit parts. The training also explains the use of <strong data-end=""1255"" data-start=""1225"">NFPA 70E Table 130.4(E)(a)</strong> for AC systems and <strong data-end=""1296"" data-start=""1275"">Table 130.4(E)(b)</strong> for DC systems.</p>
<p data-end=""1723"" data-start=""1314"">In addition, the course outlines restrictions for unqualified persons, required alerting methods when working near approach boundaries, and escort requirements when an unqualified person must cross the limited approach boundary. The conditions under which qualified and authorized persons may approach within the restricted approach boundary are also addressed, including insulation and guarding requirements.</p>
<p data-is-only-node="""" data-is-last-node="""" data-end=""1912"" data-start=""1725"">This training is intended to reinforce safe work practices, regulatory compliance, and clear understanding of shock protection boundaries when energized electrical work cannot be avoided.</p>
</div>
</div>
</div>
</div>",Qualified Person,Qualified Person; NFPA 70E; Shock Protection Boundaries,
Safety Training,bc73d0c4-b397-4ce5-a190-8f7ba1dfefa7,Permit-Required Confined Spaces,"Confined spaces present unique and serious hazards that require specific safety measures to protect anyone entering them. Whether it’s a tank, manhole, or pit, these spaces are not designed for continuous occupancy and can pose significant risks, such as hazardous atmospheres, engulfment, or other critical dangers.","<p data-pm-slice=""1 1 []"">Confined spaces present unique and serious hazards that require specific safety measures to protect anyone entering them. Whether it’s a tank, manhole, or pit, these spaces are not designed for continuous occupancy and can pose significant risks, such as hazardous atmospheres, engulfment, or other critical dangers. To safeguard employees, it is crucial to understand the difference between a confined space and a Permit-Required Confined Space (PRCS). A PRCS typically has life-threatening hazards like toxic gases, or potential for entrapment, and requires strict safety protocols under OSHA regulations. With proper training, careful oversight, and a robust permit system, we can ensure every confined space entry is performed safely and in compliance with regulatory standards.</p>",Hazard Awareness; Safety Procedure,Reporting; Safety; Hazards; Communication; OSHA,
Safety Training,9f2eaded-62c0-427a-a3a9-8fd41542067d,Qualified Person - Arc Flash Personal Protective Equipment,"This course provides an overview of arc flash hazard awareness and PPE selection in accordance with the 2024 NFPA 70E and GSL’s Electrical Safety Program. Learners will review incident energy labeling, and proper use of 8 cal/cm² and 40 cal/cm² arc flash kits to ensure safe and compliant energized work practices.","<p data-end=""410"" data-start=""0"">This course provides detailed training on arc flash hazards, incident energy labeling, and the proper selection and use of arc flash personal protective equipment (PPE) in accordance with the <strong data-end=""209"" data-start=""192"">2024 NFPA 70E</strong> and <strong data-end=""249"" data-start=""214"">GSL’s Electrical Safety Program</strong>. The course is designed for employees who may plan, supervise, or perform work on or near energized electrical equipment where arc flash hazards may be present.</p>
<p data-end=""861"" data-start=""412"">Learners will gain an understanding of how incident energy is calculated and displayed on equipment labels, how working distance affects exposure, and how this information is used to determine PPE requirements. The training explains GSL’s use of the <strong data-end=""692"" data-start=""662"">NFPA 70E simplified method</strong> for arc flash PPE selection, including when to use an <strong data-end=""774"" data-start=""747"">8 cal/cm² arc flash kit</strong> and when a <strong data-end=""814"" data-start=""786"">40 cal/cm² arc flash kit</strong> is required based on incident energy exposure.</p>
<p data-end=""1416"" data-start=""863"">The course also addresses critical limitations related to high incident energy levels. Participants will learn that when equipment labels indicate incident energy exposures <strong data-end=""1060"" data-start=""1036"">exceeding 40 cal/cm²</strong>, equipment covers must not be removed, and the circuit must be de-energized and controlled using Lockout/Tagout procedures before work can proceed. Additional topics include PPE inspection requirements, proper care, storage, and maintenance of arc-rated clothing, and the responsibilities of employees to follow established boundaries and safety controls.</p>
<p data-is-only-node="""" data-is-last-node="""" data-end=""1737"" data-start=""1418"">By the end of this course, learners will be able to interpret arc flash equipment labels, select appropriate PPE, recognize when energized work is prohibited, and apply GSL’s Electrical Safety Program requirements to reduce the risk of arc flash and electrical shock injuries while maintaining compliance with NFPA 70E.</p>",Qualified Person,Safety; Arc Flash; PPE; NFPA 70E,
Safety Training,78553020-d9d9-4970-bfaf-937ca29b66b9,Safety Coordinator - 6.0 Project Planning & Identifying Hazards,"This course explains how proper planning, hazard assessments, and jobsite permits work together to keep crews safe and projects compliant. You’ll learn the importance of pre-task planning, identifying and controlling hazards, and using permits and checklists to ensure every task is performed safely and effectively.","<h2 data-end=""194"" data-start=""112""><strong data-end=""192"" data-start=""115"">Project Planning, Hazard Identification &amp; Jobsite Permits</strong></h2>
<p data-end=""520"" data-start=""196"">Performing any job safely and effectively requires careful planning at every level of the organization. This course provides Safety Coordinators, supervisors, and project leaders with the knowledge and tools needed to plan ahead, identify hazards, and use the permit system to protect workers, the public, and the jobsite.</p>
<h3 data-end=""549"" data-start=""522""><strong data-end=""547"" data-start=""526"">What You’ll Learn</strong></h3>
<ul data-end=""1654"" data-start=""550"">
<li data-end=""744"" data-start=""550"">
<p data-end=""744"" data-start=""552""><strong data-end=""583"" data-start=""552"">The Importance of Planning:</strong> How corporate, project, and supervisory planning ensures the right manpower, training, materials, tools, and safety measures are available before work begins.</p>
</li>
<li data-end=""916"" data-start=""745"">
<p data-end=""916"" data-start=""747""><strong data-end=""779"" data-start=""747"">Supervisor Responsibilities:</strong> Why supervisors must plan two to five days ahead, hold daily toolbox meetings, and organize resources and assignments for their crews.</p>
</li>
<li data-end=""1096"" data-start=""917"">
<p data-end=""1096"" data-start=""919""><strong data-end=""945"" data-start=""919"">Hazard Identification:</strong> How to use the TRACK system and documented risk assessments to identify, rank, and control hazards, and why these must be reviewed by all employees.</p>
</li>
<li data-end=""1253"" data-start=""1097"">
<p data-end=""1253"" data-start=""1099""><strong data-end=""1132"" data-start=""1099"">Jobsite Permits &amp; Checklists:</strong> The role of permits in ensuring work is performed safely, hazards are controlled, and regulatory requirements are met.</p>
</li>
<li data-end=""1473"" data-start=""1254"">
<p data-end=""1473"" data-start=""1256""><strong data-end=""1277"" data-start=""1256"">Types of Permits:</strong> A review of key permits and forms including Burn Permits, Confined Space Entry Permits, Energized Work Permits, Excavation Checklists, Lockout/Tagout documentation, Safe Work Permits, and more.</p>
</li>
<li data-end=""1654"" data-start=""1474"">
<p data-end=""1654"" data-start=""1476""><strong data-end=""1507"" data-start=""1476"">Accountability &amp; Approvals:</strong> Why project leadership must complete permits, Safety Coordinators must review and sign them, and client approvals are required in certain cases.</p>
</li>
</ul>
<h3 data-end=""1680"" data-start=""1656""><strong data-end=""1678"" data-start=""1660"">Why It Matters</strong></h3>
<p data-end=""2061"" data-start=""1681"">Permits and hazard assessments are not just paperwork—they are safeguards that save lives. They confirm that hazards have been identified, the right safety controls are in place, and all responsibilities are documented. By following the planning and permit process, crews work more efficiently, supervisors ensure compliance, and everyone goes home safely at the end of the day.</p>",Hazard Awareness; Safety; Safety Coordinator; Safety Planning,Forecasting; Risk Assessment; Safety; Planning; Hazards; Safety Coordinator,
Safety Training,81b224db-8e05-4ba9-8635-944ed475dd12,OSHA’s Focus Four Workplace Hazards ,"The OSHA Focus Four Hazards—falls, struck-by incidents, caught-in/between hazards, and electrocutions—are responsible for the majority of construction-related fatalities. These dangers highlight the need for rigorous safety training, proper use of personal protective equipment (PPE), and strict adherence to safety protocols.

To mitigate these risks, construction companies must prioritize safety planning, regular inspections, and ongoing training programs. Workers must also remain vigilant and actively participate in maintaining a culture of safety to protect themselves and their coworkers on the job site.","<div data-block-id=""cmen6jtes004b357g5k1u657f"">
<div data-block-text="""" data-block-id=""cmen6jtes004b357g5k1u657f"">
<div translate=""no"" role=""textbox"" contenteditable=""true"" tabindex=""0"">
<p><br>This course focused on OSHA's Focus Four Hazards, which are the leading causes of fatalities in the construction industry. It emphasized the importance of recognizing, preventing, and addressing these hazards through safety measures and shared responsibility.</p>
<ul>
<li><strong>Understand the Focus Four Hazards</strong>. Recognizing falls, struck-by incidents, caught-in/between hazards, and electrocutions is essential for workplace safety.</li>
<li><strong>Implement safety protocols</strong>. Use proper equipment, techniques, and OSHA-compliant measures to mitigate risks.</li>
<li><strong>Use personal protective equipment</strong>. Wearing appropriate PPE like harnesses and high-visibility vests minimizes injury risks.</li>
<li><strong>Conduct regular inspections</strong>. Checking safety equipment and work areas ensures a safe environment.</li>
<li><strong>Encourage a safety culture</strong>. Empower workers to prioritize safety and report unsafe conditions.</li>
<li><strong>Stay informed about hazards</strong>. Learn from real-life examples and statistics to understand risks and prevention strategies.</li>
<li><strong>Communicate effectively</strong>. Maintain clear communication to address safety concerns and prevent accidents.</li>
</ul>
<div data-block-id=""cmen6jtes004d357gfse2b4jw"">
<div>
<div>
<div>
<div></div>
<div></div>
</div>
</div>
</div>
</div>
<div data-block-id=""cmen6jtes004e357gtubp8r2s"">
<div>
<div>
<div>
<div>By applying these safety principles, you can help create a safer work environment and reduce the risk of workplace injuries and fatalities.</div>
<div>
<div></div>
</div>
</div>
</div>
</div>
</div>
</div>
</div>
</div>",Electrical Safety; Hazard Awareness,,
Safety Training,c80cc58f-9701-45f0-a9a5-9622a355b29b,How to navigate Learn365,"In this course, we'll give you an overview of the key features in the product and how you access courses. Let's explore My Training Dashboard, the Course Catalog page the Course home page and how to navigate learning items.

","<p><strong>Welcome to Learn365</strong></p>
<p>In this course, we'll give you an overview of key features in the product. We'll show how you discover and access courses, navigate learning items, follow your learning progress, and get the most out of your learning journey in Learn365.</p>
<p></p>
<p>The course is designed for learners.</p>
<p></p>
<p><strong>By completing this course you should be able to:</strong></p>
<ol>
<li>Access the Learn365 learning platform through various channels, including Microsoft SharePoint, Microsoft Teams, and the mobile app.</li>
<li>Discover and complete training in the system. </li>
<li>Follow your learning progress.</li>
</ol>
<p></p>
<p>Enjoy your learning journey with Learn365. </p>
<p></p>",Learn365 Navigation; Learn365,,
Safety Training,3a52b59a-4510-4521-ab8c-964f8fa95a0a,New Hire Safety Orientation,Safety in the workplace is of utmost importance at our organization. Accidents and injuries in the workplace affect thousands of workers every year and have a serious impact on business.,"<p data-pm-slice=""1 1 []"">Safety in the workplace is of utmost importance at our organization. Accidents and injuries in the workplace affect thousands of workers every year and have a serious impact on business.</p>
<p></p>
<p>Following simple techniques and using common sense goes a long way toward preventing accidents and workplace injuries.  This course will teach you the basics you need to know to prevent a workplace injury. Familiarize yourself with the following content and complete the brief assessment.</p>",Safety Culture; Policy,Safety,
Safety Training,9e8fcc39-5cfe-413f-aff1-97b5e311300e,Types Of Chemical Hazards,"In this lesson, we will explore the various types of chemical hazards. Understanding these hazards is crucial for ensuring safety in environments where chemicals are used or stored.

Identify different chemical hazard types. Each type poses unique risks that require specific safety protocols.","<p data-pm-slice=""1 1 []"">This course focused on understanding chemical hazards, their classifications, associated risks, and the importance of safety protocols in environments where chemicals are present.</p>
<ol>
<li data-pm-slice=""1 1 []"">
<p data-pm-slice=""1 1 []""><strong>Recognize various chemical hazards</strong>. Identifying types helps in assessing associated risks.</p>
</li>
<li data-pm-slice=""1 1 []"">
<p data-pm-slice=""1 1 []""><strong>Implement tailored safety protocols</strong>. Each hazard type requires specific measures to ensure safety.</p>
</li>
<li data-pm-slice=""1 1 []"">
<p data-pm-slice=""1 1 []""><strong>Prioritize safety in chemical environments</strong>. Awareness and vigilance are key to preventing accidents.</p>
</li>
<li data-pm-slice=""1 1 []"">
<p data-pm-slice=""1 1 []""><strong>Stay informed about chemical risks</strong>. Continuous education enhances workplace safety and preparedness.</p>
</li>
<li data-pm-slice=""1 1 []"">
<p data-pm-slice=""1 1 []""><strong>Ensure proper labeling of chemicals</strong>. Clear labels aid in hazard identification and safe handling.</p>
</li>
</ol>
<p data-pm-slice=""1 1 []"">By applying these principles, you can create a safer environment when working with or around chemicals</p>",Hazard Awareness; Hazard Communication; Safety Procedure,Safety; Hazards; OSHA,
Safety Training,86a557c2-9088-4ecf-b596-a502a7a43a0f,Safety Coordinator - 10.0 Injury & Case Management,"This course explains GSL Electric’s Injury and Case Management Policy and the steps to follow when an injury occurs on the job. You’ll learn how to provide proper first aid, follow emergency action principles, report incidents within required timelines, and ensure injured employees receive appropriate medical care. The training emphasizes consistent reporting, effective case management, and return-to-work practices that protect employee health, meet regulatory requirements, and prevent future injuries.","<h2 data-end=""206"" data-start=""157""><strong data-end=""204"" data-start=""160"">Injury &amp; Case Management</strong></h2>
<p data-end=""612"" data-start=""208"">At GSL Electric, accident prevention is our highest priority, but when an injury does occur, it must be handled quickly, consistently, and in compliance with safety regulations. This course provides Foremen, Safety Coordinators, and employees with the knowledge and procedures necessary to properly respond to injuries, deliver first aid, and manage cases from initial treatment through return-to-work.</p>
<h3 data-end=""641"" data-start=""614""><strong data-end=""639"" data-start=""618"">What You’ll Learn</strong></h3>
<ul data-end=""1941"" data-start=""642"">
<li data-end=""825"" data-start=""642"">
<p data-end=""825"" data-start=""644""><strong data-end=""677"" data-start=""644"">First Aid &amp; Emergency Action:</strong> How to stay calm, assess the scene, check responsiveness and breathing, control bleeding, and protect yourself while assisting injured employees.</p>
</li>
<li data-end=""1026"" data-start=""826"">
<p data-end=""1026"" data-start=""828""><strong data-end=""861"" data-start=""828"">Life-Threatening Emergencies:</strong> Recognizing when to request trained medical professionals for conditions such as unconsciousness, severe bleeding, electrical shock, or suspected spinal injuries.</p>
</li>
<li data-end=""1212"" data-start=""1027"">
<p data-end=""1212"" data-start=""1029""><strong data-end=""1062"" data-start=""1029"">Incident Response Procedures:</strong> Following site-specific emergency communication plans, securing the scene, and reporting injuries according to company and regulatory requirements.</p>
</li>
<li data-end=""1367"" data-start=""1213"">
<p data-end=""1367"" data-start=""1215""><strong data-end=""1234"" data-start=""1215"">Minor Injuries:</strong> Providing proper first aid, submitting notifications, completing reports, and ensuring the injury does not worsen during recovery.</p>
</li>
<li data-end=""1562"" data-start=""1368"">
<p data-end=""1562"" data-start=""1370""><strong data-end=""1391"" data-start=""1370"">Serious Injuries:</strong> Coordinating immediate care, transporting employees to approved medical facilities, and ensuring a Foreman or Safety Coordinator interfaces with the treating physician.</p>
</li>
<li data-end=""1752"" data-start=""1563"">
<p data-end=""1752"" data-start=""1565""><strong data-end=""1591"" data-start=""1565"">Return-to-Work Policy:</strong> Working with medical professionals to support full-duty return when possible or assigning light-duty work as needed to reduce lost time and support recovery.</p>
</li>
<li data-end=""1941"" data-start=""1753"">
<p data-end=""1941"" data-start=""1755""><strong data-end=""1791"" data-start=""1755"">Case Management &amp; Documentation:</strong> Submitting injury reports to the Safety Director within 24 hours, maintaining up-to-date records, and ensuring consistent handling of all injuries.</p>
</li>
</ul>
<h3 data-end=""1967"" data-start=""1943""><strong data-end=""1965"" data-start=""1947"">Why It Matters</strong></h3>
<p data-end=""2504"" data-start=""1968"">Timely and accurate injury management protects the health and well-being of employees while reducing risks and liabilities for the company. By documenting injuries properly, coordinating medical care, and reinforcing return-to-work practices, GSL Electric ensures compliance with OSHA requirements, consistency across all projects, and a safer workplace for everyone. Most importantly, proper case management supports our commitment to “Zero Broken Lives” by making sure every employee gets the care they need and returns home safely.</p>",Safety Culture; Safety; Safety Coordinator; Safety Procedure,First Aid; Action; Injury & Case Management; Safety Culture,
Safety Training,b375a377-ba30-4c27-9078-aad558408e74,Supported Scaffolding Safety in Industrial and Construction Environments,"This lesson will delve into the construction of supported scaffolds, the associated hazards, the regulations designed to mitigate these risks, and the safety procedures employees should follow. ","<p data-pm-slice=""1 1 []"">Every day, millions of workers use different types of scaffolds to safely perform their tasks at heights. One of the most commonly used scaffolds is the supported scaffold, held up by a framework of support beams, which provides a secure platform for workers to walk, work, and store tools and materials. However, scaffolds can also be hazardous, and each year thousands of workers are injured, with over 50 fatalities often resulting from falls. This lesson will delve into the construction of supported scaffolds, the associated hazards, the regulations designed to mitigate these risks, and the safety procedures employees should follow. </p>","Slips, Trips, & Falls; Hazard Awareness",Scaffolding; Safety; OSHA,
Safety Training,6bdf9624-ba3f-47e8-8686-b0a8995987e2,Safety Coordinator - 6.0 Project Planning & Identifying Hazards,"This course explains how proper planning, hazard assessments, and jobsite permits work together to keep crews safe and projects compliant. You’ll learn the importance of pre-task planning, identifying and controlling hazards, and using permits and checklists to ensure every task is performed safely and effectively.","<h2 data-end=""194"" data-start=""112""><strong data-end=""192"" data-start=""115"">Project Planning, Hazard Identification &amp; Jobsite Permits</strong></h2>
<p data-end=""520"" data-start=""196"">Performing any job safely and effectively requires careful planning at every level of the organization. This course provides Safety Coordinators, supervisors, and project leaders with the knowledge and tools needed to plan ahead, identify hazards, and use the permit system to protect workers, the public, and the jobsite.</p>
<h3 data-end=""549"" data-start=""522""><strong data-end=""547"" data-start=""526"">What You’ll Learn</strong></h3>
<ul data-end=""1654"" data-start=""550"">
<li data-end=""744"" data-start=""550"">
<p data-end=""744"" data-start=""552""><strong data-end=""583"" data-start=""552"">The Importance of Planning:</strong> How corporate, project, and supervisory planning ensures the right manpower, training, materials, tools, and safety measures are available before work begins.</p>
</li>
<li data-end=""916"" data-start=""745"">
<p data-end=""916"" data-start=""747""><strong data-end=""779"" data-start=""747"">Supervisor Responsibilities:</strong> Why supervisors must plan two to five days ahead, hold daily toolbox meetings, and organize resources and assignments for their crews.</p>
</li>
<li data-end=""1096"" data-start=""917"">
<p data-end=""1096"" data-start=""919""><strong data-end=""945"" data-start=""919"">Hazard Identification:</strong> How to use the TRACK system and documented risk assessments to identify, rank, and control hazards, and why these must be reviewed by all employees.</p>
</li>
<li data-end=""1253"" data-start=""1097"">
<p data-end=""1253"" data-start=""1099""><strong data-end=""1132"" data-start=""1099"">Jobsite Permits &amp; Checklists:</strong> The role of permits in ensuring work is performed safely, hazards are controlled, and regulatory requirements are met.</p>
</li>
<li data-end=""1473"" data-start=""1254"">
<p data-end=""1473"" data-start=""1256""><strong data-end=""1277"" data-start=""1256"">Types of Permits:</strong> A review of key permits and forms including Burn Permits, Confined Space Entry Permits, Energized Work Permits, Excavation Checklists, Lockout/Tagout documentation, Safe Work Permits, and more.</p>
</li>
<li data-end=""1654"" data-start=""1474"">
<p data-end=""1654"" data-start=""1476""><strong data-end=""1507"" data-start=""1476"">Accountability &amp; Approvals:</strong> Why project leadership must complete permits, Safety Coordinators must review and sign them, and client approvals are required in certain cases.</p>
</li>
</ul>
<h3 data-end=""1680"" data-start=""1656""><strong data-end=""1678"" data-start=""1660"">Why It Matters</strong></h3>
<p data-end=""2061"" data-start=""1681"">Permits and hazard assessments are not just paperwork—they are safeguards that save lives. They confirm that hazards have been identified, the right safety controls are in place, and all responsibilities are documented. By following the planning and permit process, crews work more efficiently, supervisors ensure compliance, and everyone goes home safely at the end of the day.</p>",Hazard Awareness; Safety; Safety Coordinator; Safety Planning,Forecasting; Risk Assessment; Safety; Planning; Hazards; Safety Coordinator,
Safety Training,959c3836-0528-4757-856c-b1ecca0b1063,Lockout Tagout Procedures - Return To Service Procedures,"This lesson emphasizes the critical procedures for safely energizing electrical equipment and circuits, highlighting the importance of compliance with NFPA 70E standards and the company's electrical safety program.","<p data-pm-slice=""1 1 []"">This lesson emphasizes the critical procedures for safely energizing electrical equipment and circuits, highlighting the importance of compliance with NFPA 70E standards and the company's electrical safety program. Here are the key steps:</p>
<ol>
<li>
<p><strong>Verify job completion</strong>. Ensure that all tasks are finished before energizing systems.</p>
</li>
<li>
<p><strong>Inspect the work area</strong>. Remove all tools and materials to prevent accidents.</p>
</li>
<li>
<p><strong>Remove grounding devices</strong>. Take away any grounding equipment before restoring power.</p>
</li>
<li>
<p><strong>Notify personnel</strong>. Communicate clearly about the restoration of electrical supply to maintain safety.</p>
</li>
<li>
<p><strong>Conduct quality control checks</strong>. Verify that all safety measures are in place for a safe startup process.</p>
</li>
</ol>
<p>Following these procedures will help ensure a safe and efficient startup process.</p>",,Quality Check; Inspection; Energize; Return to Service,
Safety Training,dd70710f-bda8-4373-9d59-b5a3b4aa1429,Safely Accessing a Scaffold,"This lesson focuses on essential practices for safely accessing a scaffold, emphasizing the importance of proper training, equipment checks, and adherence to safety protocols.","<p data-pm-slice=""1 1 []"">This lesson focuses on essential practices for safely accessing a scaffold, emphasizing the importance of proper training, equipment checks, and adherence to safety protocols.</p>
<ol>
<li>
<p><strong>Understand the risks</strong>. Recognizing potential hazards is crucial for safety.</p>
</li>
<li>
<p><strong>Use proper equipment</strong>. Always ensure that ladders and harnesses are in good condition.</p>
</li>
<li>
<p><strong>Follow safety protocols</strong>. Adhering to established guidelines minimizes the chance of accidents.</p>
</li>
<li>
<p><strong>Seek training</strong>. Regular training sessions enhance skills and awareness regarding scaffold safety.</p>
</li>
</ol>
<p>By following these practices, you can significantly reduce the risk of accidents while working on scaffolds.</p>",,Scaffolding; Safety,
Safety Training,f352c97d-aaf2-4e07-bc1a-b891d4b69709,Supported Scaffolds and OSHA Regulations,This lesson highlights the critical role of supported scaffolds in construction and the OSHA regulations designed to ensure safety,"<p data-pm-slice=""1 1 []"">Studies have shown, falling from a building from as few as three stories up carries a 50% mortality rate. This fact illustrates the absolute need for construction workers who work on scaffolds to strictly follow safety measures at all times. In addition, because of the hazardous nature of the job, it is essential an experienced supervisor also be onsite at all times when a scaffold is in use.</p>
<p></p>
<p>This lesson highlights the critical role of supported scaffolds in construction and the OSHA regulations designed to ensure safety. It stressed the importance of proper design, maintenance, and training to prevent accidents and injuries on job sites.</p>
<ol>
<li>
<p><strong>Understand scaffold types</strong>. Familiarize yourself with different supported scaffold systems and their specific uses.</p>
</li>
<li>
<p><strong>Follow OSHA guidelines</strong>. Always adhere to OSHA regulations to maintain a safe working environment.</p>
</li>
<li>
<p><strong>Prioritize training</strong>. Ensure all workers receive proper training on scaffold safety and usage.</p>
</li>
<li>
<p><strong>Regular inspections are essential</strong>. Conduct routine checks to identify and address any potential hazards.</p>
</li>
</ol>
<p>By following these guidelines, you can significantly enhance safety and efficiency on construction sites.</p>","Slips, Trips, & Falls; Safety Procedure",Scaffolding; Safety; OSHA,
Safety Training,6f534cd4-0ebc-4cff-9388-bf4049e924fd,Corrective Counseling and Performance Reviews,"This course trains field leaders to prevent workplace issues, motivate employees, resolve conflict, and apply corrective counseling and progressive discipline with professionalism.","<p>The course provides field leaders with proactive leadership tools, focusing on early intervention, honest feedback, and systematic use of corrective counseling. Participants learn to build strong teams, resolve conflict early, and apply discipline only as a well-managed last resort. The emphasis is on prevention, fairness, and consistent follow-through to achieve high-performing teams. Field leaders are equipped to recognize issues before they escalate and to follow a structured process when formal action is necessary, always balancing support with accountability.</p>",Document Control; Leadership Fundamentals; Performance; Communication; Workforce Management; Feedback; Motivation,Morale; Performance; Evaluations; Field Leadership; GSL Policies; Feedback,
Safety Training,1491890d-7ad2-45d6-8bf3-c2497dc05a56,Engage365 for Managers,"In just 5 minutes, you'll delve into the essential features of Engage365, designed to enhance employee engagement and communication among your team.","<style>
.description-content {
    font-family: Arial, sans-serif;
    background-color: #F3F3FF;
    margin: 0;
    padding: 0;
    max-width: 100%;
    line-height: 170%;
}
.topbar {
    color: #000;
    text-align: left;
    padding: 20px;
}
.logo {
    width: 75px;
    height: 75px; 
    vertical-align: middle;
}
.title {
    display: inline-block;
    font-size: 28px;
    font-weight: bolder;
    vertical-align: middle;
}
.content {
    text-align: left;
    padding: 20px;
}
.content p {
    font-size: 18px;
    line-height: 170%;
    margin: 20px 0;
}
.content img {
    max-width: 100%;
    height: auto;
    border-radius: 20px;
}
.endQuote {
    text-align: center;
    padding: 20px;
}
.endQuote p {
    font-size: 22px;
    line-height: 200%;
    font-weight: bolder;
    margin: 20px 0;
}
.endQuote img {
    max-width: 70px;
}
hr.new {
    border-top: 1px dashed white;
}
</style>
<div class=""description-content"">
<div class=""topbar"">
<div class=""title"">Engage365</div>
</div>
<hr class=""new"">
<div class=""content"">
<p><b>Welcome to our Engage365 for Managers course!</b></p>
<p>In just 5 minutes, you'll delve into the essential features of Engage365, designed to enhance employee engagement and communication among your team.</p>
<p>Whether you're a new Engage365 customer or a Learn365 admin, this course is tailored to help you grasp the core uses of Engage365 in your daily interactions with employees.</p>
<p>By watching a video, reading descriptive content, and taking a quick quiz, you'll uncover the benefits of employee check-ins, master the art of completing a check-in, and discover how this tool can revolutionize communication with your team.</p>
</div>
<div class=""endQuote"">
<p>Get ready to elevate your engagement game with Engage365!</p>
</div>
</div>",Engage365; Engage365 for Managers,,
Safety Training,2683fc35-cf36-4832-b136-c2bc10b07a02,The Written Hazard Communication Plan,The lesson on 'The Written Hazard Communication Plan' emphasizes the importance of a structured approach to communicate hazards in the workplace.,"<p data-pm-slice=""1 1 []"">The lesson on 'The Written Hazard Communication Plan' emphasizes the importance of a structured approach to communicate hazards in the workplace. It covered key components such as identifying hazards, labeling, safety data sheets, and employee training. Here are some key takeaways:</p>
<ol>
<li>
<p><strong>Understand hazards</strong>. Identify potential risks in the workplace to enhance safety.</p>
</li>
<li>
<p><strong>Utilize labels effectively</strong>. Ensure all hazardous materials are clearly labeled for easy recognition.</p>
</li>
<li>
<p><strong>Maintain safety data sheets</strong>. Keep updated sheets accessible for all hazardous substances.</p>
</li>
<li>
<p><strong>Train employees regularly</strong>. Provide ongoing training to ensure all staff are aware of hazards and safety protocols.</p>
</li>
</ol>
<p>Implementing these practices will help ensure a safer and more compliant workplace.</p>",Document Control; Hazard Communication; Safety Procedure,Safety; Planning; Hazards; Communication,
Safety Training,96e37c26-32a0-4472-ad09-cc026f133403,Getting started with Learn365 for admins,Getting started with Learn365 for admins,"<p>Welcome to Learn365 as an administrator!</p>
<p><br>This course will get you started with the foundational knowledge you need in order to set up Learn365 for learning and development in your organization.<br><br>Throughout the eight modules of the course, you'll become familiar with the core functionalities of Learn365.<br><br>After completing the course, you should be able to perform the initial configuration of Learn365 and start to get learning rolled out in your organization.</p>
<p></p>
<p>Additional content will be available to you inside the Zensai Help Center. We recommend to start with the following guides:</p>
<ul>
<li><a data-interception=""off"" href=""https://helpcenter.elearningforce.com/hc/en-us/articles/360019405697-Introduction-to-the-LMS365-solution"" target=""_blank"" title=""https://helpcenter.elearningforce.com/hc/en-us/articles/360019405697-introduction-to-the-lms365-solution"" rel=""noopener"">Introduction to the Learn365 Solution</a></li>
<li><a data-interception=""off"" href=""https://helpcenter.elearningforce.com/hc/en-us/articles/360019681758-Overview-of-the-LMS365-Admin-Center-course-catalog-and-global-settings"" target=""_blank"" title=""https://helpcenter.elearningforce.com/hc/en-us/articles/360019681758-Overview-of-the-LMS365-Admin-Center-course-catalog-and-global-settings"" rel=""noopener"">Overview of the Learn365 Admin Center</a></li>
<li><a data-interception=""off"" href=""https://helpcenter.elearningforce.com/hc/en-us/articles/6045293273373-Setting-up-LMS365"" target=""_blank"" title=""https://helpcenter.elearningforce.com/hc/en-us/articles/6045293273373-Setting-up-LMS365"" rel=""noopener"">Setting up Learn365 </a></li>
</ul>
<p></p>",Learn365 Product Training,Learn365 Admin Training,
Safety Training,46d50032-8b0e-4822-9af5-d397e573a5c7,Safety Coordinator  ,"The Safety Coordinator Training provides GSL Safety Coordinators with the essential knowledge and tools to promote and maintain a safe work environment on every project. This course covers core responsibilities, OSHA and MSHA compliance, jobsite inspections, hazard recognition, accident investigations, and injury case management. Coordinators will also learn how to conduct safety meetings, deliver effective orientations, and ensure proper use of forms and safety documentation. By the end of this training, participants will be fully equipped to lead by example, support field teams, and enforce GSL’s commitment to safety, quality, and accountability.","<p data-end=""550"" data-start=""126"">The <strong data-end=""169"" data-start=""130"">Safety Coordinator Training Program</strong> is designed to prepare GSL Safety Coordinators to be leaders in workplace safety and compliance across all projects. This course provides an in-depth understanding of the responsibilities and expectations outlined in the <em data-end=""420"" data-start=""391"">Safety Coordinator Handbook</em> and equips coordinators with the tools needed to protect employees, uphold company standards, and ensure regulatory compliance.</p>
<p data-end=""1041"" data-start=""552"">Participants will explore a wide range of safety topics, including OSHA and MSHA requirements, project start-up procedures, employee safety orientations, and task-specific training. The course emphasizes proactive hazard recognition, accident and incident investigations, and effective case management for injuries. Coordinators will learn how to conduct thorough inspections, maintain accurate safety documentation, and enforce company policies through corrective action when necessary.</p>
<p data-end=""1602"" data-start=""1043"">A key component of the program is developing leadership skills to support crews in maintaining safe work practices. Coordinators will gain practical experience in organizing and conducting toolbox talks, facilitating weekly safety meetings, and communicating safety expectations to both employees and project leadership. The training also highlights GSL’s core values of Vision, Commitment, and Accountability, reinforcing that a safe work environment is fundamental to quality craftsmanship, productivity, and teamwork.</p>
<p data-end=""1672"" data-start=""1604"">By the end of the course, Safety Coordinators will be prepared to:</p>
<ul data-end=""2185"" data-start=""1673"">
<li data-end=""1751"" data-start=""1673"">
<p data-end=""1751"" data-start=""1675"">Administer and enforce GSL Electric’s Safety Program at the project level.</p>
</li>
<li data-end=""1854"" data-start=""1752"">
<p data-end=""1854"" data-start=""1754"">Conduct orientations and task training that align with federal regulations and company procedures.</p>
</li>
<li data-end=""1978"" data-start=""1855"">
<p data-end=""1978"" data-start=""1857"">Recognize and control hazards through inspections, risk assessments, and planning tools such as permits and checklists.</p>
</li>
<li data-end=""2074"" data-start=""1979"">
<p data-end=""2074"" data-start=""1981"">Manage reporting, documentation, and communication requirements for incidents and injuries.</p>
</li>
<li data-end=""2185"" data-start=""2075"">
<p data-end=""2185"" data-start=""2077"">Lead crews by example, fostering a strong safety culture built on accountability and proactive prevention.</p>
</li>
</ul>
<p data-end=""2404"" data-start=""2187"">This training ensures that every Safety Coordinator is fully equipped to protect employees, reduce risk, and support GSL Electric’s mission of <em data-end=""2348"" data-start=""2330"">Powering Forward</em> with safety, quality, and integrity at the forefront.</p>",Safety Culture; Safety; Leadership; Safety Coordinator,Training; Safety; Safety Coordinator; Safety Culture,
Safety Training,7561d0d0-5818-47da-ac24-dba8cfe57a42,Safety Coordinator - 5.0 Safety Meetings,"This course explains the Safety Coordinator’s role in planning, leading, and documenting effective safety meetings. You’ll learn how to prepare agendas, engage crews in accident prevention discussions, and maintain proper records to ensure compliance and accountability while reinforcing GSL Electric’s commitment to “Zero Broken Lives.”","<h2 data-end=""186"" data-start=""146""><strong data-end=""184"" data-start=""149"">Safety Meetings</strong></h2>
<p data-end=""650"" data-start=""188"">Safety meetings are a cornerstone of GSL Electric’s safety program and one of the most important responsibilities of a Safety Coordinator. These meetings not only meet state and federal training requirements, but also keep crews focused on accident prevention and reinforce our shared commitment to “Zero Broken Lives.” This course provides the knowledge and skills needed to plan, conduct, and document effective weekly safety meetings with Foremen and crews.</p>
<h3 data-end=""679"" data-start=""652""><strong data-end=""677"" data-start=""656"">What You’ll Learn</strong></h3>
<ul data-end=""1889"" data-start=""680"">
<li data-end=""854"" data-start=""680"">
<p data-end=""854"" data-start=""682""><strong data-end=""716"" data-start=""682"">The Safety Coordinator’s Role:</strong> How to plan, organize, and conduct weekly safety meetings, support Foremen with daily toolbox talks, and maintain proper documentation.</p>
</li>
<li data-end=""1037"" data-start=""855"">
<p data-end=""1037"" data-start=""857""><strong data-end=""883"" data-start=""857"">Regulatory Compliance:</strong> Why safety training must be both effective and documented, and how proper records protect the company, Foremen, and Safety Coordinators from liability.</p>
</li>
<li data-end=""1205"" data-start=""1038"">
<p data-end=""1205"" data-start=""1040""><strong data-end=""1065"" data-start=""1040"">Planning for Success:</strong> Techniques for preparing agendas, selecting relevant topics, and ensuring the information you present is accurate, clear, and up to date.</p>
</li>
<li data-end=""1383"" data-start=""1206"">
<p data-end=""1383"" data-start=""1208""><strong data-end=""1242"" data-start=""1208"">Delivering Effective Meetings:</strong> How to communicate clearly, keep meetings focused and brief, encourage participation, and engage crews in accident prevention discussions.</p>
</li>
<li data-end=""1530"" data-start=""1384"">
<p data-end=""1530"" data-start=""1386""><strong data-end=""1410"" data-start=""1386"">Key Topics to Cover:</strong> Hazard recognition, safe work practices, recent incidents and lessons learned, and proper use of tools and equipment.</p>
</li>
<li data-end=""1690"" data-start=""1531"">
<p data-end=""1690"" data-start=""1533""><strong data-end=""1559"" data-start=""1533"">Engagement Strategies:</strong> Encouraging questions, relating safety to employees’ personal lives, and building responsibility and accountability among crews.</p>
</li>
<li data-end=""1889"" data-start=""1691"">
<p data-end=""1889"" data-start=""1693""><strong data-end=""1729"" data-start=""1693"">Documentation and Recordkeeping:</strong> Using the Weekly Safety Meeting Agenda to capture attendance, topics, and follow-up actions, and retaining records for one year to meet compliance standards.</p>
</li>
</ul>
<h3 data-end=""1915"" data-start=""1891""><strong data-end=""1913"" data-start=""1895"">Why It Matters</strong></h3>
<p data-end=""2403"" data-start=""1916"">Effective safety meetings ensure employees understand the hazards of their work, the safe practices required, and the consequences of unsafe behavior. Well-prepared and well-documented meetings not only satisfy OSHA and state requirements, but also build stronger teams, reduce accidents, and create a culture where every employee takes responsibility for safety. By mastering safety meeting leadership, Safety Coordinators strengthen both crew performance and overall project success.</p>",Mentor \ Teaching; Presenting; Project Planning & Scheduling; Safety Culture; Safety Coordinator; Safety Procedure,Safety Meetings; Planning; Safety Coordinator; Safety Culture,
Safety Training,59690073-0f93-4abb-8f26-dc4c64a11008,Using Portable and Fixed Ladders,This lesson covers essential safety practices and techniques for using both portable and fixed ladders effectively.,"<p data-pm-slice=""1 1 []"">This lesson covers essential safety practices and techniques for using both portable and fixed ladders effectively. It emphasizes the importance of proper ladder selection, inspection, and maintenance to prevent accidents and injuries while working at heights. Here are some key takeaways:</p>
<ol>
<li>
<p><strong>Choose the right ladder</strong>. Ensure the ladder is suitable for the task and height required.</p>
</li>
<li>
<p><strong>Inspect ladders before use</strong>. Check for any damage or wear that could compromise safety.</p>
</li>
<li>
<p><strong>Maintain three points of contact</strong>. Always have two hands and one foot, or two feet and one hand on the ladder while climbing.</p>
</li>
<li>
<p><strong>Position ladders correctly</strong>. Ensure the base is stable and the ladder is at the correct angle for safe use.</p>
</li>
</ol>
<p>By following these guidelines, you can significantly reduce the risk of ladder-related accidents and injuries.</p>","Slips, Trips, & Falls; Safety Procedure",Safety; Ladders,
Safety Training,dda0679a-6636-4a03-bc1a-e541ae4f4224,Lockout Tagout Procedures,"At GSL Electric, safety is our top value, and our Lockout Tagout procedure plays a vital role in ensuring the safety of all employees. Our procedures are designed to guarantee that circuits, machinery, equipment, and other sources of hazardous energy are properly shut down and cannot be restarted until work is completed, thus preventing accidents and ensuring compliance with safety regulations.","<p data-pm-slice=""1 1 []"">Welcome to GSL's Online Lock-out Tag-out (LOTO) Training Program. This course is designed to provide you with the essential knowledge and skills to safely perform LOTO procedures, a critical component in preventing accidents and injuries in the workplace. By understanding how to effectively isolate hazardous energy sources during maintenance or repair tasks, you’ll be taking an important step in ensuring your safety and the safety of your colleagues. We’re committed to fostering a culture of safety at GSL, and this training is a key part of that commitment. </p>
<p>At GSL Electric, safety is our top value, and our Lockout Tagout procedure plays a vital role in ensuring the safety of all employees. Our procedures are designed to guarantee that circuits, machinery, equipment, and other sources of hazardous energy are properly shut down and cannot be restarted until work is completed, thus preventing accidents and ensuring compliance with safety regulations.</p>",Lockout / Tagout; Safety Procedure,Safety; Lockout Tagout,
Safety Training,43d93000-bd6f-4c67-8c4c-e7dc5d5a49f5,Abnormal Lockout / Tagout Procedures,Step-by-step lockout/tagout procedures to control hazardous energy and prevent injury or equipment damage.,"<p data-pm-slice=""1 1 []"">Welcome to GSL's Online Lock-out Tag-out (LOTO) Training Program. This course is designed to provide you with the essential knowledge and skills to safely perform LOTO procedures, a critical component in preventing accidents and injuries in the workplace. By understanding how to effectively isolate hazardous energy sources during maintenance or repair tasks, you’ll be taking an important step in ensuring your safety and the safety of your colleagues. We’re committed to fostering a culture of safety at GSL, and this training is a key part of that commitment. </p>
<p>At GSL Electric, safety is our top value, and our Lockout Tagout procedure plays a vital role in ensuring the safety of all employees. Our procedures are designed to guarantee that circuits, machinery, equipment, and other sources of hazardous energy are properly shut down and cannot be restarted until work is completed, thus preventing accidents and ensuring compliance with safety regulations.</p>",,,
Safety Training,21d7ab35-36ca-443d-bf51-f02468c76fdb,Qualified Person - Electrical Shock & Arc Flash Risk Assessments (Safety-Related Work Practices),"This course provides an overview of safety-related work practices required when performing energized electrical work in accordance with the 2024 NFPA 70E. Learners will review qualification requirements, energized work permits, electric shock and arc flash risk assessments, and the hierarchy of risk control methods. The course also explains how to document risk assessments and select appropriate protective measures to reduce the likelihood and severity of electrical injuries.","<p data-end=""469"" data-start=""31"">This course delivers a comprehensive overview of safety-related work practices required when employees are exposed to energized electrical conductors and circuit parts, in alignment with the 2024 NFPA 70E standard. It is designed to reinforce the critical requirements that must be followed when electrical equipment operating at 50 volts or greater cannot be placed in an electrically safe work condition and energized work is permitted.</p>
<p data-end=""955"" data-start=""471"">Participants will learn the conditions under which energized electrical work may be performed, including the roles and responsibilities of Qualified and Authorized persons, the requirement for an energized electrical work permit, and the completion of both electric shock and arc flash risk assessments. The course explains how to identify electrical hazards, evaluate the likelihood and severity of potential injuries, and determine when additional protective measures are necessary.</p>
<p data-end=""1427"" data-start=""957"">The training also covers the hierarchy of risk control methods—elimination, substitution, engineering controls, awareness, administrative controls, and personal protective equipment—and emphasizes the importance of applying the most effective controls whenever possible. Learners will gain an understanding of how human error can impact electrical safety and how risk assessments must address its potential consequences on personnel, equipment, and the work environment.</p>
<p data-is-only-node="""" data-is-last-node="""" data-end=""2020"" data-start=""1429"">In addition, the course outlines documentation requirements for shock and arc flash risk assessments, including voltage exposure, approach boundaries, arc flash boundaries, and PPE selection. It highlights key factors that influence arc flash risk, such as equipment design, overcurrent protection, operating condition, and maintenance status. Finally, the course clarifies the roles of Project Managers, Foremen, Qualified and Authorized persons, and the Safety Department in planning, reviewing, and approving energized work to ensure consistent, compliant, and safe electrical operations.</p>",Qualified Person,Safety; Arc Flash; Hazards; NFPA 70E; Electrical Safety,
Safety Training,eebbceca-0390-4f63-8e49-fcf51a9ef4bc,NSC First Aid /CPR/AED,"This course, following the National Safety Council (NSC) curriculum, teaches participants how to provide first aid, perform adult CPR, and use an Automated External Defibrillator (AED). Upon completion, participants earn nationally recognized NSC certification.","<p data-end=""627"" data-start=""119"">This comprehensive training program, based on the <strong data-end=""259"" data-start=""215"">National Safety Council (NSC) curriculum</strong>, equips participants with the knowledge and hands-on skills needed to confidently respond to a wide range of adult medical emergencies. The course covers essential first aid practices such as treating bleeding, burns, shock, and sudden illnesses, along with life-saving techniques including adult CPR and the proper use of an Automated External Defibrillator (AED).</p>
<p data-end=""987"" data-start=""629"">Through interactive instruction and realistic practice scenarios, participants will learn how to quickly assess situations, prioritize care, and take effective action until professional help arrives. The training emphasizes safety, preparedness, and confidence-building so individuals are ready to act in high-pressure situations where every second counts.</p>
<p data-end=""1322"" data-start=""989"">Upon successful completion, participants will receive <strong data-end=""1095"" data-start=""1043"">nationally recognized certification from the NSC</strong>, demonstrating their ability to deliver critical care in emergency situations. This course is ideal for workplace safety compliance, community preparedness, and anyone who wants to gain the skills to potentially save a life.</p>",First Aid / CPR / AED,First Aid; AED; Safety; CPR; RE-Cert; Certification,
Safety Training,cecba8b2-b0bf-4197-9403-fe50e9727a61,"Qualified Person - Workplace Inspections, Pre-Task Assessments, Briefings","This course reviews G.S.L. Electric’s Electrical Hazard Assessment and Safe Work Practices. Learners will understand how to identify and control electrical hazards, complete job safety plans, perform NFPA 70E-compliant risk assessments, and implement proper lockout/tagout and GFCI protection. The training reinforces safe work procedures around energized, overhead, and underground systems to prevent electrical incidents and ensure regulatory compliance.","<p data-end=""634"" data-start=""255"">This course provides a comprehensive review of G.S.L. Electric’s procedures for <strong data-end=""390"" data-start=""335"">electrical hazard assessment and safe work planning</strong> in accordance with the <strong data-end=""431"" data-start=""414"">2024 NFPA 70E</strong> and <strong data-end=""457"" data-start=""436"">OSHA requirements</strong>. It emphasizes the responsibilities of Foremen, Safety Coordinators, and Qualified Employees in identifying, evaluating, and controlling electrical hazards on active job sites.</p>
<p data-end=""1112"" data-start=""636"">Through step-by-step instruction, learners will understand how to <strong data-end=""796"" data-start=""702"">assess work areas for energized conductors and circuit parts operating at 50 volts or more</strong>, establish an <strong data-end=""847"" data-start=""811"">electrically safe work condition</strong>, and properly document job safety planning requirements. The training also covers the creation and review of <strong data-end=""977"" data-start=""957"">Job Safety Plans</strong>, including task descriptions, hazard identification, electric shock and arc flash risk assessments, and emergency response procedures.</p>
<p data-end=""1554"" data-start=""1114"">Participants will learn the importance of conducting <strong data-end=""1184"" data-start=""1167"">job briefings</strong>, performing <strong data-end=""1221"" data-start=""1197"">pre-task assessments</strong>, and implementing appropriate <strong data-end=""1271"" data-start=""1252"">hazard controls</strong> such as lockout/tagout (LOTO) procedures. Additional focus is placed on the safe handling of <strong data-end=""1403"" data-start=""1365"">overhead and underground utilities</strong>, maintaining safe approach distances, and preventing unintentional contact with energized parts through the use of barriers, guarding, and insulation.</p>
<p data-end=""1761"" data-start=""1556"">The course concludes with instruction on <strong data-end=""1629"" data-start=""1597"">GFCI protection requirements</strong> and the procedures for <strong data-end=""1705"" data-start=""1653"">reporting and investigating electrical incidents</strong> to ensure continuous improvement in safety performance.</p>
<h3 data-end=""1793"" data-start=""1763""><strong data-end=""1791"" data-start=""1767"">Learning Objectives:</strong></h3>
<p data-end=""1851"" data-start=""1794"">After completing this course, learners will be able to:</p>
<ul data-end=""2414"" data-start=""1852"">
<li data-end=""1943"" data-start=""1852"">
<p data-end=""1943"" data-start=""1854"">Identify and assess electrical hazards associated with voltages of 50 volts or greater.</p>
</li>
<li data-end=""2035"" data-start=""1944"">
<p data-end=""2035"" data-start=""1946"">Develop and document a compliant <strong data-end=""1998"" data-start=""1979"">Job Safety Plan</strong> before performing electrical work.</p>
</li>
<li data-end=""2143"" data-start=""2036"">
<p data-end=""2143"" data-start=""2038"">Perform and document <strong data-end=""2077"" data-start=""2059"">electric shock</strong> and <strong data-end=""2112"" data-start=""2082"">arc flash risk assessments</strong> in accordance with NFPA 70E.</p>
</li>
<li data-end=""2235"" data-start=""2144"">
<p data-end=""2235"" data-start=""2146"">Implement <strong data-end=""2175"" data-start=""2156"">hazard controls</strong>, including lockout/tagout, guarding, and GFCI protection.</p>
</li>
<li data-end=""2323"" data-start=""2236"">
<p data-end=""2323"" data-start=""2238"">Recognize and follow safe work practices around overhead and underground utilities.</p>
</li>
<li data-end=""2414"" data-start=""2324"">
<p data-end=""2414"" data-start=""2326"">Respond appropriately to electrical incidents and understand investigation requirements.</p>
</li>
</ul>",Electrical Safety; Qualified Person,Qualified Person; Work Area Inspections; Electrical Safety,
Safety Training,f83a9fee-ed51-438d-b8f9-fefbe75b5f25,Safety Coordinator - 4.0 Task Training,"This course teaches Safety Coordinators how to provide, observe, and document task training to ensure employees work safely, competently, and in compliance with OSHA and MSHA standards.","<h2 data-end=""222"" data-start=""184""><strong data-end=""220"" data-start=""187"">Task Training </strong></h2>
<p data-end=""506"" data-start=""224"">Task training is one of the most important responsibilities of a Safety Coordinator. This course provides the knowledge and tools you need to ensure employees are properly trained, closely supervised, and officially documented before performing any new job or operating equipment.</p>
<h3 data-end=""535"" data-start=""508""><strong data-end=""533"" data-start=""512"">What You’ll Learn</strong></h3>
<ul data-end=""1481"" data-start=""536"">
<li data-end=""700"" data-start=""536"">
<p data-end=""700"" data-start=""538""><strong data-end=""572"" data-start=""538"">The Safety Coordinator’s Role:</strong> How task training protects you, your crew, and the company by combining clear instructions with documented proof of training.</p>
</li>
<li data-end=""820"" data-start=""701"">
<p data-end=""820"" data-start=""703""><strong data-end=""730"" data-start=""703"">Skill Level Assessment:</strong> Why you must never assume an employee is qualified until their abilities are evaluated.</p>
</li>
<li data-end=""1023"" data-start=""821"">
<p data-end=""1023"" data-start=""823""><strong data-end=""852"" data-start=""823"">Step-by-Step Instruction:</strong> Best practices for preparing employees to learn, presenting tasks clearly, reviewing hazards, and confirming understanding by having employees repeat back instructions.</p>
</li>
<li data-end=""1226"" data-start=""1024"">
<p data-end=""1226"" data-start=""1026""><strong data-end=""1053"" data-start=""1026"">Observation &amp; Coaching:</strong> How to monitor employees in both non-productive and productive environments, provide corrective feedback in a positive way, and taper off supervision as competence grows.</p>
</li>
<li data-end=""1481"" data-start=""1227"">
<p data-end=""1481"" data-start=""1229""><strong data-end=""1260"" data-start=""1229"">Documentation Requirements:</strong> The importance of using GSL’s Task Training forms, including the Certificate of Task Training, to create accountability, maintain compliance with OSHA and MSHA, and demonstrate that all training was conducted properly.</p>
</li>
</ul>
<h3 data-end=""1507"" data-start=""1483""><strong data-end=""1505"" data-start=""1487"">Why It Matters</strong></h3>
<p data-end=""1878"" data-start=""1508"">Proper task training prevents accidents, improves craftsmanship, and ensures regulatory compliance. More importantly, it reinforces GSL Electric’s commitment to safety and our philosophy of “Zero Broken Lives.” Documenting every training session not only protects the company, but also provides proof that employees have the knowledge and support they need to succeed.</p>",Safety Coordinator; Safety Procedure; Task Training,Task Training; Safety Coordinator,
Sandbox,f4cba4f4-f7b7-4b2c-bec3-048d6d169c6f,Leadership & Decision-Making Under Pressure,"Learn directly from former SEALs who’ve led teams in the world’s toughest conditions.
Learn systems for delegation, planning, and communication that scale with increasing responsibility
Use proven principles to lead with presence and increase decision-making confidence.
Demonstrate strategic leadership with a 90-day blueprint employers will recognize and value..
","<p style=""margin: 0in 0in 8pt; line-height: 115%; font-size: 12pt; font-family: Aptos, sans-serif;"">Do you lead teams? Drive strategy? Make high-stakes decisions? This course is for you.</p>
<p style=""margin: 0in 0in 8pt; line-height: 115%; font-size: 12pt; font-family: Aptos, sans-serif;"">Earn a Leadership Certificate in elite leadership, taught by five decorated military leaders, including a vice admiral, rear admiral, NASA astronaut, and Congressional Medal of Honor recipient. In just 15–20 hours, you’ll learn leadership and decision-making principles used by one of the most elite military units in the United States.</p>
<p style=""margin: 0in 0in 8pt; line-height: 115%; font-size: 12pt; font-family: Aptos, sans-serif;"">Discover how to inspire teams, drive execution, and scale results even under pressure. Build your personalized 90-day action plan and be ready to lead with clarity, build trust quickly, and make the right call when it counts. No prerequisites required.</p>
<p><scribe-shadow id=""crxjs-ext"" data-crx=""okfkdaglfjjjfefdcppliegebpoegaii"" style=""position: fixed; width: 0px; height: 0px; top: 0px; left: 0px; z-index: 2147483647; overflow: visible; visibility: visible;""></scribe-shadow></p>",,,
Sandbox,6a8e87a9-30e1-4560-8466-430fdabe9956,Corrective Counseling and Performance Reviews,"This course trains field leaders to prevent workplace issues, motivate employees, resolve conflict, and apply corrective counseling and progressive discipline with professionalism.","<p>The course provides field leaders with proactive leadership tools, focusing on early intervention, honest feedback, and systematic use of corrective counseling. Participants learn to build strong teams, resolve conflict early, and apply discipline only as a well-managed last resort. The emphasis is on prevention, fairness, and consistent follow-through to achieve high-performing teams. Field leaders are equipped to recognize issues before they escalate and to follow a structured process when formal action is necessary, always balancing support with accountability.</p>",Performance,GSL Policies; Feedback; Accountability; Reporting; Performance,
Sandbox,695c1c54-4902-496c-955c-50cdff6b2549,"Project Structure, Delegation, and Team Development","This course equips construction foremen with the leadership tools needed to organize teams, delegate responsibilities, and mentor crew members into confident, capable contributors.","<p data-pm-slice=""1 3 []"">This course equips construction foremen with the leadership tools needed to organize teams, delegate responsibilities, and mentor crew members into confident, capable contributors. Through six sequential lessons, it combines structure, accountability, and coaching into a practical framework foremen can apply on the job site daily.</p>
<p>You’ll learn:</p>
<ul style=""list-style-type: initial;"">
<li>
<p>How to lead with systemic and personal accountability</p>
</li>
<li>
<p>How to build and use an organizational chart effectively</p>
</li>
<li>
<p>When to delegate versus empower—based on readiness and risk</p>
</li>
<li>
<p>A 10-step process for successful delegation</p>
</li>
<li>
<p>How to mentor your team into leaders</p>
</li>
<li>
<p>How to use three-week look-ahead planning as a coaching tool</p>
</li>
</ul>",Leadership Fundamentals; Mentor \ Teaching; Delegation,Team Morale; Team Leadership; Coaching; Mentorship; Planning; Reporting; Documentation; Time Management; Field Leadership; Quality Control; Organization; Leadership; Mentor,
Sandbox,cc5ba562-f0bb-45b0-9ada-52d4ab2cbca1,Safety Coordinator  ,"The Safety Coordinator Training provides GSL Safety Coordinators with the essential knowledge and tools to promote and maintain a safe work environment on every project. This course covers core responsibilities, OSHA and MSHA compliance, jobsite inspections, hazard recognition, accident investigations, and injury case management. Coordinators will also learn how to conduct safety meetings, deliver effective orientations, and ensure proper use of forms and safety documentation. By the end of this training, participants will be fully equipped to lead by example, support field teams, and enforce GSL’s commitment to safety, quality, and accountability.","<p data-end=""550"" data-start=""126"">The <strong data-end=""169"" data-start=""130"">Safety Coordinator Training Program</strong> is designed to prepare GSL Safety Coordinators to be leaders in workplace safety and compliance across all projects. This course provides an in-depth understanding of the responsibilities and expectations outlined in the <em data-end=""420"" data-start=""391"">Safety Coordinator Handbook</em> and equips coordinators with the tools needed to protect employees, uphold company standards, and ensure regulatory compliance.</p>
<p data-end=""1041"" data-start=""552"">Participants will explore a wide range of safety topics, including OSHA and MSHA requirements, project start-up procedures, employee safety orientations, and task-specific training. The course emphasizes proactive hazard recognition, accident and incident investigations, and effective case management for injuries. Coordinators will learn how to conduct thorough inspections, maintain accurate safety documentation, and enforce company policies through corrective action when necessary.</p>
<p data-end=""1602"" data-start=""1043"">A key component of the program is developing leadership skills to support crews in maintaining safe work practices. Coordinators will gain practical experience in organizing and conducting toolbox talks, facilitating weekly safety meetings, and communicating safety expectations to both employees and project leadership. The training also highlights GSL’s core values of Vision, Commitment, and Accountability, reinforcing that a safe work environment is fundamental to quality craftsmanship, productivity, and teamwork.</p>
<p data-end=""1672"" data-start=""1604"">By the end of the course, Safety Coordinators will be prepared to:</p>
<ul data-end=""2185"" data-start=""1673"">
<li data-end=""1751"" data-start=""1673"">
<p data-end=""1751"" data-start=""1675"">Administer and enforce GSL Electric’s Safety Program at the project level.</p>
</li>
<li data-end=""1854"" data-start=""1752"">
<p data-end=""1854"" data-start=""1754"">Conduct orientations and task training that align with federal regulations and company procedures.</p>
</li>
<li data-end=""1978"" data-start=""1855"">
<p data-end=""1978"" data-start=""1857"">Recognize and control hazards through inspections, risk assessments, and planning tools such as permits and checklists.</p>
</li>
<li data-end=""2074"" data-start=""1979"">
<p data-end=""2074"" data-start=""1981"">Manage reporting, documentation, and communication requirements for incidents and injuries.</p>
</li>
<li data-end=""2185"" data-start=""2075"">
<p data-end=""2185"" data-start=""2077"">Lead crews by example, fostering a strong safety culture built on accountability and proactive prevention.</p>
</li>
</ul>
<p data-end=""2404"" data-start=""2187"">This training ensures that every Safety Coordinator is fully equipped to protect employees, reduce risk, and support GSL Electric’s mission of <em data-end=""2348"" data-start=""2330"">Powering Forward</em> with safety, quality, and integrity at the forefront.</p>",Safety; Safety Culture; Leadership; Safety Coordinator,Safety Culture; Safety; Training; Safety Coordinator,
Sandbox,977bdc1b-2836-4758-8e2d-6e7b0e103a89,Qualified Person Training ,"This instructor-led course teaches employees how to recognize electrical hazards, assess risk, and apply safe work practices in accordance with OSHA, MSHA, and NFPA 70E. Participants will gain the knowledge and skills required to be designated as a Qualified Person under GSL Electric’s Electrical Safety Program.","<h3 data-end=""329"" data-start=""277""><strong data-end=""327"" data-start=""281"">Qualified Person Training (Instructor-Led)</strong></h3>
<p data-end=""816"" data-start=""331"">The <strong data-end=""364"" data-start=""335"">Qualified Person Training</strong> course is an instructor-led program designed to prepare GSL Electric employees to safely perform electrical work on or near energized equipment in accordance with <strong data-end=""558"" data-start=""528"">OSHA 29 CFR 1926 Subpart K</strong>, <strong data-end=""588"" data-start=""560"">MSHA §56.12001–§56.12071</strong>, and the <strong data-end=""658"" data-start=""598"">NFPA 70E Standard for Electrical Safety in the Workplace</strong>. This training fulfills GSL Electric’s requirements for designating employees as <em data-end=""759"" data-start=""740"">Qualified Persons</em> as defined in the company’s Electrical Safety Program.</p>
<p data-end=""1241"" data-start=""818"">Through classroom instruction, demonstrations, and discussion, participants will gain a deep understanding of electrical hazards—including <strong data-end=""998"" data-start=""957"">shock, arc flash, and arc blast risks</strong>—and learn the essential practices and procedures to mitigate them. The training emphasizes safe work practices, hazard identification, and compliance with the hierarchy of risk control methods to reduce potential injury or damage to health.</p>
<p data-end=""1270"" data-start=""1243"">Participants will learn to:</p>
<ul data-end=""2107"" data-start=""1271"">
<li data-end=""1380"" data-start=""1271"">
<p data-end=""1380"" data-start=""1273"">Identify exposed energized electrical conductors and circuit parts and determine nominal system voltages.</p>
</li>
<li data-end=""1490"" data-start=""1381"">
<p data-end=""1490"" data-start=""1383"">Establish and maintain <strong data-end=""1417"" data-start=""1406"">Limited</strong>, <strong data-end=""1433"" data-start=""1419"">Restricted</strong>, and <strong data-end=""1463"" data-start=""1439"">Arc Flash Boundaries</strong> as required by NFPA 70E.</p>
</li>
<li data-end=""1636"" data-start=""1491"">
<p data-end=""1636"" data-start=""1493"">Select and properly use personal protective equipment (PPE), insulated tools, and testing instruments rated for the voltage and energy level.</p>
</li>
<li data-end=""1763"" data-start=""1637"">
<p data-end=""1763"" data-start=""1639"">Perform <strong data-end=""1667"" data-start=""1647"">electrical shock</strong> and <strong data-end=""1702"" data-start=""1672"">arc flash risk assessments</strong>, including required documentation and job safety planning.</p>
</li>
<li data-end=""1942"" data-start=""1764"">
<p data-end=""1942"" data-start=""1766"">Understand and apply the procedures for <strong data-end=""1835"" data-start=""1806"">energized electrical work</strong>, including the <strong data-end=""1876"" data-start=""1851"">Energized Work Permit</strong> process, pre-task assessments, and lockout/tagout verification.</p>
</li>
<li data-end=""2107"" data-start=""1943"">
<p data-end=""2107"" data-start=""1945"">Coordinate with Isolation Officers, Foremen, and the Safety Department to ensure work is performed in an <strong data-end=""2086"" data-start=""2050"">electrically safe work condition</strong> whenever possible.</p>
</li>
</ul>
<p data-end=""2439"" data-start=""2109"">The course also covers the responsibilities of Qualified and Authorized Persons, including decision-making authority, risk evaluation, and communication with host employers during energized work tasks. Participants will review incident response procedures and methods for emergency release in the event of an electrical contact.</p>
<p data-end=""2786"" data-start=""2441"">Upon successful completion, employees will demonstrate the knowledge, skills, and decision-making ability necessary to meet GSL Electric’s definition of a <strong data-end=""2616"" data-start=""2596"">Qualified Person</strong>. Training completion will be documented by the Safety Department and maintained in the employee’s training record in accordance with NFPA 70E 110.4 and company policy.</p>",Qualified Person,Planning; Safety; Hazards; Hazardous Energy; Risk Assessment,
Sandbox,fcff277e-caf7-4ba2-a93e-7322d2ffeae2,Leadership & Decision-Making Under Pressure,"Learn directly from former SEALs who’ve led teams in the world’s toughest conditions.
Learn systems for delegation, planning, and communication that scale with increasing responsibility
Use proven principles to lead with presence and increase decision-making confidence.
Demonstrate strategic leadership with a 90-day blueprint employers will recognize and value..
","<p style=""margin: 0in 0in 8pt; line-height: 115%; font-size: 12pt; font-family: Aptos, sans-serif;"">Do you lead teams? Drive strategy? Make high-stakes decisions? This course is for you.</p>
<p style=""margin: 0in 0in 8pt; line-height: 115%; font-size: 12pt; font-family: Aptos, sans-serif;"">Earn a Leadership Certificate in elite leadership, taught by five decorated military leaders, including a vice admiral, rear admiral, NASA astronaut, and Congressional Medal of Honor recipient. In just 15–20 hours, you’ll learn leadership and decision-making principles used by one of the most elite military units in the United States.</p>
<p style=""margin: 0in 0in 8pt; line-height: 115%; font-size: 12pt; font-family: Aptos, sans-serif;"">Discover how to inspire teams, drive execution, and scale results even under pressure. Build your personalized 90-day action plan and be ready to lead with clarity, build trust quickly, and make the right call when it counts. No prerequisites required.</p>
<p><scribe-shadow id=""crxjs-ext"" data-crx=""okfkdaglfjjjfefdcppliegebpoegaii"" style=""position: fixed; width: 0px; height: 0px; top: 0px; left: 0px; z-index: 2147483647; overflow: visible; visibility: visible;""></scribe-shadow></p>",,,
Sandbox,d5c43062-8ccf-497b-8066-8ad454c850cf,MSHA 8-Hour Surface Mining Refresher & Experienced Miner Course,"This course meets Mine Safety and Health Administration (MSHA) Part 46 requirements for annual refresher training in surface mining. Participants review essential health and safety standards, hazard recognition, emergency procedures, and safe work practices to ensure compliance and maintain a safe mining environment.","<p data-end=""508"" data-start=""116"">This comprehensive training program is designed to meet the <strong data-end=""311"" data-start=""226"">Mine Safety and Health Administration (MSHA) Part 46 annual refresher requirement</strong> for surface miners and contractors. The course reinforces critical safety and health standards while updating participants on new regulations, industry practices, and workplace hazard awareness.</p>
<p data-end=""953"" data-start=""510"">Through a combination of instruction, discussion, and practical examples, participants will review key topics such as hazard recognition, emergency procedures, personal protective equipment (PPE), safe equipment operation, and rights and responsibilities under MSHA law. The training emphasizes proactive safety awareness and equips workers with the knowledge to prevent accidents and protect themselves and others in high-risk environments.</p>
<p data-end=""1261"" data-start=""955"">By the end of the course, participants will be up to date on required MSHA safety training and better prepared to work safely in surface mining operations. Completion of this program provides documentation of the required <strong data-end=""1213"" data-start=""1177"">8-hour annual refresher training</strong> to maintain compliance with MSHA regulations.</p>",,MSHA 8-Hour Surface; MSHA 8-Hour Refresher,
Sandbox,60da92f8-0a3c-46fe-818c-a18d7f0b3953,Introduction  to Field Leadership Section - 3 Leadership,This course is designed to provide you with practical knowledge and skills essential for effective leadership in the field.,"<p data-pm-slice=""1 1 []"">Welcome to <strong>Introduction to Field Leadership: Section 3 - Leadership</strong>!  This course is designed to provide you with practical knowledge and skills essential for effective leadership in the field. As a leader, your role goes beyond supervising tasks—it's about inspiring your team, managing challenges, and creating a productive work environment.</p>
<p>In this section, you will explore key leadership topics such as effective communication, time management, conflict resolution, employee motivation, and ethical decision-making. These lessons will equip you with tools to handle real-world challenges, foster a positive team culture, and drive successful project outcomes. By the end of the course, you'll be prepared to lead with confidence, adaptability, and professionalism in any field environment.</p>",Leadership,Collaboration; Accountability; Trust; Respect; Empowerment; Discipline,
Sandbox,ead1facc-99d2-47e1-9408-a9a96a7ac080,Introduction to Lean / 8 Types of Waste,"This  lesson lays the foundation for understanding Lean as both a practical system and a powerful way of thinking. You’ll discover what Lean truly means, explore its purpose, and examine how it helps organizations eliminate waste, improve flow, and deliver more value to customers. The course walks through the origins of Lean, dispels common misconceptions, and shows how Lean applies far beyond manufacturing in construction industry. You’ll also learn why Lean is more than just tools; it’s a people-centered approach rooted in continuous improvement, respect, and purposeful problem-solving. Whether you're new to Lean or looking to reinforce your understanding, this lesson will help you see Lean not as a one-time project, but as a long-term commitment to doing more of what matters.","<div aria-label=""What is &quot;LEAN&quot;"" tabindex=""0""><span data-automation-value=""0"" data-automationid=""ViewCourse"">What is ""LEAN""</span>This learning item is set as required to complete the course.<span data-automationid=""RequiredForCompletionHint""></span></div>
<p>Learning item descriptionThis  lesson lays the foundation for understanding Lean as both a practical system and a powerful way of thinking. You’ll discover what Lean truly means, explore its purpose, and examine how it helps organizations eliminate waste, improve flow, and deliver more value to customers. The course walks through the origins of Lean, dispels common misconceptions, and shows how Lean applies far beyond manufacturing in construction industry. You’ll also learn why Lean is more than just tools; it’s a people-centered approach rooted in continuous improvement, respect, and purposeful problem-solving. Whether you're new to Lean or looking to reinforce your understanding, this lesson will help you see Lean not as a one-time project, but as a long-term commitment to doing more of what matters.</p>",8 Types of Waste,Types of Waste; Lean Principles; Eliminate Waste,
Sandbox,12c588bd-9b1c-41ba-9e06-d76e3c48962c,NSC First Aid /CPR/AED,"This course, following the National Safety Council (NSC) curriculum, teaches participants how to provide first aid, perform adult CPR, and use an Automated External Defibrillator (AED). Upon completion, participants earn nationally recognized NSC certification.","<p data-end=""627"" data-start=""119"">This comprehensive training program, based on the <strong data-end=""259"" data-start=""215"">National Safety Council (NSC) curriculum</strong>, equips participants with the knowledge and hands-on skills needed to confidently respond to a wide range of adult medical emergencies. The course covers essential first aid practices such as treating bleeding, burns, shock, and sudden illnesses, along with life-saving techniques including adult CPR and the proper use of an Automated External Defibrillator (AED).</p>
<p data-end=""987"" data-start=""629"">Through interactive instruction and realistic practice scenarios, participants will learn how to quickly assess situations, prioritize care, and take effective action until professional help arrives. The training emphasizes safety, preparedness, and confidence-building so individuals are ready to act in high-pressure situations where every second counts.</p>
<p data-end=""1322"" data-start=""989"">Upon successful completion, participants will receive <strong data-end=""1095"" data-start=""1043"">nationally recognized certification from the NSC</strong>, demonstrating their ability to deliver critical care in emergency situations. This course is ideal for workplace safety compliance, community preparedness, and anyone who wants to gain the skills to potentially save a life.</p>",First Aid / CPR / AED,First Aid; AED; Safety; Certification; CPR; RE-Cert,
Sandbox,d5d82ca3-d741-4b5a-9e67-dbe8c0570797,Introduction  to Field Leadership Section - 1 Skills Traits & Responsibilities,"This section of the New Foreman Training Program is designed to introduce new foremen to the key roles, responsibilities, and skills required to excel in their position. It covers the essential duties of a foreman, including project planning and execution, safety management, quality control, team management, documentation and reporting, time management, and maintaining team morale. ","<p data-pm-slice=""1 1 []"">This course equips new foremen with the essential skills, traits, and responsibilities needed for effective field leadership in construction projects. Key topics include project planning, safety management, quality control, team dynamics, and the use of tools and technology.</p>
<ol>
<li data-pm-slice=""1 1 []"">
<p data-pm-slice=""1 1 []""><strong>Understand the foreman's role</strong>. Effective leadership involves managing projects, ensuring safety, and fostering team collaboration.</p>
</li>
<li data-pm-slice=""1 1 []"">
<p data-pm-slice=""1 1 []""><strong>Prioritize safety management</strong>. Promoting a safety culture and adhering to regulations are critical for preventing accidents.</p>
</li>
<li data-pm-slice=""1 1 []"">
<p data-pm-slice=""1 1 []""><strong>Master communication skills</strong>. Clear communication and active listening enhance team alignment and project success.</p>
</li>
<li data-pm-slice=""1 1 []"">
<p data-pm-slice=""1 1 []""><strong>Leverage tools and technology</strong>. Utilizing the right tools improves efficiency, accuracy, and team collaboration.</p>
</li>
<li data-pm-slice=""1 1 []"">
<p data-pm-slice=""1 1 []""><strong>Focus on documentation</strong>. Accurate reporting and thorough record-keeping ensure accountability and project tracking.</p>
</li>
<li data-pm-slice=""1 1 []"">
<p data-pm-slice=""1 1 []""><strong>Implement effective time management</strong>. Task prioritization, time blocking, and delegation are key to meeting deadlines.</p>
</li>
<li data-pm-slice=""1 1 []"">
<p data-pm-slice=""1 1 []""><strong>Foster team morale</strong>. Recognizing achievements and understanding individual motivations boost productivity and satisfaction.</p>
</li>
</ol>
<p data-pm-slice=""1 1 []"">By applying these principles, you can lead your team to success and ensure the smooth execution of construction projects.</p>",Leadership,Team Morale; Team Leadership; Planning; Reporting; Safety; Documentation; Time Management; Field Leadership; Quality Control; Leadership,
Sandbox,ea0e1a4f-fbe7-49d7-a130-f2ea0d20e684,MSHA 24-Hour New Miner Surface Mining Course,"This course meets MSHA Part 46 requirements for new surface miners, providing 24 hours of essential safety instruction before beginning work. Participants learn hazard recognition, emergency procedures, miners’ rights and responsibilities, safe work practices, and the use of protective equipment to ensure a safe start in the mining industry.","<p data-end=""457"" data-start=""81"">This course provides the <strong data-end=""224"" data-start=""161"">required 24 hours of safety training for new surface miners</strong> in accordance with <strong data-end=""312"" data-start=""244"">Mine Safety and Health Administration (MSHA) Part 46 regulations</strong>. It is designed for individuals who are beginning work in the mining industry and must complete training before engaging in mining operations.</p>
<p data-end=""936"" data-start=""459"">The program covers a wide range of topics to prepare new miners for safe and effective work on site. Participants will learn about hazard recognition, miners’ rights and responsibilities, workplace safety policies, emergency response procedures, first aid basics, and proper use of personal protective equipment (PPE). The training also addresses safe work practices around heavy equipment, traffic control, fire prevention, environmental hazards, and reporting requirements.</p>
<p data-end=""1149"" data-start=""938"">Through interactive instruction and practical discussions, new miners gain the knowledge and confidence needed to identify risks, follow established safety protocols, and contribute to a safe work environment.</p>
<p data-end=""1342"" data-start=""1151"">Upon completion of the full 24 hours, participants will meet <strong data-end=""1254"" data-start=""1212"">MSHA’s mandatory training requirements</strong> and receive documentation certifying them to begin work in surface mining operations.</p>",,MSHA 24-Hour New Miner,
