"Title","Department","Description"
"Accounting GL Manager","Accounting","7.4.2ACCOUNTINGJob DescriptionPosition Title:		General Ledger ManagerDepartment:			Accounting - CorporateSupervisor:			CEO/CFOEmployment Status:		Full Time, ExemptSummary of Duties and Responsibilities:	General Ledger, Chart of Accounts, Job Cost Entries, Accounts Receivable Entries, Accounts Payable Entries, Cash Management Entries, Interim Company Financial Statements, Bank Statement Reconciliations, Month-End, Quarter-End, and Fiscal Year-End Adjusting Entries, Audit Support, as needed.Skills and Ability Requirements: Must be proficient in Microsoft Office applications, type at least 50 wpm and have excellent customer service skills with the ability to provide support to clients and co-workers. High level of written and verbal English communication required.  Experience working in a professional environment.  Data entry experience required. Ability to multi-task & follow directions.  Accounting software training & other training will be provided.Education Requirements:  High School diploma, or equivalent.  Two-Year or Four-Year Accounting Degree with two years of experience or five years of equivalent work experience.Experience Requirements: General accounting experience required. Working Conditions: Computer work in standard office environment. Competencies, such as:Customer Service	Continuous Learning	    Communications		Conflict ResolutionJob Knowledge	Cooperation		    Attendance 			Time ManagementUse of Technology	Diversity		    Punctuality			Teamwork		Ethics			Dependability		    Stress Management 	Problem Solving	Adaptability		Personal Appearance	    Planning/Organizing	Multi-tasking		Motivated/Self-StarterAccounting Duties:General Ledger:	Responsible for general ledger moduleMonthly re-occurring entriesSafety material entriesManufacturing entriesCompany Store entriesMaintain any personal company loans Set up new accounts as requiredJob Cost Entries:Tool transfers Material transfersTool rentalsCompany Store entriesSafety material transfersAccounts Receivable:Maintain monthly log of checks receivedInput all Non AR receipts into ViewpointAccounts Payable:Input all hand-checks into ViewpointCash Management:	Responsible for Cash Management module	Balance and maintain all accounts	Balance and maintain company loans 	 Financial Manager Software:	Responsible for Financial Manager 	Provide monthly Interim Financial StatementsMonth-End, Quarter-End, Fiscal Year End Adjusting Entries:	All adjusting entries as requested by Lance	All adjusting entries as requested by the CPA office	Provide all related information requested by CPA office for FYE Audit Support:	Provide whatever information is required and requested by auditorsJob DescriptionPosition Title:		Accounts Payable ManagerDepartment:			Accounting - CorporateSupervisor:			CEO/CFOEmployment Status:		Full Time, ExemptSummary of Duties and Responsibilities:	Oversee the Accounts Payable Processes - AP Input and AP Invoice Coding, AP Batch Review and Posting, Vendor Communications / W-9 Management, AP Statement Reconciliations, Employee Cash Expense Reimbursements, Flex Spending Reimbursements, Visa Statement Reconciliations and Payments, Postage, Supplies, Employee Garnishments,  New AP Customer Set Up, Payment Processing in Viewpoint and NvoicePay, Positive Pay Management, Cash File Updates, Property Rental Payments, Lease and Loan Payments, Health Insurance Payments, Employee Insurance Premium Audits, Cash Discounts Payments, Sales and Use Tax Reports, Credit Applications, Bank Statement Reconciliations, Month-End Close-Out, Audit Support, Contractor License Renewals, State Annual Report Renewals, New Check Stock, Postage, Supplies, and Phones. Skills and Ability Requirements: 	Must be proficient in Microsoft Office applications, type at least 50 wpm and have excellent customer service skills with the ability to provide support to clients and co-workers. High level of written and verbal English communication required.  Experience working in a professional environment.  Data entry experience required. Ability to multi-task & follow directions.  Accounting software training & other training will be provided.Education Requirements:  High School diploma, or equivalent.  Two-Year or Four-Year Accounting Degree with two years of experience or five years of equivalent work experience.Experience Requirements: General accounting experience required. Working Conditions: Computer work in standard office environment.  Competencies, such as:Customer Service	Continuous Learning	    Communications		Conflict ResolutionJob Knowledge	Cooperation		    Attendance 			Time ManagementUse of Technology	Diversity		    Punctuality			Teamwork		Ethics			Dependability		    Stress Management 	Problem Solving	Adaptability		Personal Appearance	    Planning/Organizing	Multi-tasking		Motivated/Self-StarterJob DescriptionPosition Title:		Accounts Receivable ManagerDepartment:			Accounting - CorporateSupervisor:			CEO/CFOEmployment Status:		Full Time, ExemptSummary of Duties and Responsibilities:	"
"Administrative Support","Administration","7.4.5ADMINISTRATIVE SUPPORTAdministrative AssistantAdministrative Assistants are assigned and made available to various departments as approved by the Business Manager and Branch Manager.  The scope of work assigned to Administrative Assistants is typically clerical or administrative in nature.  Administrative Assistants work under direction of the Department Manager(s) they are assigned to.Receptionist / Clerical AssistantPlease see the following Job Descriptions for Administrative Support PositionsJob DescriptionPosition Title:  		A/P Clerk / Receptionist / Clerical Assistant				Salt Lake OfficeDepartment:			AdministrationSupervisor:			Salt Lake Office Business ManagerEmployment Status:		Full-Time, Non-ExemptSummary of Duties and Responsibilities:	A/P Clerk – Data entry of purchase orders and A/P vendor invoices; match purchase orders to A/P invoices; approve vendor invoices for payment; submit discrepencies between purchase orders and vendor invoices to Purchasing or Project Managers for resolution and final approval.  Receptionist - Greet visitors at the front desk workstation; answer and direct incoming calls; open and distribute mail; distribute incoming faxes; order supplies for the copy room; assist with branch and corporate projects; assist other departments as needed.  Clerical Assistant – assist A/P, HR, Project Managers, and other department personnel with tasks as need with clerical and administrative issues.  Skills and Ability Requirements: Must be proficient in Microsoft Office applications; type at least 50 wpm and have excellent customer service skills with the ability to provide support to clients and co-workers. High level of written and verbal English communication required.  Prefer experience working in a professional environment.  A/P and Data entry experience preferred. Ability to multi-task & follow directions.  Accounting software training and other training will be provided as needed.Education Requirements: High School diploma or equivalent, proficiency with Microsoft software.Experience Requirements: A/P experience, customer service skills, and phone etiquette.Physical Requirements and Working Conditions: Stationed at front desk, light lifting - up to 25 lbs., computer work in standard office environment.  Competencies, such as:Customer Service	Continuous Learning	    Communications		Conflict ResolutionJob Knowledge	Cooperation		    Attendance 			Time ManagementUse of Technology	Punctuality		    Teamwork			Ethics	Dependability		Stress Management	    Problem Solving                 Adaptability	     Personal Appearance	Planning/Organizing	    Multi-tasking	            Motivated/Self Starter	Specific Responsibilities, Duties and Authority:Accounts PayableEnter purchase orders as neededReceive, stamp, and distribute incoming invoicesMatch and approve Salt Lake office AP invoices to purchase ordersSubmit AP invoices with discrepancies with Purchase Orders to Purchasing or Project Management for resolutionApprove utility invoices and short-term 10-day payablesReview and approve Las Vegas AP invoice batchesTelephonesAnswer/screen/direct all incoming telephone calls, making sure all messages are accurately and timely deliveredProgram telephone system when necessaryOrder repair service for copy machines, fax machines, etc., when necessary.MailOpen/date stamp/sort/distribute all incoming mail in a timely mannerReceive incoming checks, stamp, make copies, and distribute to Accounts Receivable Prepare all mail for outgoing pickupPrepare all overnight mail packages (i.e. Federal Express) and track undelivered packages when necessary - maintain supply of applicable forms & envelopesFilingScan documents and maintain electronic files as neededScan or file job related paperwork in a timely mannerResponsible for scanning, distributing, and filing all AP Visa statements, forms, and receiptsGeneral TypingType correspondence as required for BranchCreate and maintain spreadsheets as neededUpdate Salt Lake Job List and Salt Lake Employee Contact Information ListProvide HR SupportPrint New Hire Packets for orientationSchedule Annual Flu Clinic and email Salt Lake Office and Field personnel. Relationships:Maintain professional and courteous daily interaction with Branch employees, other GSL offices, General Contractors, Vendors, and other office visitors."
"Apprentice - First Year","Operations","
Apprentice Electrician - First Year
What Does a First-Year Apprentice Do?
First-year apprentices learn the foundational concepts of electrical systems through hands-on experience and classroom learning. They develop essential skills such as installing electrical systems, working with conduits, and learning basic electrical safety practices. They work under the direct supervision of a journeyperson and are introduced to the fundamentals of electrical construction.
What Skills Are Required?
Basic understanding of direct current (DC) calculations, Ohm's Law, and power equations.
Familiarity with electrical energy sources like batteries.
Knowledge of nominal AC voltages (single-phase and three-phase).
Ability to identify various electrical components and understand panel board layouts.
Skill in bending and installing EMT conduits with hand benders.
Basic ability to pull wire and cable (up to #2 gauge).
Understanding of three-way and four-way switching systems​.
Recommended Credentials
Customer Experience Level 1
Jobsite Safety Level 1
Personal Safety Level 1
Installation Level 1
Lockout/Tagout​.
"
"Apprentice - Fourth Year","Operations","
Apprentice Electrician - Fourth Year
What Does a Fourth-Year Apprentice Do?
By the fourth year, apprentices are highly skilled and nearing journeyperson-level proficiency. They can work on complex systems, including motor controls, hazardous installations, and uninterruptible power supply (UPS) systems. They also acquire advanced knowledge in electrical theory, system design, and installation safety.
What Skills Are Required?
Advanced motor control and instrument hook-ups.
Installation and maintenance of UPS systems and components.
Knowledge of power factor issues and solutions.
Ability to perform basic estimating procedures.
Comprehensive understanding of transformers, motors, variable frequency drives, and load characteristics.
Proficiency in lighting design and protection systems​.

Recommended Credentials
Customer Experience Level 1
Jobsite Safety Level 1
Personal Safety Level 1
Installation Level 1
Lockout/Tagout​.
Personal Development Level 1
Troubleshooting Level 1
Project Documentation Level 1​.
Professional Development Level 1
Safety Documentation Level 1
Autodesk Build Level 1​.
Leadership Development Level 1
Advanced Safety Practices​.

"
"Apprentice - Second Year","Operations","
Apprentice Electrician - Second Year
What Does a Second-Year Apprentice Do?
In their second year, apprentices gain more hands-on experience with larger electrical systems and complex wiring setups. They learn to read blueprints, install larger conduit systems, and perform basic motor control installations. They also start developing a deeper understanding of electrical theories and safety practices.
What Skills Are Required?
Ability to install rigid conduits using hand benders.
Skills to wire basic motor controls such as start/stop switches.
Capability to read and interpret blueprints for circuit information.
Experience pulling wire up to 4/0 MCM and installing conduits up to 2 inches.
Understanding of AC waveforms, inductance, capacitance, power factor, and voltage drops.
Hooking up single-phase and three-phase loads​.
Recommended Credentials
Customer Experience Level 1
Jobsite Safety Level 1
Personal Safety Level 1
Installation Level 1
Lockout/Tagout​.
Personal Development Level 1
Troubleshooting Level 1
Project Documentation Level 1​.

"
"Apprentice - Third Year","Operations","
Apprentice Electrician - Third Year
What Does a Third-Year Apprentice Do?
In the third year, apprentices expand their skills in handling larger projects, including advanced conduit installations and high-voltage electrical systems. They are expected to be proficient in reading electrical drawings and applying the National Electrical Code (NEC) to ensure safe and compliant installations.
What Skills Are Required?
Proficiency in installing all sizes of conduit systems.
Ability to rig and pull all types and sizes of wire and cable.
Detailed understanding of NEC for selecting proper conductors, calculating conduit fill, box fill, and grounding sizes.
Ability to wire up motor controls and perform high-voltage terminations (5 kV – 15 kV).
Skilled in using multi-meters and meggers for system testing​.
Recommended Credentials
Customer Experience Level 1
Jobsite Safety Level 1
Personal Safety Level 1
Installation Level 1
Lockout/Tagout​.
Personal Development Level 1
Troubleshooting Level 1
Project Documentation Level 1​.
Professional Development Level 1
Safety Documentation Level 1
Autodesk Build Level 1​.

"
"Apprentice Electrician","Operations","3.2.1APPRENTICE ELECTRICIANElectrical apprentices learn the trade through a combination of field experience, classroom work (either in class or internet), and lab work.  Although licensing requirements vary by state, typically, electrical apprentices must complete 8,000 hours of on-the-job field experience, eight semesters of apprentice course work and lab work, and pass the journeyman exam to become a licensed journeyman electrician.SKILL LEVELS:Listed below are the anticipated skill levels for first, second, third- and fourth-year electrical apprentices.  These skill levels are obtained through a combination of apprenticeship course work and on-the-job work experience.  The order in which these skills are obtained will vary depending on the opportunities available on construction projects.  Typical First Year Apprentice Skills (End of Year)1.	Working knowledge of D.C. calculations and relationships.OHMS LawPower EquationManipulate equations to solve for variables.  Explain these concepts in common terms.2.	Working knowledge of batteries and sources of electrical energy.3.	Know nominal AC voltages- single phase and three phase.4.	Familiarity with names of a wide variety of electrical parts and their ordering criteria.5.	Understand panel boards and their general layout including system grounds and equipment grounds.6.	Ability to bend and install EMT conduit with hand benders.7.	Use continuity testers, ammeters with safe practices.8.	Set up and pull wire and cable up to #2.9.	Understand 3 way and 4 way switching schemes.Typical Second Year Apprentice Skills (End of Year)1.	Ability to install rigid conduit with hand benders.2.	Wire up simple motor controls (i.e. stop/start).3.	Find circuit and other information on blueprints.4.	Rig and pull wire up to 4/0 MCM.5.	Installation of all conduit systems up to 2"".6.	Understand and be able to explain AC wave form.7.	Understand and explain the following terms/concepts.1.	Inductance2.	Capacitance3.	Power factor4.	Voltage drop5.	KVA and KW8.	Hook-up single phase and 3 phase loads properly.9.	Basic knowledge of overcurrent protection.10.	Read blueprint elevations and details meaningfully.11.	Have a basic familiarity with transformers.Typical Third Year Apprenticeship Skills (End of Year)1.	Ability to install all sizes of conduit systems.2.	Rig and pull all types and sizes of wire and cable.3.	Demonstrate knowledge of N.E.C. (National Electric Code)a.	Select proper size conductor.b.	Calculate conduit fillc.	Calculate box fill/gutter fill/etc.d.	Calculate grounding conductor sizes properly.e.	Select overcurrent protection properly.4.	Read risers, schedules, details, evaluations and plan view drawings accurately and cross reference between electrical/mechanical/architectural drawings.5.	Demonstrate proper use of multi-meters, meggars, and other testers.6.	Understand and wire up motor controls and simple instruments.7.	Make 5 KV - 15 KV terminations and splices and understand high voltage safety considerations.8.	Set/terminate/start-up 600 V and 5 KV - 15 KV gear, transformers, capacitors, motors.Typical Fourth Year Apprenticeship Skills (End of Year)1.	Advanced motor control and instrument hook-up.2.	Understand classified and hazardous installation including wiring methods, equipment characteristics, and safety considerations.3.	Understand and install UPS (uninterruptable power supply) and similar components. 4.	Understand harmonics, power factor, problems and how to test for, recognize and treat them.5.	Understand basic estimating procedures.6.	Comprehensive understanding of transformers, motors, variable frequency drives and other typical loads.7.	Understand differences in light sourcesa.	efficiencyb.	color renditionc.	heat dissipationd.	layout and basic design8.	Understand basic lightning protection.9.	Service, feeder, branch circuit differences, calculations, and definitions.10.	Demand factors, de-rating calculations and procedures for panel boards, conductors, transformer loads.11.	Familiarity with overhead line components and configurations.12.	Familiarity with intrinsically safe circuits and components.All apprentices must study and follow GSL’s safety policies, produce high quality work, achieve satisfactory production rates, apply lean construction principles, work as a team player, and be willing to be mentored by Journeyman, Leadmen, and higher levels of GSL leadership.  		"
"Benefits Manager","Administration","7.4.2BENEFITS MANAGEMENTPosition Title:								Benefits ManagerDepartment:									CorporateSupervisor:									CFOEmployment Status:								Full Time/ExemptSummary of Duties and Responsibilities:The Corporate Benefits Manager is responsible for the implementation of GSL Electric’s Benefit Policies and Procedures as set forth in Section 4 of GSL’s Policies and Procedures.  The Corporate Benefits Manager is responsible for recommending updates to Section 4 Policies and Procedures as benefit changes are made and/or as Federal or State compliance requires.Daily:-Communicate with Employee-Owners, carriers, and vendors to address benefit concerns and or questions, research, and include findings with responses.  -Make necessary adjustments to Viewpoint, GSL’s Census, and Employee Navigator for any employment changes, such as, address, phone numbers, wages, job position, employment status, to maintain current information.Weekly:-Updating ACA information/coding and 1095 information/coding. -Review updates on terminations and newly eligible Employee-Owners with Corporate HR Manager and communicate changes affecting benefits in billed benefits to Payroll Manager.  -Monitor and follow through with Employee-Owner “Qualifying Events” resulting in benefits eligibility. -Verify all new hires have returned Benefit Enrollment Forms that are filled out correctly.-Contact any new hires who have not returned their Benefit Enrollment Forms.  -Answer or help with any benefit enrollment questions.     Monthly:-Research and prepare report for monthly payroll deductions for medical insurance, supplemental insurance, voluntary benefits, flexible spending accounts, etc.  Submit changes to Payroll Manager and General Ledger Manager.  -Pull new month information/deductions from Lincoln Financial, prepare report for and short-term or long-term disability or voluntary life insurance adjustments.  Send report to Payroll Manager and General Ledger Manager, and update GSL’s census. -Review and reconcile Lincoln Financial billing for STD/LTD and VLI with General Ledger Manager for monthly billings.-Prepare report with information from Wellness Program for any new participants.  Send report to Payroll Manager.-Prepare report for Las Vegas Business Manager and General Superintendent showing Las Vegas field Employee-Owners with GSL insurance and Las Vegas apprentices with ABC insurance for Certified Jobs and billing purposes.-Contact, track, and update Employee-Owner’s information when on FMLA or GSL Non-FMA Approved Leave for possible return- to-work dates as well as health insurance premium payments – if applicable.-Update GSL Census -Move all “current month” information to a new tab, renaming the tab as the previous month.  -Update new current month by adding newly eligible insured Employee-Owners, updating/changing any new Employee-Owner information, qualifying event, or dependent age outs.-Remove any terminated Employee-Owners.-Research any COBRA participants and report information to Payroll Manager and GL Manager.-Attend monthly Business Policy Committee meeting.  -Review and participate regarding information provided by CFO.  -Provide relevant training when assigned. Quarterly:-Research and prepare reports on breakdown of Las Vegas insured Employee-Owners and Las Vegas Wellness Program participants with associated costs. Send reports to Payroll Manager and CFO.-Update any changes to Employee-Owner 401k participation amounts.  Prepare reports for quarterly reviews with Payroll Manager.  Semi-Annually:-Research newly eligible Employee-Owners and create report to review with Payroll Manger regarding 401k automatic open enrollment.-Upon newly eligible list approval, create 401k information packets by printing out PDF’s for each newly eligible Employee-Owner.  Mail out packets.-Track enrollment forms for 401k election “opt-outs”, change in participant amounts, and beneficiary information.-Update GSL Census with current 401k information.- For 401k open enrollment meetings for October coordinate with CFO and Payroll Manger for meeting times. Send invites with information to all Employee-Owners.-Prepare Progress Meeting Report for Department Managers and provide report to Corporate Secretary prior to the meetings.  	-Attend meetings, discuss short-term and long-term goal progress since previous meeting-Discuss any new/upcoming short-term and/or long-term goals with Key Performance Indicators, Action Plan(s), as well as possible challenges, and any help or resources needed.-Discuss with Executive Committee any questions, suggestions, or ideas presented.Annually:-Research, review, coordinate, and prepare information for Employee-Owner’s Annual Wage and Benefit Statements.  -Submit Wage and Benefit statements to Employee-Owners prior to Health Care Open Enrollment-Following Health Care Open Enrollment, update Wage and Benefit Statements to Employee-Owners reflecting any changes to their Wage and Benefit Statements based on their elections of Health Care Coverage and benefit elections with current costs.-Meet with Employee-Owners annually, in person or by phone for approximately 20 minutes in the period from February through September, to review their Wage and Benefit Statements with the goal of helping them understand the benefits offered by GSL.-Assist in researching, reviewing, and reconciling several resources for EEO-1Report.  -Perform Anti-Discrimination Test on GSL’s Cafeteria Plan (FSA).-Update ACA information on all current Employee-Owners.  -If insured with any dependents, update each insured dependent for 1095 tax form to be mailed with W2’s. -Run final 1095 report, print, coordinate with Payroll Manager to mail 1095 tax forms with W2’s and to facilitate reporting ACA information the total company on Form 1094.-Research, revise, update all information for GSL Annual Health Care Open Enrollment.	-Review information before release to Employee-Owners.  -Track all Employee-Owners for return of Benefit Enrollment Form(s) and any other necessary documents according to benefit(s) elections.  -Enter each Employee-Owner’s elections into Employee Navigator.  -Update GSL Census for the new year with adjustments to rates, possible adjustments to existing formulas, possible adjustments for new benefits or necessary categories.  -Enter all current Employee-Owners and all benefit elections into the GSL Census.-Notify applicable Employee-Owners of rate adjustments for Voluntary Life Insurance premiums due to age band changes.-Create, review, and reconcile reports with Payroll Manager for all Employee-Owners and new benefit deductions for the new plan year.  -Create and review with General Ledger Manager all Employee-Owner’s electing an FSA for the new plan year.  As Assigned/As Necessary/On Occasion:	-Perform research and due diligence/follow through with compliance tasks.-Provide Employee-Owners/Insureds required medical information/laws-Submit Reports to government, tracking, etc., according to deadlines.-Maintain awareness of new, relevant laws/mandates according to current events. -Perform tasks/research as assigned or upon request.Qualifications:High School diploma or equivalent. Two-year to four-year degree with two years of experience, or five years of equivalent work experience.Essential Job Functions: This position requires the following essential job functions - Proficiency in Microsoft Office applications; typing at least 50 words per minute; excellent interpersonal skills with carrier representatives, brokerage representatives, and outside vendors; ability to provide support to GSL’s Employee-Owners while communicating with GSL’s managers and executives; high level of written and verbal communications skills; prefer experience in a professional environment; strong data entry and spreadsheet experience; ability to multi-task and follow directives.  Company specific software training will be provided.Competencies, such as:Analytical Skills	    Customer Service		Delegation		Business AcumenContinuous Learning	    Communications		Leadership		Conflict ResolutionJob Knowledge	    Cooperation			Cost Consciousness	Attendance Use of Technology	    Cooperation			Diversity		PunctualityDesign Ability		    Teamwork			Ethics			DependabilityProblem Solving	    Change Management	Adaptability		InnovationProject Management	    Performance Coaching	Personal Appearance	Planning/OrganizingPhysical Requirements:	Typical office working requirements allowing for significant hours devoted to computer time, email, and phone communications as required with Employee-Owners.Working Conditions:     Professional office working conditions.  Standard workdays and additional outside the office workhours may be required to meet deadlines and the needs of GSL’s Employee-Owners."
"Board of Directors","Executive","7.4.8  BOARD OF DIRECTORSThe GSL Board of Directors is the company’s highest leadership body. Therefore, the Board of Directors and its individual members are fiduciaries of GSL Electric.A fiduciary is a person and/or group that acts on behalf of the company, putting the company’s interest ahead of their own, with a duty to preserve good faith and trust. Being a fiduciary thus requires being bound both legally and ethically to act in the company’s best interests.All board members must understand and commit to certain legally imposed fiduciary duties. There are three such duties. They are the duty of care, duty of loyalty, and duty of obedience. Each one is unique and critical to the success of the company, and failure to fulfill any of these duties may expose the individual to personal liability. Duty of Care — Each board member has a legal responsibility to participate actively in making decisions on behalf of the company and to exercise his or her best judgment while doing so. Board members are to exercise the care, diligence, and skill to make decisions that are financially, ethically, legally sound, and with a good faith belief that their decisions are in the best interest of the company.Duty of Loyalty — Each board member must put the interests of the company before their personal and professional interests, or the interest of others, when acting on behalf of the company in a decision-making capacity. Duty of Obedience — Board members bear the legal responsibility of ensuring that the company complies with the applicable federal, state, ad local laws and adheres to its mission.Responsibilities of the GSL Board of Directors - The GSL Board of Directors will support the work of the company and provide mission-based leadership and strategic governance. GSL Electric’s Board of Directors sets the Company’s strategic plan.  GSL’s Corporate Officers and the Executive Committee lead the day-to-day operations of the Company.  GSL Electric’s Board of Directors, GSL’s Corporate Officers, and GSL’s Executive Committee form a management partnership. Appropriate leadership by GSL’s Board of Directors is both critical and expected. The GSL Board of Directors responsibilities are (but not limited to):Govern GSL Electric in accordance with its culture including its objective, vision, mission, and core values as identified in Section 1.3 of GSL’s Policies and Procedures.Select and appoint the Executive Officers to whom responsibility for the administration of the company is delegated.Review and evaluate the Executive Officers’ performance based on a specific job description, including the leadership in the company, in strategic and program planning and implementation, and in the management of the company and its personnel.Provide proper financial oversight.Ensure legal compliance and ethical integrity.Manage resources responsibly.Strive for continual improvement of the company’s operations, programs, policies, and services.Assessing its own performance as the governing body of the company.Attend four quarterly Board of Directors Meetings.Attend Special Board of Directors Meetings, Strategic Planning Sessions, etc.Develop and approve a strategic plan and ensure that it is followed.Address hrs attending meetings, expenses – no loss of payResponsibilities of the Chairman of the Board -The Chairman of the Board is appointed by the Board of Directors and is responsible to set the board’s agenda and facilitate board meetings.  The Chairman of the Board must have a good understanding of the day-to-day operations and management of the company. Responsibilities of Individual Board Members -To ensure that the Board of Directors is making the best decisions. Board members are to exercise the care, diligence, and skill to make decisions that are financially, ethically, and legally sound.  Therefore, the responsibilities of individual board members include (but not limited to) the following:Be aware of the GSL's objective, vision, mission, core values, strategic plans, and policies and procedures. The board member must also ensure that the strategic plans and policies serve the needs of the company.Understand substantive matters brought before the board.Prepare for and participate fully in board meetings, deliberations, and decisions. This involves preparing for and attending meetings, asking questions, challenging assumptions, following up on issues that may not have been resolved, and consulting with experts as needed.  Planning your workRead, evaluate, and ensure the accuracy of all reports. This includes minutes, financial reports, and evaluations.Participate in the evaluation of business operations and executives.Maintain confidentiality on all internal organizational affairs, including all board discussions, topics, and/or decisions. The appropriate information will be made available to GSL Employee-Owners through designated channels.Board members are to support and advocate the final decision(s) made by the board.Serve as active advocates and ambassadors of GSL Electric and fully engage in supporting GSL’s Employee-Owners, and in identifying and securing the financial resources and partnerships necessary for the organization to advance its mission.All new members of the Board of Directors shall go through training as determined by the Board. "
"Business Administration","Administration","7.4BUSINESS ADMINISTRATION POSITIONSBusiness ManagersBusiness Managers work under the direction of the Branch Manager and works with the CFO to oversee a variety of duties including reviewing and negotiating contracts, collecting and submitting preliminary and final lien waivers, collecting accounts receivable, reviewing certified and non-certified payroll, reviewing and approving time cards, Visa statements, and cash reimbursement requests, assisting with the timely processing of accounts payable, assisting with IT issues, and assisting in the scheduling of office personel, etc Marketing Manager The Marketing Manager is responsible for submitting any required customer or project pre-qualification forms, developing and organizing all marketing materials such as line cards, job photographs, project bios, personnel bios, updating GSL’s Web Page, producing GSL’s quarterly newsletters, and other duties as assigned by GSL’s President  IT ManagerBusiness ManagerJob DescriptionPurpose and Basic FunctionThe general purpose of this job is to maintain the day to day operations associated with the business functions necessary to efficiently operate an electrical contracting branch.  Responsible for proper management of all aspects of the branch.  Provides the leadership skills needed to effectively operate the branch and is responsible for management of the business and for carrying out the policies and objectives established by the Board of Directors.Specific Responsibilities Duties and Authority Observe and monitor Accounts Receivable, and AR aging.  When necessary get involved with the collection process.Maintain communication with Supplier’s Finance Department, and monitor Accounts Payable.Represent the Company when possible at outside activities, such as Association of Builders and Contractors meetings.  Presently serving on ABC Board.Interpret and administer policies established by the Board of  Directors for all the branches activities.Assist in maintaining contacts with Government licensing entities, State Labor Commissioners office and State Contractors Board.Counsels with Project Managers on specific problems where expertise may be helpfulShare with the Senior Project Manager the responsibility of discipline, training, and employee development.Share with the Senior Project Manager the responsibility in directing the branch growth and in selecting market segments.Counsels with Project Managers in the evaluation of potential jobs bidding.  Secure plans and specs, monitor bid dates.Share with the Senior Project Manager the responsibility of developing and submitting branch operating budgets and forecasts.Establish and adhere to procedures governing branch expenditures, administer petty cash account.Formulate any public relation policies and plans, subject to approval of the Board when required.To preside at weekly staff meetings with Project Managers.Manage branch payrollEvaluate the need for and purchase office equipment.Manage personnel functions, process applicants and new hires up through final interview process at which time a project manager will conduct a final interview.Administration of State of Nevada apprenticeship program.Administer branch computer network Assume responsibility for computers, software and other necessary office equipment, and maintain technical training and support.Share with the Senior Project Manager and Project Managers the responsibility for the maintenance of a high level of branch employee morale.Delegate tasks and authority as necessary.The preceding responsibilities are included but not limited to the essential functions of this position.RelationshipsThis position will observe and conduct the following relationshipsThe Corporation Chief Financial Officer	Accountable to this executive for proper interpretation and fulfillment of the positions 	functions, and general responsibilities, related authority, and other relationships.The Corporation Chief Operations Officer	Will coordinate and cooperate with this executive on matters of mutual concern The Senior Project Manager and Branch Project Managers.	Will coordinate, communicate and cooperate with all pertinent job functions.4.	Other Corporate Officers, Management and Employees. Other Las Vegas Branch Stake Holders: Employees, Suppliers, Associations, etc. Education, Experience, AbilitiesPossess Bachelor of Science in Business Management or related field or equivalent experience. MBA Preferred.Possess a minimum of two years of construction management experience. Marketing ManagerJob DescriptionPosition summaryThe Marketing Manager will develop, and market the company brand. They will strategize for effective campaigns, set brand standards, and improve the customer and employee experience. Acting as gatekeeper of brand, brand manager will implement guides and work with teams on advertising, promotions, internal work, campaign marketing, social media, Company Website, Employee Apps, and other areas of representation.Project/Client SubmissionsProposalsPresentation MaterialsPre-QualificationsSOQ’sAward SubmissionsCollateral MaterialsCorporate BrochureProjects SheetsLine CardsPresentation MaterialsClient NewsletterUpdate and maintain company resumesCRM ManagementMaintain client and project information in CosentialImage / Branding / CommunicationsDeveloping and implementing strategies for marketingImproving brand recognition and reputationAnalyzing market trends and competitors’ methodsSetting brand standards, mission, and goalsImproving the brand’s reach to customersResearching consumer markets and opportunities Ensure brand consistencyResearching and tracking performance and reactionsManaging company and client expectationsReviewing success of campaign and developing ways to improve on brand recognitionBuilding a following for brand on social media SkillsCreative and innovative thinker and planner Confident in producing work across multiple platformsGoal-oriented, organized team playerAble to align multiple brand strategies and ideasTakes ownership of brand voice and visionCreative problem solver who thrives when presented with a challengeAble to analyze problems and strategize for better solutionsExcellent verbal and written communication skillsAble to multi-task, prioritize, and manage time effectivelyExperience with technologies and best practices for web design, web production, and creative design across multiple platformsExcellent analytical and time-management skillsProficient computer skills, including Microsoft Office Suite (Word, PowerPoint, Outlook, and Excel)Strict adherence to company philosophy/mission statementGood interpersonal skills and communication with all levels of managementAble to work in a time sensitive conditions"
"Business Development","Operations","7.3.2BUSINESS DEVELOPMENTBusiness Development OfficerThe Branch Business Development Officer shall work with GSL’s Branch Manager, Marketing Manager, and President to develop contacts and business relationships while managing the estimate or proposal process and submitting the final estimates or proposals.  "
"Business Manager","Administration","Position Title:		Business Manager / Salt Lake Office
Department:			Administration
Supervisor:			Lance Capell / CEO
Employment Status: 	Full-Time, Exempt

Summary of Duties and Responsibilities:	Oversee branch A/R & A/P functions including working with Project Managers, general contractors, sub-contractors, and supplier to ensure timely payment to GSL as well as timely payment to GSL’s subs and suppliers. Review terms and conditions of contracts and purchase orders to ensure they are in-line with GSL’s preferred contract language. Build, maintain, and monitor the branch overhead budget.  Work with Payroll and the General Superintendent weekly to review the branch payroll.  IT support for field and office as needed.

Qualifications: Must be proficient in Microsoft Office applications, have a basic construction accounting knowledge, knowledge of construction lien law, and have excellent customer service skills with the ability to provide support to clients and co-workers.  High school diploma or equivalent required.  High level of written and verbal English communication required.  Prefer experience working in a professional environment.  Willing to train.

Competencies, such as:

Analytical Skills	    Customer Service		Delegation		Business Acumen

Continuous Learning	    Communications		Leadership		Conflict Resolution

Job Knowledge	    Cooperation			Cost Consciousness	Attendance 

Use of Technology	    Cooperation			Diversity		Punctuality

Teamwork		    Ethics			Dependability		Problem Solving

Problem Solving	    Adaptability			Innovation	           Planning/Organization

Knowledge Requirements: Construction accounting, construction lien laws, IT troubleshooting and problem solving

Skills and Ability Requirements: Microsoft Office, construction accounting, customer service, multi-tasking, follow directions, strong ability to work as a team.

Education Requirements: High School diploma or equivalent

Experience Requirements: 

Physical Requirements: 

Working Conditions:  Standard office environment"
"Chief Estimator","Estimating","Chief Estimator Responsibilities:
Responsible for developing strategies for the pursuit and procurement of competitively bid projects fitting within the accepted market segments reflected in the firm marketing plan for year.
This involves teaching the staff about the approaches required when reviewing project documents with regards to strategic advantages due to our in-house capabilities, specific areas of work that demand attention due to the scope as compared to the overall requirements of the project.
Teach the staff to develop strategic alliances with key subcontractors as a method to receive preferential treatment & pricing on bid day.
Identifying major issues and concerns on a project in regards to risk/reward situations.
Responsible for the organization of the Estimating Department to assure that the proper procedures are in place to allow a smooth bidding process. 
Train the estimating staff to accurately take-off and price items of self-performed work such as structural wood framing materials, wood framing labor, concrete formwork, concrete place & finish. 
Responsible for setting the Directors of Estimating goals each trimester and then assuring the goals set for the staff by the Sr. Managers of Estimating are in alignment with the Chief Estimators goals.
Fully implement Timberline Precision as outlined below. This is further defined as having the work packages for our self-performed work such as: completed so a project can be bid from the software. This responsibility also includes the capability to easily transfer a successfully estimated project to Operations & job cost, updating and adding assemblies for new types of work and maintain unit costs in the system.
Assure that the policies and procedures for the estimating department are developed and enforced. Items such as informing a subcontractor if they are 10% low or more on a bid, assuring that no bid shopping takes place, pre-bid meetings are held with the proper team in attendance, effective hand-over to operations meetings are conducted, lock down meetings with operations is held in a timely manner, monitoring of scheduled closeouts with operations and defining an ethical approach to the buy-out process.
Maintain in conjunction with all departments a working sublist of qualified subcontractors who adhere to our company standards. This responsibility also includes helping maintain our preferred subcontractor program. 
Assure that all subcontractors are treated in accordance with the program and the signed charter between the firm and those subcontractors. 
Responsible for an increase in profit assuring the principles outline in #6 above are not compromised, through the buy-out process on each project that is successfully estimated by the estimating staff of the firm.
Determine the maximum amount of profit that can be obtained on each project during the bidding process by accurately tracking special pricing given to the firm by our subcontractors.
Responsible for the follow-up with repeat, new, and prospective clients of the firm. This responsibility will include pre-construction services such as the following:
Review of conceptual bids. 
Maintain & update on a quarterly basis the databases used for conceptual and hard bids within the Precision.
Value analysis of client’s plans & specifications including coordination, completeness, & clarity.
Presentation of bids, estimates, and conceptual bids to our clients.
Assuring that our clients receive their conceptual estimates at the agreed upon timeframe.
Follow-up with the new or existing clients to assure their needs are being met.
Format bid protests when appropriate and follow up on these protests to assure the firm is properly represented at the subsequent hearings. This responsibility also includes understanding Nevada Revised Statues, public entity requirements, local codes and standards.
Develop a list of our competitions subcontractors from their listings on public works bid and industry knowledge from private sector work.
Work with operations to effectively reduce the number of cost phase codes to implement simpler cost accounting from the field.
Track job cost & unit production
Work with business development and preconstruction to establish realistic time frames for estimates to be completed.
Hold weekly staff meetings to review current and future workload, project concerns, and any other issues pertaining to the department.
Maintain and build working relationships with subcontractors, suppliers, architects, engineers and clients. Assure that our highly rated subcontractors, suppliers, architects, engineers and clients receive extraordinary treatment and respect at all times.
The Chief Estimator is the primary member of the estimating team who has overall responsibility for the creation of budgets and estimates produced by the Special Projects District. The Chief Estimator is responsible for the oversight of the estimating process for all projects bid and awarded in the District, and will establish standardized procedures, methods and processes for estimating and training estimating resources in the use of the same.

The Chief Estimator will oversee analysis of past performance on projects and establish estimating standards for all future estimates based on such analysis, and assist in oversight of the historical cost database and bid management and estimating software.

The Chief Estimator has final word on procedures, processes, techniques and personnel decisions for assigned projects. The Chief Estimator works with the Manager of Special Projects and the Executive Vice President of Special Projects to oversee department standards for deliverables such as bid packages, deliverable formats and budget tracking tools.

Manages and coordinates the people, software and other resources used to perform the estimating functions. Projects range from fully defined (conventional Bid-Build Projects) to conceptual (alternative procurement such as Design-Build Projects).

Duties: ESSENTIAL FUNCTIONS
Assigns responsibilities for estimating team on each project
Reviews project plans and specifications and coordinates with the team to confirm complete scope.
Identify risk issues and their order of magnitude
Solicit subcontractor and/or supplier information & pricing
Assist in Good Faith Efforts as required
Prepares instructions to bidders, bid form and other bid solicitation information as required.
Performs and/or manages the quantity survey and pricing effort for internal budgets.
Prepares conceptual budgets based on minimal information.
Reviews general conditions, schedule, scopes of work, hoisting plans, site logistics and other exhibits as prepared by Operations.
Ensures the flow of project information is maintained and documented.
Reviews and/or manages the review and scoping of specialty contractor bids.
Coordinates insurance requirements with Risk Manager.
Coordinates technical proposal requirements with Marketing Department.
Reviews constructability issues with operational staff.
Maintains and communicates data on construction and material cost trends affecting project costs.
Analyze alternate means and methods to determine the most economic alternative
Builds effective relationships with customers, design team, specialty contractors, suppliers, and user groups that reflect and support company core values and meets or exceeds the customer's expectations.
Actively participates in industry, client and community relations to enhance company image.
Performs other related duties as needed.
Assist project personnel on successful proposals as follows:
Participate in the transfer of information on successful projects including the Job Kick-off Meeting
Assist in the preparation and review of work plans as requested
Participate in periodic reviews and visits to projects as appropriate
Pricing of change impacts as required
Qualifications: KNOWLEDGE, SKILL and ABILITIES
Be proficient in all computer software programs used in estimating with particular emphasis on HCSS estimating software.
Possess strong mathematical and computer skills. Proficiency with all MS Office products (Word, Excel, Access, PowerPoint)
Expertise in one or more areas of heavy civil
Ability to breakdown construction operations into a logical sequence of activities
Ability to work in a team environment
Ability to professionally communicate the basis for individual work product when in a highly stressed environment
Ability and willingness to abide by GSL’s policies on a daily basis environment.
Must be able to meet deadlines and put in the time needed to get the job done.
Effective oral and written communication skills
Must be willing to travel.
Candidates must possess a strong work ethic.
Strong organizational, interpersonal skills.
Good attention to detail with the ability to recognize discrepancies."
"Chief Operations Officer","Executive","

7.4.7.3
CHIEF OPERATIONS OFFICER (COO)
JOB DESCRIPTION



Position Title: Chief Operations Officer (COO), Sr. V.P. Operations

Department: Corporate Management, Operations

Supervisor: Chief Executive Officer (CEO)

Employment Status: Full-Time, Exempt  

Summary of Duties and Responsibilities:

The Chief Operating Officer (COO) oversees the organization’s ongoing operations and procedures. As a key member of the senior management team, the COO reports directly to the Chief Executive Officer (CEO) and establishes policies and procedures that promote the Company’s culture of Employee Ownership, Vision, Commitment, and Accountability through operations. The COO is responsible for the efficiency of the business, which includes maintaining control of diverse business operations through establishing and following successful policies and processes.

Essential Job Functions:

Direct responsibility for the Branch Operations through the Branch Managers.
Provide day-to-day leadership and management support to Branch Managers, Project Managers, and Field Leadership.
Responsible for directing the company to achieve revenue, profitability, and cash flow objectives, and other related business goals and objectives.
High-level understanding of all business functions such as Estimating, Project Management, IT, HR, Benefits, Finance, Marketing, etc.
Aptitude in sound decision-making and problem-solving in pressure situations.
Collaborate with leadership teams to develop and implement plans for the operational infrastructure of systems, policies, processes, and staff.

Supports the CEO in attaining the goals and aims set forth by GSL’s Board of Directors. 
Responsibility and accountability for all field operations including Project Procurement, Project Start-Up, Pre-Construction, Prefabrication, Project Performance, and Project Closeout. 
Develops & ensures implementation of GSL’s Standard Operating Procedures
Supports implementation of GSL’s Management Directives relating to field operations.
Responsible for achieving operational standards and objectives by monitoring and controlling GSL’s field operations utilizing effective pre-planning, safety administration, and utilization of GSL’s Job Plan to achieve productivity and performance goals.
Develops and updates GSL’s operations training plan and provides consistent training and development opportunities for field operations leadership.  In addition to monthly Foremen/Project Management Training, the training plan is to include formal course development for training, testing, and certification of Leadmen, Foremen, Superintendents, Assistant Project Managers, and Project Managers.
Advocates for lean construction techniques and focuses on continual improvement.
Monitors GSL’s current manpower and leadership needs and monitors employee morale, quality of the employees, and safety program implementation.
Identifies future manpower and leadership needs and develops a plan to meet those needs.
Leads the Operations Committee and oversees the Best Practices Committee in developing Standard Operating Procedures.
Works with Branch Managers to emphasize GSL’s Pre-Fabrication program.
Visits job sites regularly to monitor effective pre-planning of the work, assess equipment and resource needs, and reviews labor production while maintaining a concentrated focus on the training and development of our field operations team. 
Oversees the company’s electrical licenses in each state in which GSL does business. 






Qualifications:

Background in electrical construction with appropriate training and licensing.
Knowledge and competency in field operations and installations.
Competency in strategic planning. 
Understanding of data analysis and performance / operations metrics.
Ability to comfortably and energetically represent the company.
Excellent interpersonal, presentation and public speaking skills.
Dedication to building and growing a strong and stable workforce
Outstanding organizational and leadership abilities, including the ability to recognize and cultivate rising talent

Competencies:

Analytical Skills	    Customer Service		Delegation		Business Acumen

Continuous Learning    Communications		Leadership		Conflict Resolution

Job Knowledge	    Cooperation		Cost Consciousness	Attendance 

Use of Technology	    Diversity			Punctuality		Design Ability		    
Teamwork		    Ethics			Dependability	Problem Solving	    

Change Management   Adaptability		Innovation		Project Management	    

Coaching 		    Personal Appearance	Planning		Organizing


Licensing Requirements:

Electrical Journeyman License
Master Electrician License

Knowledge Requirements: 
	
National Electrical Code
Federal and State Labor Laws and Regulations


Skills and Ability Requirements:
	
MS Office (Word, Excel, PowerPoint, Outlook, Teams, etc.)
Helpful- Bluebeam, Accubid, Procore, Viewpoint
Ability to Read Electrical, Architectural, & Mechanical Drawings, etc


Education Requirements:
 
High School Graduate
Bachelors in Construction Management, Preferred

Experience Requirements:

5 years Field Leadership
1 Year Estimating
3 years Project Management
2 Years Branch Management

Physical Requirements: 

Ability to Fly and Drive to Visit Branch Offices and Job Sites
Ability to Maintain Good Physical Health and Stamina
Ability to Walk Job Sites and Traverse Rough and Uneven Terrain
Ability to Climb Ladders and Stairs
Ability to lift up to 50 Pounds Regularly

Working Conditions:  

Typical office environment with the requirement to visit field Branch Offices and project sites regularly 








NOTICE:

1.	Job descriptions do not state or imply that tasks listed are the only tasks to be performed by an Employee-Owner occupying these positions.  Employee-Owners will be required to follow other instructions and to perform other job related duties requested by their supervisors (subject to training and safety requirements).

2.	Job descriptions identify minimum levels of knowledge, skills and or abilities required for the positions.  To perform successfully, the Employee-Owner will possess the aptitude and the desire to perform each task proficiently.

3.	Aptitude means to possess and to apply both knowledge and skill.

4.	Job descriptions describe the minimum selection requirements in terms of tasks and requirements to qualify for various positions.  Promotion and other employment decisions are also based on company needs, being in good standing (including lack of disciplinary actions), full and competent performance, and other non-discriminatory factors.

5.	Some non-essential tasks and requirements are subject to possible modification to reasonably accommodate individuals with disabilities.

6. 	Some requirements may exclude individuals who pose a direct threat to the health and safety of themselves or other Employee/Owners.

7.	This document does not create an employment contract, implied or otherwise, other than an ""at will"" employment relationship.  Unless authorized by the GSL’s CEO, the relationship between the Company and its employees remains at-will. 

	"
"Corporate Officers","Executive","7.4.7CORPORATE OFFICERSChief Executive Officer - The Chief Executive Officer (CEO) reports to GSL Electric’s Board of Directors.  The CEO leads GSL’s Executive Committee and works with the committee to align the culture of the company with GSL’s Objective, Vision, Mission, and Values Statement and in executing GSL’s Communications Plan.The CEO works with the Executive Committee to review and provide annual updates to GSL’s Business Model, Five Year Plan, and Plan of Succession, that is approved and ratified by GSL’s Board of Directors.The CEO adheres to GSL’s Corporate Bylaws and all aspects of proper corporate governance.The CEO works with the Executive Committee to develop and implement all compensation plans for the company.The CEO chairs the Business Policy Committee and oversees the development of policies and procedures that are consistent with GSL’s values, meets the needs of the company, maintains compliance with federal and state laws, and provides guidance to help achieve the company’s goals and objectives.  	The CEO develops a successful risk management program to protect the interests of the company and its Employee-Owners.  Risk Management includes overseeing GSL’s insurance programs, development, and training on GSL’s Management Directives, and overseeing GSL’s Contract Manager performance in the company. The CEO serves as the Plan Administrator and Trustee for GSL’s Employee Stock Ownership Plan (ESOP) and its 401k Profit Sharing Plan.  The CEO serves as the Chairman of GSL’s Board of Directors and provides communications to GSL’s Board of Directors and GSL’s investor group on a quarterly basis.   The CEO conducts the Company’s quarterly Progress Meetings.  The CEO promotes communication to its employees by overseeing the presentation and content of the Employee-Owner monthly newsletter and visiting job sites 5% regularly to see how our Employee/Owners are doing and to express appreciation for their services.PresidentThe President supports the CEO in attaining the goals and objectives set forth by GSL’s Board of Directors.  Although the President can oversee and assist in all aspects of GSL’s business activities, the President has primary responsibility for all marketing and business development activities of the company while focusing on the development of the culture of the company.  Business development is the leadership function that ensures a sustainable business future for GSL Electric through the continuous improvement of its processes and services to better meet the needs of current and future customers. The President works with the Executive Committee, Branch Managers, Business Development Officers, Project Managers, Estimators, Engineers, and Department Managers to develop and train all personnel involved in the marketing and business development efforts of the company. The President is responsible to develop and maintain a marketing and business development plan and the corresponding budget.  The President is responsible to execute the plan and ensure that the expenses stay within the budget that has been approved by the Executive Committee.The President takes the lead in proposal management when a Branch Business Development Officer is not appointed to perform this responsibility.The President is responsible for implementing ongoing updates to GSL’s web site, issuing quarterly client newsletters, conducting, and analyzing the results of Employee/Owner surveys, and controlling all of GSL’s marketing materials and initiatives including pre-qualifications and the development and availability of department line cards. The President leads the Marketing and Business Development Committee and oversees the Corporate Marketing Manager position.The President oversees the marketing and the budget of the company store offerings to Employee/Owners as approved by GSL’s Executive Committee.The President visits job sites regularly to see how our Employee/Owners are doing and to express appreciation for their services.The President oversees GSL’s safety program and supervises GSL’s Safety Director.Currently, the President serves as the Contract Manager for GSL’s Las Vegas Branch.  A Contract Manager reviews and summarizes designated executed prime contracts and executed first-tier electrical contracts; prepares Contract Summaries; and conducts a review of the Contract Summary with Project Managers & Project Foreman.  The Contract Manager provides notices as required under the terms of the contracts and provides additional managerial oversight as necessary to support successful project outcomes. Chief Operations Officer (COO)The COO supports the CEO in attaining the goals and objectives set forth by GSL’s Board of Directors.    The COO has full responsibility and accountability for all field operations including Project Start-Up, Pre-Construction, Pre-Fabrication, Project Performance, and Project Closeout.   The COO develops Standard Operating Procedures (SOP’s) & ensures implementation of GSL’s Standard Operating Procedures.The COO develops and updates GSL’s field operation leadership training plan and provides consistent training and development opportunities for field operation’s leadership.  In addition to monthly Foremen/Project Management training, the training plan is to include formal course development and training with Certifications for multi-step Lead Men, Foremen, Superintendents, Project Coordinators, and Project Managers.  The COO supports implementation of GSL’s Management Directives relating to field operations.The COO is responsible for achieving operational performance objectives by monitoring and controlling GSL’s field operations utilizing GSL’s Job Plan and other management tools.The COO is an advocate for lean construction techniques focusing on continual improvement.  The COO monitors GSL’s current manpower and leadership needs and monitors the quality and performance of GSL’s work force and GSL’s field leadership, assesses employee morale and ensures proper safety program implementation.The COO identifies future manpower and leadership needs and develops a plan to meet those needs.The COO leads the Operations Committee and oversees the Best Practices Committee in developing GSL’s SOP’s.  The COO works with Branch Managers to develop and oversee GSL’s Pre-Fabrication program.The COO visits job sites regularly to monitor effective pre-planning of the work, assess equipment and resource needs, reviews labor production.  The COO maintains a concentrated focus on the training and development of our field operations team. The COO oversees the company’s electrical contractor licenses in each state in which we do business.Chief Financial Officer (CFO)The CFO directs the business management / business administration team.  Such duties include the following:  The CFO generates GSL’s monthly WIP Reports, Performance Analysis, and GSL’s interim Financial Statements;  The CFO updates GSL’s Executive Committee, Branch Management, and Project Management regarding financial performance and benchmark performance;The CFO secures a sufficient banking line of credit, submits required reports to the bank on a timely basis, and maintains positive banking relationships; 	The CFO secures a bonding capacity sufficient to meet the needs of the company, submits required reports to GSL’s bonding agent on timely basis, and maintains positive relationships with GSL’s agent and surety;The CFO develops and maintains viable insurance programs for GSL’s health and welfare benefits, and coverage for workers compensation, property and casualty, general liability, umbrella, professional liability, short term and long-term disability, buy/sell agreements, etc. 	The CFO supervises GSL’s general ledger, payroll, accounts payable, and accounts receivable accounting functions;  The CFO is responsible to monitor cash flows, take eligible cash discounts, maximize interest income, minimize interest expenses, and manage the cash investments of the company; The CFO establishes and oversees the administration of GSL’s fringe benefit programs and GSL’s Flex Spending Plan.The CFO oversees all financial audits, submits Annual Reports, and insures local, state, and federal tax compliance.Vice-PresidentsCorporate Secretary"
"Electrical Designer","Engineering","GSL JOB DESCRIPTIONS 


Position Title: Electrical Designer 

Department: Engineering

Supervisor: Design Build Department Manger

Employment Status: full-time 

Summary of Duties and Responsibilities:

Estimating: Put together layout using the bid document and then take off using Accubid. Put together proposal to be sent to general contractor.

Drawings: Work with the manger and other team member to help produce design drawing. Drawings to meet all relevant codes, and constructability requirement. Attend design meeting, help ensure design can be constructed for the budget established in the estimate. 

Be able to utilize other team member to accomplish tasks. 

Qualifications:

Essential Job Functions:

Producing Estimates 
Producing design drawings

Competencies, such as:

Analytical Skills	    Customer Service		Delegation		Business Acumen

Continuous Learning	    Communications		Leadership		Conflict Resolution

Job Knowledge	    Cooperation			Cost Consciousness	Attendance 

Use of Technology	    Design Ability		 Teamwork		Ethics		
	
Dependability		    Problem Solving	            Change Management	Adaptability 

Innovation 		    Personal Appearance	Planning/Organizing


Knowledge Requirements:

Local, State and National Codes relating to Electrical Engineering

Estimating 

Drafting

Skills and Ability Requirements:

AutoCAD		Revit		Navisworks		Visual		Word	 Bluebeam Excel			Accubid

Education Requirements:

High School Diploma
Some Collage
Electrical Apprentice Program Completed
Continuing education to update knowledge base   

Experience Requirements:

Electrical Designer

Physical Requirements:

Working Conditions:  

Office
"
"Electrical Drafter","Engineering","GSL JOB DESCRIPTIONS (Camron Foster)


Position Title: Electrical Drafter

Department: Engineering

Supervisor: Design Build Department Manger

Employment Status: full-time 

Summary of Duties and Responsibilities:

Drawings: Work with the manger to help produce design drawing. Drawings to meet all relevant codes, and constructability requirement. Attend design meeting, help ensure design can be constructed for the budget established in the estimate. 

Qualifications:

Essential Job Functions:

Producing Estimates 
Producing design drawings

Competencies, such as:

Analytical Skills	    Customer Service		Delegation		Business Acumen

Continuous Learning	    Communications		Leadership		Conflict Resolution

Job Knowledge	    Cooperation			Cost Consciousness	Attendance 

Use of Technology	    Design Ability		 Teamwork		Ethics		
	
Dependability		    Problem Solving	            Change Management	Adaptability 

Innovation 		    Personal Appearance	Planning/Organizing


Knowledge Requirements:

Local, State and National Codes relating to Electrical Engineering

Drafting

Skills and Ability Requirements:

AutoCAD		Revit		Navisworks		Visual		Word	 Bluebeam Excel

Education Requirements:

High School Diploma
Some Collage
Electrical Apprentice Program Completed
Continuing education to update knowledge base   

Experience Requirements:

Electrical Drafter

Physical Requirements:

Working Conditions:  

Office

"
"Engineering - Design","Engineering","7.3.4ENGINEERING / DESIGNCAD and REVIT OperatorsCAD and REVIT operators may be needed to assist designers in the production of the electrical drawings required on a project.  CAD and REVIT operators may also be used to assist in BIM modeling for a project.  CAD and REVIT operators work under the direction of designers, estimators, and engineers to produce quality drawings that minimize the amount of field engineering that is be required.EstimatorsEstimators are assigned to the following departments: estimating, special projects, low voltage, and design build.  Estimators are to follow GSL’s estimating policies and procedures and work under the direction of their Department Managers and Branch Managers.   The goal of estimators is to help procure work of sufficient volume and level of profitability to help their branch office achieve their annual goals and objectives.  Estimators must produce quality bids that have complete and accurate pricing.  Final pricing shall be determined by Branch Managers when considering the labor risk ratio, overhead and profit parameters, the need for work, and issues relative to the individual projects.  When possible, Estimators are to work with GSL’s Marketing Manager and GSL’s Branch Business Development Officer to customize the narrative for each individual estimate submitted.DesignersDesigners may be needed to assist GSL Engineers in the completion of details of the design.  Designers shall work under the direction of GSL’s Engineer and shall coordinate with operations on constructability issues.  Designers are tasked with issuing as complete of a design as possible to facilitate efficiencies in the electrical construction of the project. EngineersGSL shall retain on staff a licensed Electrical Professional Engineer to submit proposals, complete the design, and stamp drawings on work procured in the western United States for GSL Electric.  The Engineer shall work closely with GSL’s business development team to find solid opportunities for the design build department.  The full scope of the design shall be determined through the RFI process and the proposal shall offer minimal exclusions.  For scope that is not able to be ascertained and quantified, a qualified allowance may be offered as an estimate of the anticipated costs based on our experience.  Deductive alternates may also be offered if applicable.  Engineers are to work with GSL’s Marketing Manager and GSL’s Business Development Officer to customize the narrative for each individual proposal submitted."
"Estimator","Estimating","7.3.3ESTIMATINGEstimatorsEstimators are assigned to the following departments: estimating, special projects, low voltage, and design build.  Estimators are to follow GSL’s estimating policies and procedures and work under the direction of their Department Manager and Branch Manager.   The goal of Estimators is to help procure work of sufficient volume and level of profitability to help their branch office achieve their annual goals and objectives.  Estimators must produce quality bids that have complete and accurate pricing.  Final pricing shall be determined by Branch Managers when considering the labor risk, overhead and profit parameters, the need for work, and issues relative to the individual projects.  When possible, Estimators are to work with GSL’s Marketing Manager and GSL’s Branch Business Development Officer to customize the narrative for each individual estimate submitted.Estimators should always follow GSL’s Estimating Management Directives.ESTIMATING JOB DESCRIPTIONSLEVEL I ESTIMATOR ASSISTANTJob Duties & Key Responsibilities include but are not limited to the descriptions below.  It should be noted that this list is subject to change at any time and may be modified as necessary as conditions and needs dictate:SKILL SETAny level of field experience is definitely preferred.Basic Outlook, Word and Excel skills are a must.Must have the ability to write “professionally” using proper English.Must be able to present yourself professionally in a business setting.  Be able to take direction from the Estimators you are working for and follow through on commitments made.A Level I Estimator will be expected to enroll in Apprenticeship Training classes unless already attending classes.  Begin to develop a level of understanding of NEC.Good communication skills.Be a “Team Player”.Most important is a good attitude and the ability to work well with others and the ability to follow direction and learn from Estimators you are working for.You will not be required or expected to use Accubid as a Level I Estimator Assistant.  However, it will be up to you to learn as much as possible about the estimating process in general and to pick-up whatever you can about Accubid as you are doing your job.  Basically, if you want to continue on and become an Estimator, you will need to show the ability and drive needed to be given additional duties/responsibilities.  BID RESPONSBILITIES – Essentially, the role of the Level I Estimator is to count devices, fixtures etc.Follow direction given to you by Estimators.   These tasks may include items such as: Downloading drawings from websites,Printing drawings,Making job folders, Preparing drawing sets for different Estimators working on a project,Responding to e-mails regarding bid inquiries etc. It is assumed that a Level I Estimator Assistant does not comprehend what is being represented on the drawings and is not at a level where they can accurately interpret this information.  A Level I Estimator Assistant shall only “roll lengths” once he has proven that he has the capacity to complete this task accurately.  Not all Level I Estimator Assistants will “roll lengths”. This assumption is to be maintained until proven otherwise and Chief Estimator gives the approval for the Level I Estimator Assistant to “roll lengths” or perform any other duties other than count and color.  Even if the Level I Estimator Assistant is cleared to “roll lengths” for one project, he may not be cleared to do the same on a different project due to the type of job or job complexity etc.  The Level I Estimator Assistant is to communicate with vendors/subs only as directed by Estimators.  A Level I Estimator Assistant is an entry level position and it will be up to the individual to demonstrate to Estimators the capability to progress further and become an actual Estimator.   ESTIMATING JOB DESCRIPTIONSLEVEL II INTERMEDIATE ESTIMATORJob Duties & Key Responsibilities include but are not limited to the descriptions below.  It should be noted that this list is subject to change at any time and may be modified as necessary as conditions and needs dictate:SKILL SET – Must have some experience in bidding electrical work.Proficient general computer skills are a must.Proficient in use of Outlook, Excel and Word is a must.A reasonable level of field experience is preferred.A beginner to mid-level of proficiency in Accubid is required for a Level II Estimator. Your level of proficiency in Accubid will depend upon your time as a Level II Estimator. You will be expected to continually improve in Accubid as time passes.Beginning to gain an understanding of NECA rates and how the labor rates are established in Accubid.Must have the ability to write “professionally” using proper English and industry correct terms.Must have good communication skills.Working knowledge of NEC.  A level II Estimator is expected to be actively enrolled in Apprenticeship Training unless all 4 years have previously been completed.  It is expected that once Apprenticeship training is completed, you will get your Journeyman License.Must be able to present yourself professionally in a business setting and be prepared to dress appropriately when meeting with clients.Most important isA good attitude and the ability to work well with othersThe ability to teach/mentor Level I Estimators.Be able to take direction from Chief Estimator, Lead EstimatorFollow through on commitments made. Be a “Team Player”.ASSESS RISK OF PROJECT – While executing tasks assigned to you by the Level III Lead Estimator you are working for, it is your responsibility to make note of, document and make the Lead Estimator aware of anything that relates to the risk of the project. This may include but is not limited to items such as;Identifying incomplete design drawings or errors/omissions in the design of the drawings that will cause us to take on risk one way or another if we bid the project. These items cause us to take on risk because if the design is incomplete or if there are errors in the design, we must make certain assumptions or choose a method to address them that will put a level of risk on GSL when our bid gets submitted.  KNOW FRONT-END DOCUMENTS –As a Level II Estimator, it is not your responsibility to figure out what the Front-End Documents are specifying, however it is your responsibility to get this information from your Lead Estimator and bid the job accordingly.  If you have a question, ask the question.  Do not assume you know the answer.  Do not assume it is a stupid question.  Err on the side of caution.  Trust your Lead Estimator and use him as a resource.  WORK WITH VENDORS/SUBS – Work with the vendors/subs your Lead Estimator asks you to work with.Work on developing your relationship with these contacts at all times and your relationship to gain information about the job and about our competition that can help us be more competitive.Maintain contact with vendors/subs throughout project to make sure they are going to come through for us on bid day.Be careful not to give away information to vendors/subs that they could pass on to our competition that could harm us.Work to assemble quotes as they arrive and present documents to Lead Estimator so he can easily review information. Save quotes in estimate file along with other project documentation.MAINTAIN GSL PROJECT DOCUMENTATION – Develop estimate folder complete with all folders and documents needed for estimate.Create estimate number for project and let other members of estimating team know when the folder is ready and what the estimate number is.Enter and maintain all project information in CRM system.Download, print and incorporate drawing changes/addenda etc. Make sure all changes get passed on to appropriate parties, vendors, subs etc.Document questions/concerns in estimate folder and consult with Lead Estimator as to whether RFI’s need to be submitted or if it can be addressed by Lead Estimator.Maintain list of clarifications, inclusions and exclusions on Proposal letter with input of Lead Estimator.Document all RFI’s submitted and answers received or not received.Be prepared to discuss any issues that were not fully answered or clarified through RFI process during bid review. Work with Lead Estimator to properly document and address all concerns as they arise throughout bid.EXECUTE “TAKE-OFF GAME-PLAN” – Prior to any actual take-off being done, sit down with Lead Estimator for the project and he will layout our “strategy” or “game-plan” for  how to take-off the project in the manner that will give us the best chance of capturing the work.  It is crucial that the take-off be done as directed by Lead Estimator.  You may not fully understand or agree with methodology of Lead Estimator but in order to avoid mistakes we must all be on the same page when the take-off gets performed. Check scale on each drawing prior to rolling. After determining proper scale of drawing, write on layout drawing what scale you are using and initial next to it so it can be clearly visible when checking what scale was used when rolling lengths. Use labor factoring when appropriate and where directed by Lead Estimator. Work with Lead Estimator to improve your skills with Accubid and general estimating skills.  SUPERVISE LEVEL I ESTIMATORS –As a Level II Estimator it is part of your job to supervise and help Level I Estimators with their work.  You should have mastered all tasks being performed by a Level I Estimator therefore, he should not need to go to the Lead Estimator to get all of his questions answered.  You can consult with your Lead Estimator about a question brought to you by the Level I Estimator if you need assurance that you are answering the question correctly.  You will be responsible for the work done of a Level I Estimator if you are both working on the same project.If you feel that a particular Estimator is not at the level he needs to be,Spend the necessary time to train them so that you can gain the level of trust needed.Check up on their progress at regular intervals so any mistakes get caught as soon as possible.  	 Do not wait until the bid review and have someone else catch an obvious mistake that never should have happened.Make sure the Level I Estimators feel comfortable asking questions and seeking out your advice. Be a mentor, teach and treat the Level I Estimators the way you would want to be taught and treated if you were in their shoes.Help Level I Estimators understand how our system works. Training and teaching Level I Estimators is part of your job.MAINTAIN TEAM ATTITUDE –In order for GSL to be successful, all aspects of the business must be successful.  As Estimators, we rely on the Operations group to successfully execute the projects we win.  We need to develop an attitude of trust and respect not only among each other in the estimating department but also with the other branches of GSL, in particular the Operations group.  Estimating is a service to OperationsWe are not benefitting anyone if we land projects that Operations cannot support or if we win projects that were not bid properly and never have a chance to be successful.  We must always maintain an open mind and be ready and willing to learn from each other.As a Level II Estimator, your attitude and your willingness to work with others is critical to the atmosphere and the success of the department and the company.The Level I Estimators will rely on you for help and training.The Lead Estimators will rely on you to execute the take-off accurately and correctly in order for the job to be successful. The Operations group will notice your attitude and any reason they can get to blame you for their job not going well, they will take especially if they perceive you to be of the attitude that “Well, we got the job now it’s your responsibility to make it work!”  Be a positive/motivational leader and a team player.Work to develop the trust of your Lead Estimator.BID REVIEWS – By the time the project gets to the point of being reviewed by Branch Manager and/or other corporate officers the Level II Estimator needs to “own” the portion of the project that you were responsible for.All questions should be able to be answered clearly and confidently. You should be able to explain exactly why you included or didn’t include what you did in the estimate. You should never reveal any surprises or information in the bid review that you haven’t already discussed with your Lead Estimator. This does not mean you should withhold information if you suddenly realize there is an issue that hasn’t been addressed. If there is something that needs to be discussed that hasn’t been addressed then we have to address it. The intent of this statement is to try and resolve all issues prior to getting to the bid review.The goal is to present the job to Branch Managers/Corporate with the most accurate representation of true cost to build the job.  The best way a Level II Estimator can do this is by showing that you accurately followed the direction of your Lead Estimator and you know your portion of the project “inside and out” so that we don’t leave anyone feeling uneasy about the information we are presenting in the bid review.BID DAY RESPONSBILITIES – Work with vendors to get Bills of Materials prior to bid day to review scope/counts etc. Work with vendors to make sure all quotes are going to arrive on time. Organize and file all quotes in job folder. Have all quote/bid information organized and ready for easy access by Lead Estimator. Prior to bid, make a list of all parties the bid needs to be sent to and have this ready so there is not any confusion when the number needs to be submitted. Work with Lead Estimator to ensure Proposal Letter is finalized and complete.Work with Lead Estimator to make sure everyone received our number.Once job is awardedIt is not your job to inform vendors who was low or where there numbers were in comparison to their competition.Even though vendor “ABC” may be 1% lower than vendor “XYZ”, that does not mean they are going to be awarded the job.Estimators should never inform vendors/subs that they have won a job with us.Operations decides who to award the jobs to, not estimating.  When asked by vendors/subs how their numbers looked or if they got the job, all that needs to be said is that they can talk to whoever the PM is going to be and he will let them know.ESTIMATING JOB DESCRIPTIONSLEVEL III LEAD ESTIMATORJob Duties & Key Responsibilities include but are not limited to the descriptions below.  It should be noted that this list is subject to change at any time and may be modified as necessary as conditions and needs dictate:SKILL SET –Be able to take direction from Chief Estimator and follow through on commitments made.Proficient general computer skills are a must.Proficient in use of Outlook, Excel and Word is a must.A high level of proficiency in Accubid is a must for a Level III Lead Estimator.  You must not only be able to use it efficiently and correctly but you must be able to teach Level I and II Estimators how to use it as well.Must have a good understanding of NECA rates and how the labor rates are established in Accubid.Must have the ability to write “professionally” using proper English and industry correct terms.Good communication skills.Working knowledge of NEC.  Completed Apprenticeship Training Program and/or Journeyman License.  Journeyman level knowledge of means/methods of installation.  Preferably holds a current Journeyman license.Must be able to present yourself professionally in a business setting and be prepared to dress appropriately when meeting with clients.Must have experience in bidding all types of electrical work.Most important is a good attitude and the ability to work well with others and the ability to teach/mentor Level I and II Estimators. Be an effective leader.  ASSESS RISK OF PROJECT –Work with Chief Estimator to assess viability of project for company. This is a detailed process that must be covered thoroughly for every job.  It is the duty of a Level III Lead Estimator to determine:project schedulemanpower requirementswho the competition iswhat type of bid it is (Lump Sum / Time & Material / GMP / T&M NTE etc.).The Level III Lead Estimator along with the Chief Estimator must be able to explain in detail to Corporate and Branch Officers what the potential Risk vs. Reward is for each project they are assigned to.KNOW FRONT-END DOCUMENTS – Carefully read through and address all items in the front-end documents.This includes determining material/gear/lighting etc. requirements of the specifications.Determine if alternates can be used to gain a competitive advantage against competition.Identify all project deadlines (i.e. when do we have to submit RFI’s by, bid deadline etc.)Identify all scope/cost items in narrative form that are not necessarily shown on layout drawings. For example:Third Party Testing RequirementsSafety RequirementsQA/QC RequirementsFireproofing, Seismic RequirementsChange Order Opportunities, etc.Is Bid Bond or P&P Bond required?Are we required to submit a schedule with our bid?Is there a specific bid form that must be used?Do we have to submit rates with our bid?Do we have to submit unit rates with bid and if so for what purpose will they be used?  What are we agreeing to when we submit our bid?For example, many RFQ/RFP packages that we get are the actual Contract Documents and when we fill out these forms and submit them with our bids we are agreeing to the entire contract “as is”.  This can potentially be very damaging.WORK WITH VENDORS/SUBS –Make contact with all required vendors/subs on project.  Work to see if any particular vendor/sub has “inside track” or any type of advantage that would cause us to want to favor one particular vendor/sub over another. Let vendors/subs know what other Estimators are working on the project with you. Firmly establish deadlines for when you need quotes and other information submitted to you. Constantly work to improve GSL’s relationship and reputation with vendors/subs.Keep in contact with vendors/subs throughout duration of project to ensure everything can be submitted as planned so there are no surprises on bid day. Use relationship with our vendors/subs to gain information about our competition such as who else is bidding the project etc.DEVELOP GSL PROJECT DOCUMENTATION – Immediately begin project “Proposal Letter”.Maintain list of clarifications, inclusions and exclusions on letter.Develop RFI log and submit RFI’s as necessary.Be prepared to discuss any issues that were not fully answered or clarified through RFI process so that everyone in bid review has complete understanding of the risk and corporate/branch leadership can determine how to handle the situation. Work with Level I and II Estimators to make sure all of their issues and concerns get captured in Proposal Letter, RFI’s etc.ESTABLISH “TAKE-OFF GAME-PLAN” – Prior to any actual take-off being done:Sit down with other Estimators who will be involved with project and layout your “strategy” or “game-plan” for how to take-off the project in the manner that will give us the best chance of capturing the work.It may be advantageous to involve a PM and/or Foreman in this process who are familiar with this type of work. Determine if there is any possibility of pre-manufacturing/pre-fabrication that can be utilized on the project.Discuss areas where labor factoring could be used and areas where it must be used. Discuss how the breakout in Accubid needs to be setup.Make sure that estimating team has clear vision of how to move forward and what their roles are in the project.Ensure that estimating checklist gets filled out and addressed during bidding process.SUPERVISE LEVEL I AND II ESTIMATORS – As lead Estimator it will be your job to utilize the Level I and II Estimators in the manner most efficient for your project.If you feel that a particular Estimator is not at the level he needs to be, spend the necessary time to train them so that you can gain the level of trust needed. Check up on their progress at regular intervals so any mistakes get caught as soon as possible. Do not wait until the bid review and have someone else catch an obvious mistake that never should have happened.Make sure the other Estimators feel comfortable asking questions and seeking out your advice.Be a mentor, teach and treat the Level I and II Estimators the way you would want to be taught and treated if you were in their shoes.Help Level I and II Estimators understand how Accubid works and why we do what we do in Accubid.Training and teaching Level I and II Estimators is part of your job.MAINTAIN TEAM ATTITUDE – In order for GSL to be successful, all aspects of the business must be successful.  As Estimators, we rely on the Operations group to successfully execute the projects we win.  We need to develop an attitude of trust and respect not only among each other in the estimating department but also with the other branches of GSL, in particular the Operations group.  Estimating is a service to Operations.  We are not benefitting anyone if we land projects that Operations cannot support or if we win projects that were not bid properly and never have a chance to be successful.  We must always maintain an open mind and be ready and willing to learn from each other.As a Level III Lead Estimator, your attitude and your willingness to work with others is critical to the atmosphere and the success of the department and the company.  The other Estimators will follow your lead and if you have a good attitude, so will they and vice-versa.  The Operations group will notice your attitude and any reason they can get to blame you for their job not going well, they will take especially if they perceive you to be of the attitude that “Well, we got the job now it’s your responsibility to make it work!”Be a positive/motivational leader and a team player.BID REVIEWS –By the time the project gets to the point of being reviewed by Branch Manager and/or other Corporate officers the Level III Lead Estimator needs to “own” the project.All questions should be able to be answered clearly and confidently.You should be able to explain exactly why you included or didn’t include what you did in the estimate.  At this point, there is no reason to blame Level I and II Estimators for what has been done. The goal is to present the job to Branch Managers/Corporate with the most accurate representation of actual cost to build the job.It is then up to them if they wish to cut margin or otherwise manipulate numbers to change the value of the bid.Your job is to present what you see as the actual cost to build the job.Ensure bid review checklist gets utilized on every bid.BID DAY RESPONSBILITIES – Prior to bid day, make and maintain contact with all GC’s/Owners we are bidding to. Find out who we need to be directing questions to and who the “key” person is that we need to be working with.Ask questions to see if there is anything we can provide that would give us an edge or anything we can do to separate ourselves from the competition.After the bid is submitted:Follow-up with all GC’s or owners we bid to and make sure they got our number and ask for feedback.Probe for information regarding where we stand and if there is anything we can do or if there is anything else they need from us.Once job is awarded, it is not your job to inform vendors who was low or where there numbers were in comparison to their competition.Even though vendor “ABC” may be 1% lower than vendor “XYZ”, that does not mean they are going to be awarded the job.Operations decides who to award the jobs to, not estimating.When asked by vendors/subs how their numbers looked or if they got the job, all that needs to be said is that they can talk to whoever the PM is going to be and he will let them know.Estimators should never inform vendors/subs that they have won a job with us."
"Foreman","Operations","3.2.4FOREMANSelection of GSL Electric Foreman is a function of the needs of the company, the Employee/Owner's education, knowledge, skills, experience, competency, and performance.  Responsibilities of a Foreman include but are not limited to the following:1.	All functions of a GSL Journeyman Electrician.2.	Completion of all requirements to achieve certification as a GSL Safety Coordinator including current certification in Standard First Aid and Adult CPR.3.	Production control, quality control and cost control over assigned work areas.4. 	Implementation of lean construction principles.5.	Full implementation of GSL's Safety and Loss Control Program at the Foreman level, including direct responsibility for a crew's safety and enforcement of all company policies and procedures.6.	Training, protecting, directing, and managing Employee/Owners over whom you are assigned.7.	Protecting the interests of GSL Electric by insuring all Employee/Owners represent the company in a manner that represents the highest ethical behavior, and proper dress, grooming, speech, and professional conduct.8.	Knowledge and utilization of all GSL standard operating procedures such as estimating, job set-up/close out, job plans, purchase orders, scheduling, reports, contract status, time cards, time card summaries, tool control, work vouchers, etc.9.	Plan, schedule, train, follow through and promote teamwork to accomplish the company's objective of achieving profitable operations through safety, quality, and productivity.See the Foreman Job Description Below -Job Title: FOREMANDepartment: OperationsSupervisor: Project Manager / General ForemanThe selection of a GSL Electric foreman is a function based on the needs of the company, the employee’s education, knowledge, skills, experience, competency and performance.  Qualifications: Journeyman or Masters License or equivalent education and experience. Certification as a GSL Safety Coordinator, including current certification in Standard First Aid and Adult CPR. Current state issued Driver’s License. OSHA 30 may also be required in some states. To perform the job successfully, an individual must be able to perform each essential duty satisfactorily. The requirements listed below are representative of the knowledge, skill and/or ability required. Reasonable accommodations may be made to enable individuals with disabilities to perform the essential functions.Summary: Directly supervise 7 to 10 employees in the Field Operations for the installation, maintenance and repair of electrical installations. Carry out supervisory responsibilities in accordance with the organization’s policies and applicable laws. Responsibilities include training employees, planning, assigning, and directing work; appraising performance; rewarding and disciplining employees; addressing complaints and resolving problems.  Primary responsibility is to bring the project in “Safely, On Time and within Budget”.Essential Duties and Responsibilities:	Include the following but are not all inclusive, other duties may be assigned.SafetyFull implementation of GSL’s Loss Control Program at the foreman level, including direct responsibility for a crew's safety and enforcement of all company policies and procedures.Hold weekly safety meetings.Protecting the interests of GSL Electric by insuring all employees represent the company in a manner that represents the highest ethical behavior, including dress, grooming, speech and professional conduct Knowledge and utilization of all GSL standard operating procedures such as disciplinary policy, estimating, job set-up/close out, job plans, purchase orders, scheduling, reports, contract status, time cards, tool control, work vouchers, etc.Understand the contract and the required change order procedures and support the PM as needed.Understand and follow the Project Specifications.Become familiar with all approved submittals and assure that what we receive from the vendors complies with the approved submittal.Integration of change orders into the scope of work.Develop and promote positive client relations.Manage the field installation for projects Become completely familiar with the project scope, site conditions, schedule and equipment being installed.Training, protecting and managing employees over whom you are assigned.Materials requisitioning, storing and staging.Plan, schedule, train, follow through and promote teamwork to accomplish the company's objective of achieving profitable operations through safety, craftsmanship and productivityMaintain a proper ratio of apprentice’s to assure that the average hourly rate is in sync with the estimate.Job Plan management. This includes updating the Project Hours to CompleteUpdate the PM weekly on the progress of the project.Maintain all field records for the projectsTime cardsSchedulesManpower ProjectionsDaily ReportsDrawingsIncorporating all:ASI’sCOR’sRFI’sAs-built informationField Labor Issues:AttendanceEnforce GSL’s Attendance PoliciesAssure GSL only pays for the hours workedAssure that breaks are not planned or organized but are used on an “as needed basis”.ProductivityPlan and facilitate the installations in an efficient mannerQualityEnsure that the materials are installed in compliance with the specifications and in a craftsman like manner therefore requiring a minimum of re-work.Training to attain the highest level of production and qualityCompetencies:	To perform the job successfully, an individual should demonstrate the following competencies:Analytical – Synthesizes complex or diverse information; collects and researches data; uses intuition and experience to complement data; designs work flows and procedures		Continuous Learning –Assesses own strengths and weaknesses; seeks feedback to improve performance’ pursues training and development opportunities; strives to continuously build knowledge and skills; shares expertise with others.	Job Knowledge -Competent in required skills and knowledge; exhibits ability to learn and apply new skills; keeps abreast of current developments; requires minimal supervision; displays understanding of how the job relates to others; uses resources effectively.		Use of Technology – Demonstrates the required skills; adapts to new technologies; troubleshoots technological problems; uses technology to increase productivity; keeps technical skills up to date.		Design – Generates creative solutions; translates concepts and information into images; uses feedback to modify designs; applies design principles; demonstrates attention to detail.		Problem Solving – Identifies and resolves problems in a timely manner; gathers and analyzes information skillfully; develops alternative solutions; works well in group problem solving situations; uses reason even when dealing with emotional topics.	Project Management – Coordinates the field operations of the project; communicates changes and progress; completes the project “Safely, On Time and within Budget”; manages the field project team activities.	Customer Service – Manage difficult or emotional customer situations; responds promptly to customer needs; solicits customer feedback to improve service; responds to request for service and assistance; meets commitments.		Communications – Expresses ideas and thoughts verbally; expresses ideas and thoughts in written forms; exhibits good listening and comprehension; keeps others adequately informed; selects and uses the appropriate communication method.		Cooperation – Establishes and maintains effective relations; exhibits tact and consideration; offers assistance and support to co-workers; works cooperatively in group situations; works actively to resolve conflict.	Teamwork –Balances team and individual responsibilities; exhibits objectivity and openness to others’ views; gives and welcomes feedback; contributes to building a positive team spirit; puts the success of the team above own interest; able to build morale and group commitments to goals and objectives; supports everyone’s’ efforts to succeed.	Change Management –Develops workable implementation plans; communicates changes effectively; builds commitment and overcomes resistance; prepares and supports those affected by change; monitors transition and evaluates results.	Performance Coaching –Defines responsibilities and expectations; sets goals and objectives; gives performance feedback; motivates for increased results; recognizes contributions; encourages training and development.		Delegation – Delegates work assignments: matched the responsibility to the person; gives authority to work independently; sets expectations and monitors delegated activities; provides recognition for results.	Leadership – Exhibits confidence in self and others; inspires and motivates others to perform well; effectively influences actions and opinions of others; accepts feedback from others; gives appropriate recognition to others.		Cost Consciousness –Works within approved budget; develops and implements cost saving measures; contributes to the profits and revenue; conserves organizational resources.		Diversity –Demonstrates knowledge of EEO policy; shows respect and sensitivity for cultural differences; educates others on the value of diversity; promotes a harassment free environment; builds a diverse workforce.		Ethics – Treats people with respect; keeps commitments; inspires the trust of others; works with integrity and principles; upholds organizational values.		Adaptability – Adapts to change in the work environment; manages competing demands; changes approach or method to best fit the situation; able to deal with frequent change, delays or unexpected events.		Personal Appearance –		Dresses appropriately for the position; and keeps well-groomed		Business Acumen –Understands business implications of decisions; displays orientation to profitability; demonstrates knowledge of market and completion; aligns work with strategic goals.		Conflict Resolution - Encourages open communication; confronts difficult situations; maintains objectivity; keeps emotions under control; uses negotiation skills to resolve conflict.			Attendance/Punctuality – Is consistently at work and on time; ensures work responsibilities are covered when absent; arrives at meetings and appointments on time.		Dependability – Follows instructions, responds to management directions; takes responsibility for own actions; keeps commitments; commits to long hours of work when necessary to reach goals; completes task on time or notifies appropriate person with an alternate plan.		Innovation –Display original thinking and creativity; meet challenges with resourcefulness; generate suggestion for improving work; develops innovative approaches and ideas; presents ideas and information in a manner that gets others attention.		Planning/Organizing -Prioritizes and plans work activities; uses time efficiently; plans for additional resources; sets goals and objectives; organizes and schedules other people and their task; develops realistic action plans.Language Skills:	Ability to read and interpret documents such as safety rules, operating and maintenance 	instructions, procedure manuals and prints. Ability to write routine reports and 	correspondence. Ability to speak effectively before groups of customers or employees of 	organization.Mathematical Skills:	Ability to add, subtract, multiply and divide in all units of measure, using whole numbers, 	common fractions and decimals. Ability to compute rate, ratio and percent and to draw 	and interpret bar graphs.Reasoning Ability:	Ability to apply common sense understanding to carry out instructions furnished in 	written, oral or diagram form. Ability to deal with problems involving several concrete 	variables in standard situations.Computer Skills:	To perform this job successfully, an individual should have a knowledge of Excel 	(spreadsheet software), Word (word processing software), Outlook (email and contact 	management system) and Bluebeam (PDF design software).Physical Demands:	The physical demands described here are representative of those that must be met by an 	employee to successfully perform the essential functions of this job. Reasonable 	accommodations may be made to enable individuals with disabilities to perform the 	essential functions.	While performing the duties of this Job, the employee is regularly required to use hands 	to finger, handle or feel; climb or balance; stoop, kneel, crouch or crawl; talk or hear and 	taste or smell. The employee is frequently required to walk and reach with hands and 	arms. The employee is occasionally required to stand or sit. The employee must regularly 	lift and/or move up to 50 pounds and occasionally lift and/or move up to 100 pounds. 	Specific vision abilities required by this job include close vision, distance vision, color 	vision, peripheral vision, depth perception and the ability to adjust focus.Work Environment:	The work environment characteristics described here are representative of those an 	employee encounters while performing the essential functions of this job. Reasonable 	accommodations may be made to enable individuals with disabilities to perform the 	essential functions.	While performing the duties of this Job, the employee is regularly exposed to moving	 	mechanical parts and outside weather conditions. The employee is frequently exposed to 	wet and/or humid conditions; high precarious places; extreme cold and extreme heat. The 	employee is occasionally exposed to fumes or airborne particles; toxic or caustic 	chemicals; risk of electrical shock and vibration. The noise level in the work environment 	is usually moderate but hearing protection is often required."
"Foreman 1","Operations","Foreman 1
Section 1: What Does a Foreman 1 Do?
A Foreman 1 is responsible for planning and managing projects, enforcing company policies, and overseeing the overall well-being of GSL Electric. They also maintain production levels, ensuring tasks are completed according to the plan while actively engaging with management.
Section 2: What Skills Are Required of a Foreman 1?
Ability to manage crews and implement pre-planning for projects
Proficiency in Excel, Outlook, Word, and GSL software
Completion of the GSL Foreman Training Program
Ability to enforce policies and engage with management
Completion of at least one positive performance review as a Leadman 2 or 3
Section 3: Recommended Credentials
Attendance at two outside trade-related classes, including one computer-related
CEU training for license renewal
"
"Foreman 3","Operations","Foreman 3
Section 1: What Does a Foreman 3 Do?
A Foreman 3 is an experienced leader who has a proven track record of managing large-scale projects successfully. They focus on budget management, quality control, and overseeing multiple teams and Leadmen. They are also responsible for mentoring and training the next generation of foremen.
Section 2: What Skills Are Required of a Foreman 3?
Extensive experience managing budgets and overseeing large projects
Strong leadership and mentoring skills
Completion of at least one positive performance review as a Foreman 2
Section 3: Recommended Credentials
Attendance at two outside trade-related classes, one being computer-related
CEU training for license renewal
"
"General Foreman","Operations","Job Title: GENERAL FOREMAN
Department: Operations
Supervisor: Project Manager 
The selection of a GSL Electric General Foreman is a function based on the needs of the company, the employee’s education, knowledge, skills, experience, competency and performance.  
Qualifications: Journeyman or Masters License or equivalent education and experience. Certification as a GSL Safety Coordinator, including current certification in Standard First Aid and Adult CPR. Must have three to five years’ experience as a foreman. Current state issued Driver’s License. OSHA 30 may also be required in some states. To perform the job successfully, an individual must be able to perform each essential duty satisfactorily. The requirements listed below are representative of the knowledge, skill and/or ability required. Reasonable accommodations may be made to enable individuals with disabilities to perform the essential functions.
Summary: Directly supervise 2 or more foremen in the Field Operations for the installation, maintenance and repair of electrical installations. Carry out supervisory responsibilities in accordance with the organization’s policies and applicable laws. Responsibilities include training employees, planning, assigning, and directing work; Monitoring of critical path items; appraising performance; rewarding and disciplining employees; addressing complaints and resolving problems.  Primary responsibility is to bring the project in “Safely, On Time and within Budget”.
Essential Duties and Responsibilities:
	Include the following but are not all inclusive, other duties may be assigned.
SAFETY
Full implementation of GSL’s Loss Control Program at the foreman level, including direct responsibility for a crew's safety and enforcement of all company policies and procedures.
Hold weekly safety meetings.
OPERATIONS
Protecting the interests of GSL Electric by insuring all employees represent the company in a manner that represents the highest ethical behavior, including dress, grooming, speech and professional conduct 
Knowledge and utilization of all GSL standard operating procedures such as disciplinary policy, estimating, job set-up/close out, job plans, purchase orders, scheduling, reports, contract status, time cards, tool control, work vouchers, etc.
Understand the contract and the required change order procedures and support the PM as needed.
Understand and follow the Project Specifications.
Become familiar with all approved submittals and assure that what we receive from the vendors complies with the approved submittal.
Integration of change orders into the scope of work.
Develop and promote positive client relations
Manage the field installation for projects 
Become completely familiar with the project scope, site conditions, schedule and equipment being installed.
Training, protecting and managing employees over whom you are assigned.
Materials requisitioning, storing and staging.
Plan, schedule, train, follow through and promote teamwork to accomplish the company's objective of achieving profitable operations through safety, craftsmanship and productivity
Maintain a proper ratio of apprentice’s to assure that the average hourly rate is in sync with the estimate.
Job Plan management. This includes updating the Project Hours to Complete
Update the PM weekly on the progress of the project.
Maintain all field records for the projects
Time cards
Schedules
Manpower Projections
Daily Reports
Drawings
Incorporating all:
ASI’s
COR’s
RFI’s
As-built information
FIELD LABOR ISSUES:
Enforce GSL’s Attendance Policies
Assure GSL only pays for the hours worked
Assure that breaks are not planned or organized but are used on an “as needed basis”.
Productivity
Plan and facilitate the installations in an efficient manner
Quality
Ensure that the materials are installed in compliance with the specifications and in a craftsman like manner therefore requiring a minimum of re-work.
Training to attain the highest level of production and quality

Competencies:
	To perform the job successfully, an individual should demonstrate the following competencies:

Analytical – 
Synthesizes complex or diverse information; collects and researches data; uses intuition and experience to complement data; designs work flows and procedures
	Continuous Learning –
Assesses own strengths and weaknesses; seeks feedback to improve performance’ pursues training and development opportunities; strives to continuously build knowledge and skills; shares expertise with others.
	
Job Knowledge
Competent in required skills and knowledge; exhibits ability to learn and apply new skills; keeps abreast of current developments; requires minimal supervision; displays understanding of how the job relates to others; uses resources effectively.
	Use of Technology – 
Demonstrates the required skills; adapts to new technologies; troubleshoots technological problems; uses technology to increase productivity; keeps technical skills up to date.
	Design – 
Generates creative solutions; translates concepts and information into images; uses feedback to modify designs; applies design principles; demonstrates attention to detail.
	Problem Solving – 
Identifies and resolves problems in a timely manner; gathers and analyzes information skillfully; develops alternative solutions; works well in group problem solving situations; uses reason even when dealing with emotional topics.
	Project Management – 
Coordinates the field operations of the project; communicates changes and progress; completes the project “Safely, On Time and within Budget”; manages the field project team activities.
	Customer Service – 
Manage difficult or emotional customer situations; responds promptly to customer needs; solicits customer feedback to improve service; responds to request for service and assistance; meets commitments.	
Communications – 
Expresses ideas and thoughts verbally; expresses ideas and thoughts in written forms; exhibits good listening and comprehension; keeps others adequately informed; selects and uses the appropriate communication method.
	Cooperation – 
Establishes and maintains effective relations; exhibits tact and consideration; offers assistance and support to co-workers; works cooperatively in group situations; works actively to resolve conflict.
	Teamwork –
Balances team and individual responsibilities; exhibits objectivity and openness to others’ views; gives and welcomes feedback; contributes to building a positive team spirit; puts the success of the team above own interest; able to build morale and group commitments to goals and objectives; supports everyone’s’ efforts to succeed.
	Change Management –
Develops workable implementation plans; communicates changes effectively; builds commitment and overcomes resistance; prepares and supports those affected by change; monitors transition and evaluates results.
	Performance Coaching –
Defines responsibilities and expectations; sets goals and objectives; gives performance feedback; motivates for increased results; recognizes contributions; encourages training and development.
	Delegation – 
Delegates work assignments: matched the responsibility to the person; gives authority to work independently; sets expectations and monitors delegated activities; provides recognition for results.
Leadership – 
Exhibits confidence in self and others; inspires and motivates others to perform well; effectively influences actions and opinions of others; accepts feedback from others; gives appropriate recognition to others.
	Cost Consciousness –
Works within approved budget; develops and implements cost saving measures; contributes to the profits and revenue; conserves organizational resources.
	Diversity –
Demonstrates knowledge of EEO policy; shows respect and sensitivity for cultural differences; educates others on the value of diversity; promotes a harassment free environment; builds a diverse workforce.
	Ethics – 
Treats people with respect; keeps commitments; inspires the trust of others; works with integrity and principles; upholds organizational values.
	Adaptability – 
Adapts to change in the work environment; manages competing demands; changes approach or method to best fit the situation; able to deal with frequent change, delays or unexpected events.
	Personal Appearance –
Dresses appropriately for the position; keeps self well groomed
	Business Acumen –
Understands business implications of decisions; displays orientation to profitability; demonstrates knowledge of market and competition; aligns work with strategic goals.
	Conflict Resolution - 
Encourages open communication; confronts difficult situations; maintains objectivity; keeps emotions under control; uses negotiation skills to resolve conflict.
	Attendance/Punctuality – 
Is consistently at work and on time; ensures work responsibilities are covered when absent; arrives at meetings and appointments on time.
	Dependability – 
Follows instructions, responds to management directions; takes responsibility for own actions; keeps commitments; commits to long hours of work when necessary to reach goals; completes task on time or notifies appropriate person with an alternate plan.
	Innovation –
Display original thinking and creativity; meet challenges with resourcefulness; generate suggestion for improving work; develops innovative approaches and ideas; presents ideas and information in a manner that gets others attention.
	Planning/Organizing
Prioritizes and plans work activities; uses time efficiently; plans for additional resources; sets goals and objectives; organizes and schedules other people and their task; develops realistic action plans.
Language Skills:
Ability to read and interpret documents such as safety rules, operating and maintenance instructions, procedure manuals and prints. Ability to write routine reports and correspondence. Must have the ability to speak effectively before groups of customers or employees of organization.
Mathematical Skills:
Ability to add, subtract, multiply and divide in all units of measure, using whole numbers, common fractions and decimals. Ability to compute rate, ratio and percent and to draw and interpret bar graphs.
Reasoning Ability:
Ability to apply common sense understanding to carry out instructions furnished in written, oral or diagram form. Ability to deal with problems involving several concrete variables in standard situations.
Computer Skills:
To perform this job successfully, an individual should have an advanced knowledge of Excel (spreadsheet software), Word (word processing software), Outlook (email and contact management system), Bluebeam (PDF design software) and PlanGrid (document management software).
Physical Demands:
The physical demands described here are representative of those that must be met by an employee to successfully perform the essential functions of this job. Reasonable accommodations may be made to enable individuals with disabilities to perform the essential functions.
While performing the duties of this Job, the employee is regularly required to use hands to finger, handle or feel; climb or balance; stoop, kneel, crouch or crawl; talk or hear and taste or smell. The employee is frequently required to walk and reach with hands and arms. The employee is occasionally required to stand or sit. The employee must regularly lift and/or move up to 50 pounds and occasionally lift and/or move up to 100 pounds. Specific vision abilities required by this job include close vision, distance vision, color vision, peripheral vision, depth perception and the ability to adjust focus.
Work Environment:
The work environment characteristics described here are representative of those an employee encounters while performing the essential functions of this job. Reasonable accommodations may be made to enable individuals with disabilities to perform the essential functions.
While performing the duties of this Job, the employee is regularly exposed to moving mechanical parts and outside weather conditions. The employee is frequently exposed to wet and/or humid conditions; high precarious places; extreme cold and extreme heat. The employee is occasionally exposed to fumes or airborne particles; toxic or caustic chemicals; risk of electrical shock and vibration. The noise level in the work environment is usually moderate."
"Human Resource Manager","Administration","7.4.1HUMAN RESOURCE MANAGEMENTPosition Title:							Human Resource Manager	Department:								CorporateSupervisor:								CFOEmployment Status:							Full Time/ExemptSummary of Duties and Responsibilities:The Corporate Human Resource Manager is responsible for the communication and implementation of GSL Electric’s Human Resource (HR) Policies and Procedures primarily set forth in Sections 2 and 3 of GSL’s Policies and Procedures.  The Human Resource Manager is responsible for recommending updates to Sections 2 and 3 of GSL’s Policies and Procedures as policy changes are needed for Federal, State, or local jurisdictional compliance.  This position is closely coordinated with GSL’s CFO, Branch Managers, General Superintendents, Department Managers, Payroll Managers, and Benefits Manager.Recruiting:Proactively sourcing candidates for various positions within the Company through Employee-Owner referrals, job boards employment databases, social media, career fairs, responding to applicants, conducting interviews, keeping up to date on employment law and legislation while promoting company’s reputation as the ‘best place to work’.  The scope of recruiting responsibilities including the following: Develop and implement GSL Electric’s overall recruiting strategy.Prepare recruitment materials and post jobs to appropriate job boards employment databases, internal Company postings, and through social media, etc.Source and recruit candidates based on Company management requests to fill positions, using Employee-Owner notifications of open positions, posting in databases, social media, and participating in career fairs, etc.Screen candidates’ resumes and job applications.For field electricians, ensure licensing is current and active, as required by the appropriate jurisdictions (ie. DOPL site for Utah).Conduct phone screens using various reliable recruiting and selection tools/methods.Assess applicants’ relevant knowledge, hard skills, soft skills, experience, abilities, and aptitudes.Prepare candidate information with a recap of the phone screen, send to hiring managers for review.Receive feedback from hiring managers.Schedule candidate interviews with General Superintendents or other hiring managers (using Outlook calendar).Send follow-up email to candidate to confirm interview details (using GSL template) and ensure they confirm the details.Send email to referring employee with referral form attached and instructions to complete (if applicable).Provide support and current market information to hiring managers and applicants through the recruitment process.   Gather and analyze data with useful HR metrics, i.e., time it takes to fill positions, calculating and tracking employee turnover rates, and reasons for terminations (quits, lay-offs, termination for cause, etc).Maintain employee files and records.Continually research and find new ways to promote the company and source for new candidates.Coordinate with applicant and hiring managers when a job offer has been made, including the following:Make copy of IDs (or receive scanned copies - when not on site), and complete I9 process.Enter and complete case in E-Verify.Onboarding:Conduct Power Point presentation outlining policies, procedures, and benefits.Review and outline the employee manual, emphasizing important information for them to refer to when needed.Review and assist with paperwork that needs to be completed (direct deposit form, benefit forms, policy sign off forms).Collect forms and scan into appropriate folder for new hires.Ensure all updates are made and information is current on an ongoing basis pertaining to policies, procedures, and benefits. Entry Interviews:Assign and coordinate Entry Interviews to be conducted by supervisors of newly hired Employee-Owners. Follow up to ensure Entry Interviews have been completed with copies uploaded into HR Management Software. 30-Day HR Engagement Interviews:Initiate contact with new hires at about 30 days after hire to review checklist and answer any questions or concerns of new hires to help ensure they are engaging with their supervisor and with the Company.  Be sure Employee-Owners are accessing GSL’s emails and text messaging to facilitate communication within the Company.  Provide any follow-up information for the new hires as needed.  Relay any issues of concern to supervisors or higher levels of management as necessary.Annual Engagement Interviews:Conduct Annual Engagement Interviews for GSL Employee-Owners to ensure engagement with supervisors and the Company in general.  Be sure Employee-Owners are accessing GSL’s emails and text messaging to facilitate communication withing the Company.  Provide any follow-up information for the Employee-Owners as needed.  Relay any issues of concern to supervisors or higher levels of management as necessary.  Report tracking of Annual Engagement Interviews to the CFO, who will share this information with the Executive Committee.Performance Reviews:Manages the Performance Management System that GSL is utilizing to help ensure that the semi-annual or annual Performance Reviews are being conducted by the designated supervisors.  Reports the tracking of Performance Reviews to GSL’s CFO, who will share this information with the Executive Committee. Corrective Counseling:When an apparent violation of Company policy or procedures occurs, ensure the appropriate corrective counseling has been completed and documented.  Provide training to supervisors as needed on corrective counseling objectives and procedures.Terminations:When possible, conduct a Termination Interview prior to or soon after an Employee-Owner is leaving the Company or has left the Company.  Provide the information to GSL’s CFO who will share this information with the Executive Committee. Annual EEO1 Reporting:Use GSL’s internal information or GSL’s Human Resource Management software to prepare the Annual EEO1 reports and submit GSL’s EEO1 reports by the designated deadlines.As Assigned/As Necessary/On Occasion:Perform research and due diligence and follow through with compliance tasks.Maintain awareness of new, relevant Federal, State, or local jurisdictional labor laws and monitor current HR trends. Perform tasks and research as assigned or upon request by GSL Management.Qualifications:High School diploma or equivalent. Two-year to four-year degree with two years of experience, or five years of equivalent work experience.Essential Job Functions: The Human Resource Manager position requires the following essential job functions: Proficiency in Microsoft Office applications; typing at least 50 words per minute; excellent interpersonal skills with GSL Electric’s Employee-Owners  and outside vendors; ability to provide support to GSL’s Employee-Owners while communicating with GSL’s managers and executives; high level of written and verbal communications skills; prefer experience in a professional environment; strong data entry and spreadsheet experience; ability to multi-task and follow directives.  Company specific software training will be provided.Competencies, such as:Analytical Skills	    Customer Service		Delegation		Business AcumenContinuous Learning	    Communications		Leadership		Conflict ResolutionJob Knowledge	    Cooperation			Cost Consciousness	Attendance Use of Technology	    Diversity			Punctuality		Design Ability		    Teamwork		    Ethics			Dependability		Problem Solving	    Change Management	    Adaptability			Innovation		Managing Projects	    Performance Coaching   Personal Appearance	Planning/OrganizingPhysical Requirements:	Typical office working requirements allowing for significant hours devoted to computer time, email, and phone communications as required with Employee-Owners.Working Conditions:     Professional office working conditions.  Standard workdays and additional outside the office workhours may be required to meet deadlines and the needs of GSL’s Employee-Owners.Knowledge Requirements: Sufficient experience and training to be competent in following Federal, State and local jurisdictional labor laws.Skills and    Ability Requirements: Excellent communication and interpersonal skills.Problem Solving:Strong decision-making skills.Conflict resolution, ability to listen and talk with employees and offer resources if needed. Experience Requirements:Proven work experience as a Recruiter (either an in-house recruiter or a staffing agency recruiter).Familiarity with HR databases, Applicant Tracking Systems (ATS), and Candidate Management Systems (CMS) or Performance Management Systems (PMS).Hands-on experience with recruiting software, as well as Human Resource Information Systems (HRIS) or Human Resource Management Systems (HRMS). "
"Journeyman 2","Operations","Journeyman 2
Section 1: What Does a Journeyman 2 Do?
A Journeyman 2 takes on more advanced responsibilities such as troubleshooting basic power and control systems. They are skilled in raceway systems and competent in understanding and installing electrical systems. Additionally, Journeyman 2s mentor apprentices and other electricians while consistently meeting production demands.
Section 2: What Skills Are Required of a Journeyman 2?
Proficiency in raceway systems layout and installation
Troubleshooting basic power and control systems
Competency in control systems
Ability to plan tasks, develop material lists, and train others
Completion of at least one positive performance review as a Journeyman 1
Section 3: Recommended Credentials
Attendance at two outside trade-related classes (minimum of 4 hours each)
CEU training for license renewal
"
"Journeyman 3","Operations","Journeyman 3
Section 1: What Does a Journeyman 3 Do?
A Journeyman 3 is an experienced electrician with advanced knowledge of raceway systems, complex wire pulls, and multiple control systems. They take on specialized systems like lighting control and fire alarm systems, and their troubleshooting skills are more advanced. They may also mentor lower-level electricians.
Section 2: What Skills Are Required of a Journeyman 3?
Advanced knowledge of raceway systems
Ability to handle large wire pulls and multiple control systems
Proficient in ladder logic and ladder diagrams
Advanced troubleshooting capabilities
Completion of at least one positive performance review as a Journeyman 2
Section 3: Recommended Credentials
Attendance at two outside trade-related classes
CEU training for license renewal
"
"Journeyman Electrician","Operations","3.2.2JOURNEYMAN ELECTRICIANElectrical apprentices who have completed 144 hours of apprenticeship course work each year of their four-year apprenticeship program and have completed 8,000 hours of on the job training are qualified to take the journeyman's examination (Utah Licensure Requirement).After passing the journeyman electrician examination and after licensure as a journeyman electrician, the job description for a GSL Electric journeyman includes but is not limited to the following:1.	All responsibilities and expectations of apprentice level electricians.2.	A focus on teaching, training, and mentoring apprentice electricians and others.3.	Obtaining advanced knowledge, training and experience in technical areas such as transformers, conductor sizing, load calculations, blueprint reading, controls logic, instrumentation, programmable logic controllers, lighting layout, lightning protection, grounding, high voltage systems, fire alarm systems, security systems, telephone/data systems, fiber optics, harmonics and power factor.4.	A primary focus on industrial and commercial electrical work.5.	Proficiency in utilizing GSL’s standard operating procedures and lean construction principles.6.	Prepare to move into management by taking advantage of training and field experience opportunities.See the Journeyman Electrician Job Description Below -Job Title: JOURNEYMAN ELECTRICIANDepartment: OperationsSupervisor: Forman/General Foreman The selection of a GSL Electric Journeyman is a function based on the needs of the company, the employee’s education, knowledge, skills, experience, competency and performance.  Qualifications: Journeyman or Masters License or equivalent education and experience. Current state issued Driver’s License is recommended. OSHA 10 may also be required in some states. To perform the job successfully, an individual must be able to perform each essential duty satisfactorily. The requirements listed below are representative of the knowledge, skill and/or ability required. Reasonable accommodations may be made to enable individuals with disabilities to perform the essential functions.Summary: The installation, maintenance and repair of electrical installations. Carry out installation responsibilities in accordance with the organization’s policies and applicable laws. Responsibilities include field installation on projects as directed by the Foreman, training apprentices, planning and carrying out assigned work.  Primary responsibility is to bring the project in safely and within the installation parameters set forth in the Job Plan.Essential Duties and Responsibilities:	Include the following but are not all inclusive, other duties may be assigned.SafetyTotal commitment and compliance to GSL Electrics Safety Program.Protecting the interests of GSL Electric by insuring that you present yourself in a manner that represents the highest ethical behavior, including dress, grooming, speech and professional conduct Knowledge and utilization of the NEC.Ability to read and interpret printsUnderstand and follow the Project Specifications.Be production oriented with an emphasis on qualityTrain Apprentices in the tradeCompetencies:To perform the job successfully, an individual should demonstrate the following competencies:Analytical – Synthesizes complex or diverse information; collects and researches data; uses intuition and experience to execute the work		Continuous Learning –Assesses own strengths and weaknesses; seeks feedback to improve performance; pursues training and development opportunities; strives to continuously build knowledge and skills; shares expertise with others.	Job Knowledge -Competent in required skills and knowledge; exhibits ability to learn and apply new skills; keeps abreast of current developments; requires minimal supervision; displays understanding of how the job relates to others; uses resources effectively.		Use of Technology – Demonstrates the required skills; adapts to new technologies; troubleshoots technological problems; uses technology to increase productivity; keeps technical skills up to date.		Design – Generates creative solutions; translates concepts and information into images; uses feedback to modify designs; applies design principles; demonstrates attention to detail.		Communications – Expresses ideas and thoughts verbally; expresses ideas and thoughts in written forms; exhibits good listening and comprehension; keeps others adequately informed; selects and uses the appropriate communication method.		Cooperation – Establishes and maintains effective relations; exhibits tact and consideration; offers assistance and support to co-workers; works cooperatively in group situations; works actively to resolve conflict.		Teamwork –Balances team and individual responsibilities; exhibits objectivity and openness to others’ views; gives and welcomes feedback; contributes to building a positive team spirit; puts the success of the team above own interest; able to build morale and group commitments to goals and objectives; supports everyone’s’ efforts to succeed.			Diversity –Show respect and sensitivity for cultural differences; recognize the value of diversity; promotes a harassment free environment.		Ethics – Treats people with respect; keeps commitments; inspires the trust of others; works with integrity and principles; upholds organizational values.		Adaptability – Adapts to change in the work environment; manages competing demands; changes approach or method to best fit the situation; able to deal with frequent change, delays or unexpected events.		Personal Appearance –				Dresses appropriately for the position; keeps well groomed		Attendance/Punctuality – Is consistently at work and on time.				Dependability – Follows instructions, responds to management directions; takes responsibility for own actions; keeps commitments; commits to long hours of work when necessary to reach goals; completes task on time or notifies appropriate person with an alternate plan.	Language Skills:	Ability to read and interpret documents such as safety rules, operating and maintenance 	instructions, procedure manuals and prints. Mathematical Skills:	Ability to add, subtract, multiply and divide in all units of measure, using whole numbers, 	common fractions and decimals. Reasoning Ability:	Ability to apply common sense understanding to carry out instructions furnished in 	written, oral or diagram form. Ability to deal with problems involving several concrete 	variables in standard situations.Physical Demands:	The physical demands described here are representative of those that must be met by an 	employee to successfully perform the essential functions of this job. Reasonable 	accommodations may be made to enable individuals with disabilities to perform the 	essential functions.	While performing the duties of this Job, the employee is regularly required to use hands 	to finger, handle or feel; climb or balance; stoop, kneel, crouch or crawl; talk or hear and 	taste or smell. The employee is frequently required to walk and reach with hands and 	arms. The employee is occasionally required to stand or sit. The employee must regularly 	lift and/or move up to 50 pounds and occasionally lift and/or move up to 100 pounds. 	Specific vision abilities required by this job include close vision, distance vision, color 	vision, peripheral vision, depth perception and the ability to adjust focus.Work Environment:	The work environment characteristics described here are representative of those an 	employee encounters while performing the essential functions of this job. Reasonable 	accommodations may be made to enable individuals with disabilities to perform the 	essential functions.	While performing the duties of this Job, the employee is regularly exposed to moving 	mechanical parts and outside weather conditions. The employee is frequently exposed to 	wet and/or humid conditions; high precarious places; extreme cold and extreme heat. The 	employee is occasionally exposed to fumes or airborne particles; toxic or caustic 	chemicals; risk of electrical shock and vibration. The noise level in the work environment 	is usually moderate."
"Lead Journeyman","Operations","3.2.3LEAD JOURNEYMANAt the discretion of GSL management, a Journeyman Electrician may be designated as a Lead Journeyman to perform the following duties:1.	All functions of a GSL Journeyman Electrician.2.	Close supervision and training of a small work crew.3.	Implementation of lean construction principles. 	4.	Other personnel, administrative, and safety functions as directed by his or her GSL Foreman.Lead Journeyman positions may be of temporary duration based on the leadership needs required on specific projects. "
"Leadman 1","Operations","Leadman 1
Section 1: What Does a Leadman 1 Do?
A Leadman 1 manages a small crew under the supervision of a Foreman while still performing journeyman duties. They review timecards, conduct Tool Box Safety Meetings, coordinate with other trades, and are involved in training apprentices and journeymen.
Section 2: What Skills Are Required of a Leadman 1?
Ability to manage a small crew
Timecard verification and job impact reporting to the Foreman
Basic computer skills
Participation in employee performance evaluations
Completion of at least one positive performance review as a Journeyman 2 or 3
Section 3: Recommended Credentials
Attendance at two outside trade-related classes, including one computer-related course
CEU training for license renewal
"
"Leadman 2","Operations","Leadman 2
Section 1: What Does a Leadman 2 Do?
A Leadman 2 demonstrates the ability to manage larger crews and communicate effectively with clients. They begin coordinating schedules and material needs with the Foreman. They also complete safety training and prepare for advancement to the Foreman role.
Section 2: What Skills Are Required of a Leadman 2?
Competence in managing larger crews
Client interaction skills
Coordination of 3-week look-ahead and material requirements
Completion of GSL Safety Coordinator training
Participation in the Foreman Training Program
Completion of at least one positive performance review as a Journeyman 3 or Leadman 1
Section 3: Recommended Credentials
Attendance at two outside trade-related classes, one being computer-related
CEU training for license renewal
"
"Leadman 3","Operations","Leadman 3
Section 1: What Does a Leadman 3 Do?
A Leadman 3 continues managing larger crews and projects, addressing production issues, and motivating their team. This role involves more significant responsibility for resolving project concerns and completing advanced electrical tasks.
Section 2: What Skills Are Required of a Leadman 3?
Advanced crew management skills
Ability to resolve production issues
Ability to handle complex project tasks
Completion of at least one positive performance review as a Leadman 2
Section 3: Recommended Credentials
Attendance at two outside trade-related classes, one being computer-related
CEU training for license renewal
"
"Leadman Level 1 - Position Description","Operations","
Leadman Level 2 (Mid-Level Leadman)
Position Description:
A mid-level Leadman is responsible for overseeing larger crews, taking on more independent planning responsibilities, and ensuring that work is completed efficiently. This position requires a higher level of technical knowledge and the ability to coordinate resources and manage more complex tasks.
Skills and Competencies Needed:
Intermediate Leadership: Ability to supervise larger crews and independently assign tasks.
Project Scheduling: Developing short-term task schedules and coordinating with the Foreman.
Advanced Communication: Effectively leading crew huddles and reporting to Foreman or Project Manager.
Advanced Electrical Knowledge: Capable of handling complex electrical systems and troubleshooting.
Resource Management: Managing materials, tools, and labor allocation efficiently.
Quality Control: Ensuring all installations meet industry and project standards.
Mentorship: Providing technical guidance and on-the-job training for less experienced electricians.
Training Courses:
Project Scheduling and Resource Management
Advanced Electrical Systems
Lean Construction Principles
Quality Assurance and Control
Project Specifications and Field Documentation
Procore for Electrical Contractors
Motivating and Building Teams
"
"Leadman Level 2 - Position Description","Operations","Leadman Level 3 (Senior Leadman)
Position Description:
A senior Leadman manages large crews and complex tasks, working closely with the Foreman or Project Manager to ensure the successful execution of projects. This position demands a mastery of technical skills, leadership capabilities, and project management experience. Senior Leadmen often serve as mentors and key decision-makers on-site.
Skills and Competencies Needed:
Advanced Leadership: Strong supervisory skills with the ability to manage larger teams and handle more complex tasks.
Strategic Project Management: Overseeing project schedules, resource allocation, and coordinating with multiple teams or trades.
Mastery of Electrical Systems: Expertise in troubleshooting and resolving complex electrical problems.
Lean Construction: Ability to implement and lead Lean construction initiatives on-site to improve productivity and reduce waste.
Quality Assurance: High attention to detail in ensuring all installations meet project specifications and high standards.
Mentorship and Development: Serving as a mentor for junior crew members and developing future leaders.
Financial Acumen: Understanding job cost versus estimates and ensuring project alignment with budget.
Training Courses:
Mentorship and Training for Field Leaders
Project Scheduling and Resource Management (Advanced)
Conflict Resolution and People Management (Advanced)
Lean Construction Principles (Advanced)
Advanced Electrical Systems (Mastery)
Quality Assurance and Inspection (Advanced)
Job Cost versus Estimates Reports
Daily Reporting and Documentation (Advanced)
"
"Leadman Levels - Skills and Training Summary","Operations","Summary of Skills, Competencies, and Training by Level:

Leadman Level 1:
Key Skills: Basic leadership, task management, safety compliance, electrical knowledge, communication, teamwork.
Training:
Supervisory Skills for Electrical Leaders
Task Management and Prioritization
Conflict Resolution and People Management
OSHA 30-Hour Construction Safety Certification
Electrical Code Compliance (NEC)
Blueprint Reading and Interpretation
Effective Communication for Leaders

Leadman Level 2:
Key Skills: Intermediate leadership, project scheduling, advanced electrical knowledge, resource management, quality control, mentorship.
Training:
Project Scheduling and Resource Management
Advanced Electrical Systems
Lean Construction Principles
Quality Assurance and Control
Project Specifications and Field Documentation
Procore for Electrical Contractors
Motivating and Building Teams

Leadman Level 3:
Key Skills: Advanced leadership, strategic project management, mastery of electrical systems, Lean construction, quality assurance, mentorship, financial acumen.
Training:
Mentorship and Training for Field Leaders
Project Scheduling and Resource Management (Advanced)
Conflict Resolution and People Management (Advanced)
Lean Construction Principles (Advanced)
Advanced Electrical Systems (Mastery)
Quality Assurance and Inspection (Advanced)
Job Cost versus Estimates Reports
Daily Reporting and Documentation (Advanced)
"
"Low Voltage Systems","Operations","7.3.5LOW VOLTAGE SYSTEMSEstimator Project ManagerLow Voltage Systems Manager"
"LV Branch Safety Superintendent","Safety","LAS VEGAS BRANCH SAFETY SUPERINTENDENT

Job Description: The Las Vegas Branch Safety Superintendent will provide timely and effective safety support to all projects within the branch. Provide mentoring and ensure effective & efficient implementation of the company safety program. In addition, and as time permits, he/she will offer additional support to the Branch General Superintendent.

Position Title & Location: Safety Superintendent, Las Vegas Branch
Department: Safety
Supervisor: Branch General Superintendent
Employment Status: Full-time

Qualifications: Basic computer skills including, Outlook & Microsoft Office.
Experience Requirements: Four (4) years of electrical trade experience.

Summary of Duties and Responsibilities: Under the direction of the Corporate Safety Director, the Branch Safety Superintendent effectively implements company safety programs, practices, and procedures to reduce the frequency and severity of accidental loss in the areas of worker's compensation, general and auto liability, and property; ensures company compliance with federal, state, and local regulations, which are designed to protect the human, financial, and physical assets of the company; creates a branch-wide safety culture through safety training, risk assessments, and behavior modification programs.

Characteristic Job Tasks and Responsibilities:
1. Member of the Safety Committee - report on current safety situations, concerns, and progress.
2. Assist the Safety Director in developing compliance programs.
3. Assist with and review the Project Safety Plan and Project Safety Expectations.
4. Assist and insure that Project Field Safety Folders are assembled and organized.
5. Perform required Safety Inspections and Safety Audits.
6. Conduct claims investigations and evaluate risk management claims information.
7. Perform regular physical inspections of company projects, equipment, and operations.
8. Provide ongoing safety and loss prevention training.
9. Provide one-on-one performance reviews with Safety Coordinators within the branch.
10. Administer disciplinary action in strict accordance with the GSL disciplinary policy.
11. Address all branch safety concerns and/or safety topics in the monthly Foreman Meetings.

Knowledge, Skills, Abilities and Personal Characteristics:
- Knowledge of federal, state, and local loss prevention regulations
- Verbal and written communication skills
- Interpersonal/human relations skills
- Planning/organizational skills
- Ability to implement, and control our safety program
- Ability to conduct safety inspections of company projects and equipment
- Basic computer skills including Outlook & Microsoft Office"
"Marketing Manager","Marketing","Position Title: 
Marketing Manager

Position summary: 
The Marketing Manager will develop,  and market the company brand. They will strategize for effective campaigns, set brand standards, and improve the customer and employee experience. Acting as gatekeeper of brand, brand manager will implement guides and work with teams on advertising, promotions, internal work, campaign marketing, social media, Company Website, Employee Apps, and other areas of representation.
Project/Client Submissions
Proposals
Presentation Materials
Pre-Qualifications
SOQ’s
Award Submissions
Collateral Materials:
Corporate Brochure
Projects Sheets
Line Cards
Presentation Materials
Client Newsletter
Update and maintain company resumes
CRM Management
Maintain client and project information in Cosencial
Image / Branding / Communications
Developing and implementing strategies for marketing
Improving brand recognition and reputation
Analyzing market trends and competitors’ methods
Setting brand standards, mission, and goals
Improving the brand’s reach to customers
Researching consumer markets and opportunities 
Ensure brand consistency
Researching and tracking performance and reactions
Managing company and client expectations
Reviewing success of campaign and developing ways to improve on brand recognition
Building a following for brand on social media 
Skills:
Creative and innovative thinker and planner 
Confident in producing work across multiple platforms
Goal-oriented, organized team player
Able to align multiple brand strategies and ideas
Takes ownership of brand voice and vision
Creative problem solver who thrives when presented with a challenge
Able to analyze problems and strategize for better solutions
Excellent verbal and written communication skills
Able to multi-task, prioritize, and manage time effectively
Experience with technologies and best practices for web design, web production, and creative design across multiple platforms
Excellent analytical and time-management skills
Proficient computer skills, including Microsoft Office Suite (Word, PowerPoint, Outlook, and Excel)
Strict adherence to company philosophy/mission statement
Good interpersonal skills and communication with all levels of management
Able to work in a time sensitive conditions
"
"Operations Administrative Assistant","Administration","Operations Administrative Assistant
Section 1: What Does an Operations Administrative Assistant Do?
The Operations Administrative Assistant supports the daily operations of the Las Vegas office by managing the front desk, greeting visitors, answering and directing phone calls, and assisting various departments as needed. They play a key role in maintaining smooth office functions by providing clerical and administrative support, particularly to the HR department and General Superintendent. Their duties also include handling filing, data entry, scanning, and maintaining accurate records.
Section 2: What Skills Are Required of an Operations Administrative Assistant?
Proficiency in Microsoft Office applications
Typing speed of at least 50 words per minute
Strong customer service skills and professional phone etiquette
High level of written and verbal English communication skills
Ability to multi-task and follow directions
Data entry experience and willingness to learn accounting software
Professionalism and the ability to work in a fast-paced office environment
Section 3: Recommended Credentials
High School diploma or equivalent
Previous customer service experience
Ongoing training in accounting software and other tools used in the office
"
"Operations Management","Operations","7.3.1OPERATIONS MANAGEMENTProject ManagerManage and control all operational functions at the project level, including, pre-construction planning; job plan development; project budgets; material procurement; staffing and development of project leadership and project manpower; subcontractor management; tool and equipment rental expenses; other job expenses; change order management; schedule management; other contractual obligations; and, client relations.Project Coordinator Project Coordinators are assigned and made available to Project Managers by the Branch Manager.  The Branch Manager shall determine if the Project Coordinators are to be assigned to one or to multiple Project Managers.  Once the scope of work for a Project Coordinator is determined, the Project Coordinator will work under the direct supervision of the Project Manager(s) to assist the Project Manager(s) and to facilitate training and development of the Project Coordinator.General SuperintendentSearch for and provide the talent requested for the leadership and the manpower resources necessary to support the branch office goals and objectives; support all GSL’s apprenticeship, journeyman, and field leadership’s training programs; are ensure that field personnel are reviewed according to GSL’s Engagement Interviews and Performance Review schedules.  Branch ManagerManage and control all operational functions within branch office operations, including, project estimates; design build proposals; project management; department management; branch office overhead; cash flows; and branch office profitability. See the attached Job Descriptions for these Office Operations Positions - Project ManagerJob DescriptionPosition Overview Responsible for the overall direction, coordination, implementation, execution, control and completion of specific projects ensuring consistency with company strategy, commitments and goals.Essential Job FunctionsLead the planning and implementation of projectFacilitate the definition of project scope, goals and deliverablesDefine project tasks and resource requirementsDevelop full scale project plansManage project budgetManage project resource allocationPlan and schedule project timelinesTrack project deliverables using appropriate toolsProvide direction and support to project teamQuality assuranceConstantly monitor and report on progress of the project to all stakeholdersPresent reports defining project progress, problems and solutionsImplement and manage project changes and interventions to achieve project outputsProject evaluations and assessment of resultsAttend meetings on and off siteConflict resolutionNon-essential Job FunctionsTrain and mentor team membersPresentation skillsRequirementsQualification in project management or equivalentKnowledge of both theoretical and practical aspects of project managementKnowledge of project management techniques and toolsProven experience in people managementProven experience in strategic planningProven experience in risk managementProven experience in change managementProficient in project management softwareAbility to travel and visit projectsAbility to navigate: stairs, ladders, uneven surfacesDiversity appreciationOther Skills/AbilitiesExperienced as an Journeyman/Master ElectricianThis job description is not intended to be all-inclusive. Project Managers may perform other related duties as negotiated to meet the ongoing needs of the organization."
"Operations Office Positions","Operations","7.3OPERATIONS OFFICE POSITIONSMany of the job descriptions for office personnel are varied, position specific, and individualized.  Most office personnel will be working in typical office environment conditions.  Details of the office personnel positions are listed in their individual job descriptions.  All operations personnel, business management personnel, business development and marketing personnel must adhere to the management directives issued by GSL’s Executive Committee for their respective positions.  The office positions that GSL Electric will typically utilize are listed in the sections that follow.	"
"Payroll Manager","Administration","7.4.3PAYROLLPayroll ManagerThe Payroll Manager performs the following payroll processing functions:Maintains and updates employment records.  Ensures all payroll information and other employee information contained in employee files is kept confidential and secure. Updates GSL’s payroll system for changes in state and federal income tax withholding rates, state workers compensation rates, state and federal unemployment insurance rates, etc.Enters Employee/Owner information into GSL’s accounting software that is required to process payroll, including W4 and I9 information, etc.  Updates Employee/Owner data as required regarding changes in pay, tax withholdings, address changes, W4 changes, etc.  Enters such changes into the Human Resources Module in the accounting software as needed.Enters Employee/Owner’s individual information in GSL’s payroll system for GSL health insurance premiums, voluntary insurance premiums, flex spending contributions, health savings account contributions, etc., and reconciles this information periodically.Enters new employment information into payroll and provides this information to GSL’s IT and Human Resource Managers on a weekly basis.  Enters garnishments and other authorized payroll deductions into payroll and communicates such deductions to GSL’s General Ledger Manager for proper coding as needed. Enters hours into payroll after review of timecards or time sheet summaries by GSL’s General Superintendents and Business Managers.  Processes payroll on a weekly basis.Reconciles weekly payroll hours with GSL’s Job Plan hours. Uploads payroll to the bank weekly for direct deposits and issues checks as needed for Employee/Owners who resign, who are terminated for cause, or who are laid off due to a reduction of force. Tracks Employee/Owners Paid Time-Off (PTO) and reconciles PTO with Employee/Owners on an annual basis.Uploads and maintains GSL’s 401K Profit Sharing Plan’s Employee/Owner deferrals and loan payments.  Reconciles 401k Plan eligibility, deferral, and loan payments with GSL’s 401k Plan record keeper and ensures compliance for all tests related to GSL’s 401k Plan.  Prepares reports and remits payments weekly, monthly, or quarterly for payroll taxes, 401k withholdings, state withholdings, flex spending withholdings, insurance premium withholdings, and other withholdings from payroll as required. Provides verification of employment, wages and hours worked, responds to requests for unemployment claims, state or federal payroll surveys, employee census information, etc.Provides additional support and information to GSL’s CFO as needed.  Payroll AssistantDepending on the number of employees and the volume of payroll being processed, an administrative assistant may be assigned to help process payroll or to assist in completing issues related to payroll processing. "
"Pre-Fabrication","Manufacturing","7.3.7PRE-FABRICATIONLine WorkerShop ForemanPre-Construction ManagerInvestigate, innovate, and implement all time-saving and cost-saving pre-fab opportunities available on projects within the branch; order, manage, and control the production of pre-fab materials; direct the production of the Pre-Fab materials with the Shop Foreman, provide just-in-time delivery to project sites; and, coordinate installation with the designated Pre-Fab Foremen on the projects.   See the following Job Descriptions for the Pre-Fabrication Department	"
"PreFab Design and Production Manager","Manufacturing","Company Name


Position Overview 
Responsible for the overall design, direction, coordination, implementation, execution, control and completion of specific projects ensuring consistency with company strategy, commitments and goals.


Essential Job Functions
lead the planning and implementation of project
develop and implement innovative ideas to better field production
facilitate the definition of project scope, goals and deliverables
define project tasks and resource requirements
develop full scale project plans
manage project budget
manage project resource allocation
plan and schedule project timelines
track project deliverables using appropriate tools
provide direction and support to project team
quality assurance
constantly monitor and report on progress of the project to all stakeholders
present reports defining project progress, problems and solutions
implement and manage project changes and interventions to achieve project outputs
project evaluations and assessment of results
attend meetings on and off site
conflict resolution


Non-essential Job Functions
train and mentor team members
presentation skills




Requirements
qualification in project management or equivalent
knowledge of both theoretical and practical aspects of project management
knowledge of project management techniques and tools
proven experience in people management
proven experience in strategic planning
proven experience in risk management
proven experience in change management
proficient in project management software
proficient in design soft ware
ability to travel and visit projects
ability to navigate: stairs, ladders, uneven surfaces
diversity appreciation




Other Skills/Abilities
Experienced as an journeyman/master electrician





NOTE:  This job description is not intended to be all-inclusive. Employee may perform other related duties as negotiated to meet the ongoing needs of the organization."
"President / CEO","Executive","PRESIDENT /CEOJOB DESCRIPTIONNovember 3, 2004Aims of the PresidentTo follow, implement, and be accountable to the Board of Directors the goals and aims of the Corporation.To develop and support the creation of Standard Policies and Procedures of the Corporation and insure consistency in their implementation and enforcement.To insure and hold accountable himself as well as the entire staff to those Standards.To set a professional, ethical, and consistent standard of performance. (By example)Provide a secure and safe work environment. Quality in Human Relations and Safety.To promote the image of GSL Electric in the market place.Implement the Strategies, and procedures that will secure the maximum profit for the Corporation and its stockholders.Protect the interest and stock valuation of the Stockholders.Retain in the company necessary capital to ensure the stability and controlled growth of the company.Train/develop/work hand in hand with the Branch Management to assure that the projects that are secured projects are estimated correctly to reduce risk and maximize profitability through proven management practices.Provide the necessary reporting, via the CFO, to enable the Branch Management and PM’s to manage the project properly and bill the client accurately in a timely fashion.Properly delegate and follow up on all Corporate assignments.Meet monthly with all Branch Management individually evaluate each project, follow up, get a reporting, and evaluate what needs to be done to support the success of each project and its manager. Board meetings and Executive Committee meetings.Preside and Conduct the meetingsSet up and schedule the meetingAssist in the preparation and have final approval of all meeting agendas.Discuss, report, and make assignments on the following:Marketing and Estimating New projects Needs and resource requirements.Man power needsRatio of Journeymen to ApprenticeForeman Training PlansCapital resourcesOverhead analysisBranch office needs from CorporateTrainingAdviceFinancial StatusJCSRCash FlowBillingsCollectionsAccount to the Board of Directors and Stockholders the followingStatus of Marketing and estimating (Pres./Branch Management)Status of and profitability of all projects (COO)Status of financial condition of all projects (CFO)Oversee all Capital expenditures, (buildings, trucks, major tools)Marketing and Estimating:Develop Marketing Strategies that will enhance our position in the market place (Low cost/cost effective market approach)Participate in Corporate public relations.Community organizations.Trade organizationsDevelop and maintain strong vendor relationshipsAttend corporate wide Marketing Forecast meetings.Determine collectively the projects that best fit the aims and desires of GSL Electric.Make assignments to enhance our opportunity to capture the project.Determine who will be the PM and foreman on the project prior to bid.Determine if the terms and conditions of that contract will meet the aims of GSL and our current bonding and ability to cash flow the project.If the project is out of town do we have the ability to man the project and can we be competitive in the bidding process.Do we have the estimating staff available to bid the project.Which branch will do the estimateDo we have the expertise in this type of project?Assist in the Development and Standardization Estimating Work closely with the Branch Management and Chief estimators Prepare a manual for the Estimating DepartmentProvide proper training opportunities for estimators.Be involved in the checking process and bid evaluation prior and or at bid day."
"Project Manager","Operations","Company Name


Position Overview 
Responsible for the overall direction, coordination, implementation, execution, control and completion of specific projects ensuring consistency with company strategy, commitments and goals.


Essential Job Functions
lead the planning and implementation of project
facilitate the definition of project scope, goals and deliverables
define project tasks and resource requirements
develop full scale project plans
manage project budget
manage project resource allocation
plan and schedule project timelines
track project deliverables using appropriate tools
provide direction and support to project team
quality assurance
constantly monitor and report on progress of the project to all stakeholders
present reports defining project progress, problems and solutions
implement and manage project changes and interventions to achieve project outputs
project evaluations and assessment of results
attend meetings on and off site
conflict resolution


Non-essential Job Functions
train and mentor team members
presentation skills




Requirements
qualification in project management or equivalent
knowledge of both theoretical and practical aspects of project management
knowledge of project management techniques and tools
proven experience in people management
proven experience in strategic planning
proven experience in risk management
proven experience in change management
proficient in project management software
ability to travel and visit projects
ability to navigate: stairs, ladders, uneven surfaces
diversity appreciation




Other Skills/Abilities
Experienced as an journeyman/master electrician





NOTE:  This job description is not intended to be all-inclusive. Employee may perform other related duties as negotiated to meet the ongoing needs of the organization."
"Project Safety Coordinator","Safety","7.2.6PROJECT SAFETY COORDINATOR"
"Project Superintendent","Operations","7.2.5PROJECT SUPERINTENDENT (General Foreman)Selection of a GSL Electric Project Superintendent is a function of the needs of the company and an individual's performance as a Project Foreman.  Responsibilities of a GSL Electric Project Superintendent include but are not limited to the following:1.	Supervision of GSL Foremen, ensuring that safety, quality, and productivity are achieved.  Implementation of lean construction principles.2.	Monitoring of critical path items to ensure anticipated completion dates are achieved.3.	Integration of change orders into the scope of work and coordination with the client on the impact of change orders on completion schedules.4.	Ongoing interface with project manager/estimator on project status.5.	Develop and promote positive client relations.6.	Timely preparation and submittal of all invoices, reports and other required administrative paperwork.See the Project Superintendent (General Foreman) Job Description Below -Job Title: PROJECT SUPERINTENDENT (General Foreman)Department: OperationsSupervisor: Project Manager The selection of a GSL Electric General Foreman is a function based on the needs of the company, the employee’s education, knowledge, skills, experience, competency and performance.  Qualifications: Journeyman or Masters License or equivalent education and experience. Certification as a GSL Safety Coordinator, including current certification in Standard First Aid and Adult CPR. Must have three to five years’ experience as a foreman. Current state issued Driver’s License. OSHA 30 may also be required in some states. To perform the job successfully, an individual must be able to perform each essential duty satisfactorily. The requirements listed below are representative of the knowledge, skill and/or ability required. Reasonable accommodations may be made to enable individuals with disabilities to perform the essential functions.Summary: Directly supervise 2 or more foremen in the Field Operations for the installation, maintenance and repair of electrical installations. Carry out supervisory responsibilities in accordance with the organization’s policies and applicable laws. Responsibilities include training employees, planning, assigning, and directing work; Monitoring of critical path items; appraising performance; rewarding and disciplining employees; addressing complaints and resolving problems.  Primary responsibility is to bring the project in “Safely, On Time and within Budget”.Essential Duties and Responsibilities:	Include the following but are not all inclusive, other duties may be assigned.SafetyFull implementation of GSL’s Loss Control Program at the foreman level, including direct responsibility for a crew's safety and enforcement of all company policies and procedures.Hold weekly safety meetings.Protecting the interests of GSL Electric by insuring all employees represent the company in a manner that represents the highest ethical behavior, including dress, grooming, speech and professional conduct. Knowledge and utilization of all GSL standard operating procedures such as disciplinary policy, estimating, job set-up/close out, job plans, purchase orders, scheduling, reports, contract status, time cards, tool control, work vouchers, etc.Understand the contract and the required change order procedures and support the PM as needed.Understand and follow the Project Specifications.Become familiar with all approved submittals and assure that what we receive from the vendors complies with the approved submittal.Integration of change orders into the scope of work.Develop and promote positive client relationsManage the field installation for projects Become completely familiar with the project scope, site conditions, schedule and equipment being installed.Training, protecting and managing employees over whom you are assigned.Materials requisitioning, storing and staging.Plan, schedule, train, follow through and promote teamwork to accomplish the company's objective of achieving profitable operations through safety, craftsmanship and productivityMaintain a proper ratio of apprentice’s to assure that the average hourly rate is in sync with the estimate.Job Plan management. This includes updating the Project Hours to CompleteUpdate the PM weekly on the progress of the project.Maintain all field records for the projectsTime cardsSchedulesManpower ProjectionsDaily ReportsDrawingsIncorporating all:ASI’sCOR’sRFI’sAs-built informationField Labor Issues:AttendanceEnforce GSL’s Attendance PoliciesAssure GSL only pays for the hours workedAssure that breaks are not planned or organized but are used on an “as needed basis”.ProductivityPlan and facilitate the installations in an efficient mannerQualityEnsure that the materials are installed in compliance with the specifications and in a craftsman like manner therefore requiring a minimum of re-work.Training to attain the highest level of production and qualityCompetencies:	To perform the job successfully, an individual should demonstrate the following competencies:Analytical – Synthesizes complex or diverse information; collects and researches data; uses intuition and experience to complement data; designs work flows and procedures		Continuous Learning –Assesses own strengths and weaknesses; seeks feedback to improve performance’ pursues training and development opportunities; strives to continuously build knowledge and skills; shares expertise with others.	Job Knowledge -Competent in required skills and knowledge; exhibits ability to learn and apply new skills; keeps abreast of current developments; requires minimal supervision; displays understanding of how the job relates to others; uses resources effectively.		Use of Technology – Demonstrates the required skills; adapts to new technologies; troubleshoots technological problems; uses technology to increase productivity; keeps technical skills up to date.		Design – Generates creative solutions; translates concepts and information into images; uses feedback to modify designs; applies design principles; demonstrates attention to detail.		Problem Solving – Identifies and resolves problems in a timely manner; gathers and analyzes information skillfully; develops alternative solutions; works well in group problem solving situations; uses reason even when dealing with emotional topics.		Project Management – Coordinates the field operations of the project; communicates changes and progress; completes the project “Safely, On Time and within Budget”; manages the field project team activities.		Customer Service – Manage difficult or emotional customer situations; responds promptly to customer needs; solicits customer feedback to improve service; responds to request for service and assistance; meets commitments.	Communications – Expresses ideas and thoughts verbally; expresses ideas and thoughts in written forms; exhibits good listening and comprehension; keeps others adequately informed; selects and uses the appropriate communication method.		Cooperation – Establishes and maintains effective relations; exhibits tact and consideration; offers assistance and support to co-workers; works cooperatively in group situations; works actively to resolve conflict.			Teamwork –Balances team and individual responsibilities; exhibits objectivity and openness to others’ views; gives and welcomes feedback; contributes to building a positive team spirit; puts the success of the team above own interest; able to build morale and group commitments to goals and objectives; supports everyone’s’ efforts to succeed.		Change Management –Develops workable implementation plans; communicates changes effectively; builds commitment and overcomes resistance; prepares and supports those affected by change; monitors transition and evaluates results.		Performance Coaching –Defines responsibilities and expectations; sets goals and objectives; gives performance feedback; motivates for increased results; recognizes contributions; encourages training and development.		Delegation – Delegates work assignments: matched the responsibility to the person; gives authority to work independently; sets expectations and monitors delegated activities; provides recognition for results.Leadership – Exhibits confidence in self and others; inspires and motivates others to perform well; effectively influences actions and opinions of others; accepts feedback from others; gives appropriate recognition to others.		Cost Consciousness –Works within approved budget; develops and implements cost saving measures; contributes to the profits and revenue; conserves organizational resources.		Diversity –Demonstrates knowledge of EEO policy; shows respect and sensitivity for cultural differences; educates others on the value of diversity; promotes a harassment free environment; builds a diverse workforce.		Ethics – Treats people with respect; keeps commitments; inspires the trust of others; works with integrity and principles; upholds organizational values.	Adaptability – Adapts to change in the work environment; manages competing demands; changes approach or method to best fit the situation; able to deal with frequent change, delays or unexpected events.		Personal Appearance –			Dresses appropriately for the position; keeps well groomed		Business Acumen –Understands business implications of decisions; displays orientation to profitability; demonstrates knowledge of market and completion; aligns work with strategic goals.	Conflict Resolution - Encourages open communication; confronts difficult situations; maintains objectivity; keeps emotions under control; uses negotiation skills to resolve conflict.		Attendance/Punctuality – Is consistently at work and on time; ensures work responsibilities are covered when absent; arrives at meetings and appointments on time.		Dependability – Follows instructions, responds to management directions; takes responsibility for own actions; keeps commitments; commits to long hours of work when necessary to reach goals; completes task on time or notifies appropriate person with an alternate plan.		Innovation –Display original thinking and creativity; meet challenges with resourcefulness; generate suggestion for improving work; develops innovative approaches and ideas; presents ideas and information in a manner that gets others attention.	Planning/OrganizingPrioritizes and plans work activities; uses time efficiently; plans for additional resources; sets goals and objectives; organizes and schedules other people and their task; develops realistic action plansLanguage Skills:	Ability to read and interpret documents such as safety rules, operating and maintenance 	instructions, procedure manuals and prints. Ability to write routine reports and 	correspondence. Must have the ability to speak effectively before groups of customers or	Employees of organization.Mathematical Skills:	Ability to add, subtract, multiply and divide in all units of measure, using whole numbers, 	common fractions and decimals. Ability to compute rate, ratio and percent and to draw 	and interpret bar graphs.Reasoning Ability:	Ability to apply common sense understanding to carry out instructions furnished in 	written, oral or diagram form. Ability to deal with problems involving several concrete 	variables in standard situations.Computer Skills:	To perform this job successfully, an individual should have an advanced knowledge of 	Excel (spreadsheet software), Word (word processing software), Outlook (email and 	contact management system) and Bluebeam (PDF design software).Physical Demands:	The physical demands described here are representative of those that must be met by an 	employee to successfully perform the essential functions of this job. Reasonable 	accommodations may be made to enable individuals with disabilities to perform the 	essential functions.		While performing the duties of this Job, the employee is regularly required to use hands 	to finger, handle or feel; climb or balance; stoop, kneel, crouch or crawl; talk or hear and 	taste or smell. The employee is frequently required to walk and reach with hands and 	arms. The employee is occasionally required to stand or sit. The employee must regularly 	lift and/or move up to 50 pounds and occasionally lift and/or move up to 100 pounds. 	Specific vision abilities required by this job include close vision, distance vision, color 	vision, peripheral vision, depth perception and the ability to adjust focus.Work Environment:	The work environment characteristics described here are representative of those an 	employee encounters while performing the essential functions of this job. Reasonable 	accommodations may be made to enable individuals with disabilities to perform the 	essential functions.	While performing the duties of this Job, the employee is regularly exposed to moving 	mechanical parts and outside weather conditions. The employee is frequently exposed to 	wet and/or humid conditions; high precarious places; extreme cold and extreme heat. The 	employee is occasionally exposed to fumes or airborne particles; toxic or caustic 	chemicals; risk of electrical shock and vibration. The noise level in the work environment 	is usually moderate."
"Purchasing Agent","Administration","7.4.4.1Purchasing Agent(Salt Lake Office)Position Title:								Purchasing ManagerDepartment:									PurchasingSupervisor:									Business ManagerEmployment Status: 							Full Time / HourlyNon-ExemptSummary of Duties and Responsibilities:Assist Purchasing Manager in ensuring orders are placed with vendors and entered into the accounting program for materials, supplies, rental tools, and equipment. Maintain and repair Company tools and equipment as needed. Check tools and equipment into storge and out to jobsites.Maintain the tool and equipment software program.  Run tool and equipment reports as needed. Prepare and submit monthly project tool billings to Accounting and to Project Managers and Project Foremen. Account for lost or damaged tools and equipment.Assist Purchasing Manager in directing expeditors to deliver materials, tools, and equipment to and from jobsites.Assist Purchasing Manager with maintaining GSL buildings.Assist Purchasing Manager with building security.Assist Purchasing Manager with maintaining GSL vehicle fleet.Qualifications:Valid driver license and insuranceEffective people management skills.Electrical construction industry knowledge.Ability to operate Microsoft computer software and specialty tool billing software.Ability to operate GSL’s purchasing software and materials management software.Essential Job Functions:Receive field orders, check pricing and availability, place purchase orders, resolve billing discrepencies, direct expediters, manage GSL’s tools and equipment, maintain GSL’s vehicle fleet, maintain GSL’s buildings, maintain GSL’s vehicle fleet, maintain GSL’s buildings security, oversee management of the warehouse and its facilities.Competencies, such as:Analytical Skills    	    Customer Service		Delegation		Business AcumenContinuous Learning	    Communication		Leadership		Conflict ResolutionJob Knowledge	    Cooperation			Cost Consciousness	Attendance Use of Technology	    Diversity			Punctuality	    	Design AbilityTeamwork		    Ethics			Dependability		Problem Solving	    Change Management	   Adaptability			Innovation    		Managing ProjectsPerformance Coaching   Personal Appearance	Planning/OrganizingKnowledge Requirements:Good written and oral communicate skills in English.Minimum computer skills helpful.Electrical material knowledge helpful.Tool and equipment knowledge helpful.Completion of 2nd year of electrical apprenticeship coursework preferred. Skills and Ability Requirements:Reading comprehension.Communication skills. Negotiation skills.Analytical abilities.Math abilities.Problem solving skills.Computer skills, Typing 30 words per minute.Education Requirements:High School Diploma / GED.Business degree helpful but not required.Purchasing certification helpful but nor required.Electrical apprenticeship course work of 2 years preferred. Experience Requirements:Minimum or 2 years electrical apprenticeship field construction experience preferred. Physical Requirements:The physical demands described here are representative of those that must be met by an employee to successfully perform the essential functions of this job.  In addition, the employee will be required to regularly express and/or exchange ideas verbally. This position can be active and requires varied periods of sitting, standing, walking, bending, kneeling, stooping, crouching, crawling, and climbing all day. The employee must be able to:Exert up to or in excess of 100 pounds of force occasionally—up to or in excess of 50 pounds of force frequently—and up to or in excess of 20 pounds of force constantly to move objects. Specific vision abilities required by this job include close vision, distance vision, color vision, peripheral vision, depth perception and the ability to adjust focus. Working Conditions:  The employee is expected to work indoors and outdoors, including in adverse weather conditions as required by the work being performed.  The employee may be subject to extreme cold or extreme heat; therefore, this employee is responsible to dress accordingly.Other Duties Please note:  This job description is not designed to cover or contain an all-inclusive listing of activities, duties, or responsibilities required of this position. Furthermore, duties, responsibilities, and activities may change at any time with or with"
"Purchasing Manager","Administration","7.4.4PURCHASING MANAGER JOB DESCRIPTIONPosition Title:Purchasing ManagerDepartment:PurchasingSupervisor:Business ManagerEmployment Status: Full TimeSummary of Duties and Responsibilities:Ensure orders are placed with vendors and entered into the accounting program correctly.Resolve invoice disputes when they arise.Close PO’s as needed prior to job reviews.Direct expeditors to deliver material and tools to and from jobsites.Building maintenance and security.GSL vehicle fleet maintenance.Oversee the maintenance of the tools. Repair tools as needed. Check tools into storage and out to jobsites.Oversee the maintenance of the tool program. Run reports as needed. Ensure monthly billings are turned into the accounting department to bill for tools to jobsites. Qualifications:Essential Job Functions:Place orders, enter PO’s in accounting program, resolve invoice disputes, direct drivers, maintain building, maintain GSL vehicle fleet.Competencies, such as:Analytical Skills    Customer Service		Delegation	Business AcumenContinuous Learning	    Communication	Leadership	Conflict ResolutionJob Knowledge	Cooperation		Cost Consciousness	Attendance Use of Technology	Punctuality	    Teamwork		Ethics		DependabilityProblem Solving	    Change Management	Adaptability		Innovation    Performance Coaching	Personal Appearance	Planning/OrganizingKnowledge Requirements:Electrical material knowledge helpfulTool knowledge helpfulAbility to read and write and communicate in EnglishSkills and Ability Requirements:Reading comprehension Negotiation skillsAnalytical abilitiesMath abilitiesCommunication skillsProblem solving skillsTyping 30 words per minuteEducation Requirements:High School Diploma/GEDBusiness Degree helpful but not requiredPurchasing Certification helpful but nor requiredExperience Requirements:Physical Requirements:The physical demands described here are representative of those that must be met by an employee to successfully perform the essential functions of this job.  In addition, the employee will be required to regularly express and/or exchange ideas verbally. This position can be active and requires varied periods of sitting, standing, walking, bending, kneeling, stooping, crouching, crawling, and climbing all day. The employee must be able to:Exert up to or in excess of 100 pounds of force occasionally—up to or in excess of 50 pounds of force frequently—and up to or in excess of 20 pounds of force constantly to move objects. Specific vision abilities required by this job include close vision, distance vision, color vision, peripheral vision, depth perception and the ability to adjust focus. Working Conditions:  The employee is expected to work indoors and outdoors, including in adverse weather conditions as required by the work being performed.  The employee may be subject to extreme cold or extreme heat; therefore, this employee is responsible to dress accordingly.Other Duties Please note:  This job description is not designed to cover or contain an all-inclusive listing of activities, duties, or responsibilities required of this position. Furthermore, duties, responsibilities, and activities may change at any time with or with"
"Receptionist","Administration","Position Title:		Receptionist / Salt Lake Office

Department:			Administration

Supervisor:			Cody Cummings / Business Manager

Employment Status: 	Full-Time, Non-Exempt

Summary of Duties and Responsibilities:	Manage front desk, greet visitors, answer and direct incoming calls, open and distribute mail, distribute incoming faxes, input A/P invoices, assist A/P and HR department, upkeep of copy room and supplies, file preliminary notices on new projects, assist with projects and other departments as needed.

Qualifications: Must be proficient in Microsoft Office applications, type at least 50 wpm and have excellent customer service skills with the ability to provide support to clients and co-workers.  High school diploma or equivalent required.  High level of written and verbal English communication required.  Prefer experience working in a professional environment.  Data entry experience preferred.  Willing to train.

Competencies, such as:

Customer Service	Continuous Learning	    Communications		Conflict Resolution

Job Knowledge	Cooperation		    Attendance 			Time Management

Use of Technology	Cooperation		    Diversity			Punctuality

Teamwork		Ethics			    Dependability		Stress Management

Problem Solving	Adaptability		    Personal Appearance	Planning/Organizing

Multi-tasking		Motivated/Self-Starter

Knowledge Requirements:

Skills and Ability Requirements: Microsoft Office, key boarding, data entry, customer service, multi-tasking, follow directions.

Education Requirements: High School diploma or equivalent

Experience Requirements: Customer service skills, phone etiquette

Physical Requirements: 

Working Conditions:  Standard office environment
"
"Safety and Loss Control Director","Safety","7.4.6SAFETY and LOSS CONTROLBranch Safety SuperintendentJOB DESCRIPTIONJob Summary: Under the direction of the Corporate Safety Director, the Branch Safety Superintendent effectively implements company safety programs, practices, and procedures to reduce the frequency and severity of accidental loss in the areas of worker’s compensation, general and auto liability, and property; ensures company compliance with federal, state, and local regulations, which are designed to protect the human, financial, and physical assets of the company; creates a branch-wide safety culture through safety training, risk assessments, and behavior modification programs.CHARACTERISTIC JOB TASKS AND RESPONSIBILITIES May include any and/or all of the following:The Branch Safety Superintendent(s) will be members of the Safety Committee.  They will be responsible to report to the committee of the current safety situations, concerns, and progress as it pertains the branch safety.Assist in developing programs to ensure the companies compliance with federal, state, and local safety-related regulations, in addition to other environmental health, safety, and loss prevention standards and guidelines.Perform required Safety Inspections and Safety Audits. Conducts claims investigations and evaluates risk management claims information to identify significant hazards and loss trends; identifies and recommends preventive measures and corrective actions. Performs regular physical inspections of company projects, equipment, and operations; identifies hazards and incidents of regulatory non-compliance and recommends corrective measures. Provides ongoing safety and loss prevention training to various company personnel to reduce the frequency and severity of accidental losses. Provide one-on-one performance reviews with Safety Coordinators within the branch.Administer disciplinary action in strict accordance with the GSL disciplinary policy for all branch safety infractions.KNOWLEDGE, SKILLS, ABILITIES AND PERSONAL CHARACTERISTICSKnowledge of federal, state, and local loss prevention regulations Verbal and written communication skills Interpersonal/human relations skills Planning/organizational skills Ability to implement, and control our safety program Ability to conduct safety inspections of company projects and equipment MINIMUM QUALIFICATIONS Education and experience equivalent to:Three (3) years of related experience. The Safety Superintendent must have a good working knowledge of the electrical trade and established safe electrical work procedures.Safety DirectorJOB DESCRIPTIONFlag this photoThe Safety Director is the Company’s primary Loss Control Officer. He/She oversees the development, training, implementation of the Loss Control program.  This includes (but is not limited to) the practices, policies, and procedures intended to reduce the frequency and severity of accidental loss in the areas of worker’s compensation, general and auto liability, and property; ensures company compliance with federal, state, and local regulations, which are designed to protect the human, financial, and physical assets of the company; develops and promotes a company-wide safety culture through safety training, risk assessments, and behavior modification programs.Safety Director will work closely with operations to insure all concerns are being addressed in accordance with the written Loss Control Program in addition to all other Company Policies and Procedures.  The Safety Director reports directly to the President and assumes all organizational accountability for the three phases of the Loss Control Program:Development and TrainingAccident Prevention and ImplementationCase ManagementDevelopment and Training of the GSL Loss Control Program (Safety Program Manager): His/her responsibilities include supervising and all aspect of insurance filings and claims as well as ensuring safety in the workplace. This will be accomplished by developing, coordinating, administering and implementing comprehensive training programs in occupational, industrial and environmental safety. The Safety Director (and the Safety Program Manager) must have strong administrative skills and are responsible to:Be knowledgeable of the continuous changes, trends, and hazards related to the industry. The U.S. Department of Labor describes the position as one ""with a rapid change in skill set requiring new knowledge.""Be required to develop and update the GSL Loss Control Program to ensure the companies compliance with Case Management federal, state, and local safety-related regulations, in addition to other environmental health, safety, and loss prevention standards and guidelines. Develop, implement and maintain quality employee training programs; Be responsible for the quality and timeliness of required training.Establish and maintain complete safety and training records. Is required to maintain up-to date records on all approved vendors and sub-contractors to they meet the minimum requirements as stated in the Loss Control Program.Accident Prevention / Implementation of the GSL Loss Control Program (Branch Safety Superintendent): The Safety Director will directly supervise the Branch Safety Superintendent(s) (if applicable).  The Safety Director is accountable to insure that all employees are effectively implementing company safety programs, practices, and procedures to reduce the frequency and severity of accidental loss.  His/Her duties also include developing and promoting a safety culture through safety training, risk assessments, and behavior modification programs. The Safety Director and/or delegated Accident Prevention / Implementation personnel must have strong leadership skills and will be responsible to: Conduct safety audits and inspections to ensure compliance with occupational and environmental health and safety requirements as defined in the GSL Loss Control Program. Performs regular physical inspections of company projects, equipment, and operations; identifies hazards and incidents of regulatory non-compliance and recommends corrective measures.Provide ongoing safety and loss prevention training to various company personnel to reduce the frequency and severity of accidental losses. Provide one-on-one performance reviews with all active Project Safety Coordinators.Administer or review all disciplinary action in strict accordance with the GSL disciplinary policy for all safety infractions.Case Management:In addition to the requirements and demands needed to develop and implement the Loss Control Program, the Safety Director must commit the necessary focus, time and resources to effectively manage all loss control cases.The Safety Director is ultimately responsible to manage work related injury claims to minimize exposure to the company, including all General Liability, Worker’s Compensation, and Auto Insurance filings and claims. The Safety Director will respond to reported accidents to evaluate current best practices and recommend changes where necessary. The Safety Director is responsible to manage all reported cases resulting in theft and/or vandalism.Conduct or review claims investigations and evaluates risk management claims information to identify significant hazards and loss trends; identifies and recommends preventive measures and corrective actions. The Safety Director will be required to be well versed and current with all aspects of the Safety Programs and will be required to:Chair the Safety Committee. Participate as member of the Executive Committee.Evaluate and report all safety statistics, concerns, and recommendations to the Executive Committee. Educational and Experience RequirementsIt is preferable that Safety Director to have a degree in Safety Management, Safety Engineering, Industrial Hygiene, Occupational Environment Health and Safety, or a related field.  However, extensive experience and knowledge of environmental and occupational health and safety, along with an established track record of success, will be considered as a substitute for the educational requirements.  The Safety Director must have a good working knowledge of the electrical trade and established safe electrical work procedures.  The Safety Director must have the following skills:Verbal and written communication skills Interpersonal/human relations skills Planning/organizational skills Adequate computer skills, including a proficiency in using common word processing software, spreadsheet software, database applications, project and presentation software, and email."
"SL Branch Safety Superintendent","Safety","SALT LAKE BRANCH SAFETY SUPERINTENDENT

Job Description: The Salt Lake Branch Safety Superintendent will provide timely and effective safety support to all projects within the branch. Provide mentoring and ensure effective & efficient implementation of the company safety program. In addition, and as time permits, he/she will offer additional support to the Branch General Superintendent.

Position Title & Location: Safety Superintendent, Salt Lake Branch
Department: Safety
Supervisor: Corporate Safety Director
Employment Status: Full-time

Qualifications: Basic computer skills including, Outlook & Microsoft Office.
Experience Requirements: Four (4) years of electrical trade experience.

Summary of Duties and Responsibilities: Under the direction of the Corporate Safety Director, the Branch Safety Superintendent effectively implements company safety programs, practices, and procedures to reduce the frequency and severity of accidental loss in the areas of worker's compensation, general and auto liability, and property; ensures company compliance with federal, state, and local regulations, which are designed to protect the human, financial, and physical assets of the company; creates a branch-wide safety culture through safety training, risk assessments, and behavior modification programs.

Characteristic Job Tasks and Responsibilities:
1. Member of the Safety Committee - report on current safety situations, concerns, and progress.
2. Assist the Safety Director in developing compliance programs.
3. Assist with and review the Project Safety Plan and Project Safety Expectations.
4. Assist and insure that Project Field Safety Folders are assembled and organized.
5. Perform required Safety Inspections and Safety Audits.
6. Conduct claims investigations and evaluate risk management claims information.
7. Perform regular physical inspections of company projects, equipment, and operations.
8. Provide ongoing safety and loss prevention training.
9. Provide one-on-one performance reviews with Safety Coordinators within the branch.
10. Administer disciplinary action in strict accordance with the GSL disciplinary policy.
11. Address all branch safety concerns and/or safety topics in the monthly Foreman Meetings.

Knowledge, Skills, Abilities and Personal Characteristics:
- Knowledge of federal, state, and local loss prevention regulations
- Verbal and written communication skills
- Interpersonal/human relations skills
- Planning/organizational skills
- Ability to implement, and control our safety program
- Ability to conduct safety inspections of company projects and equipment
- Basic computer skills including Outlook & Microsoft Office"
"Special Projects","Operations","3.3.6SPECIAL PROJECTSEstimatorProject ManagerSpecial Projects Manager"
"Superintendent 1","Operations","Superintendent 1
Section 1: What Does a Superintendent 1 Do?
A Superintendent 1 oversees multiple foremen and is responsible for delegating tasks and holding teams accountable. They participate in project budgeting and detailed coordination with the general contractor and subcontractors. Superintendents are the top-level managers on projects.
Section 2: What Skills Are Required of a Superintendent 1?
Proven track record as Foreman 2 or 3
Leadership skills in managing multiple foremen
Competency in budgeting and change order preparation
Completion of at least one positive performance review as a Foreman 2 or 3
Section 3: Recommended Credentials
Attendance at two outside trade-related classes, one being computer-related
CEU training for license renewal
"
"Superintendent 2","Operations","Superintendent 2
Section 1: What Does a Superintendent 2 Do?
A Superintendent 2 manages large, complex projects and ensures that all foremen are performing their duties. They are responsible for overseeing budgets, schedules, and coordination with all stakeholders on a project.
Section 2: What Skills Are Required of a Superintendent 2?
Proven track record as a Superintendent 1
Ability to manage complex projects with multiple teams
Strong organizational and leadership skills
Completion of at least one positive performance review as a Superintendent 1
Section 3: Recommended Credentials
Attendance at two outside trade-related classes, one being computer-related
CEU training for license renewal
"
"Superintendent 3","Operations","Superintendent 3
Section 1: What Does a Superintendent 3 Do?
A Superintendent 3 is the highest level of field management, responsible for overseeing all aspects of multiple large-scale projects. They are deeply involved in project budgeting, coordination, and ensuring that all teams and foremen meet project goals.
Section 2: What Skills Are Required of a Superintendent 3?
Proven track record as Superintendent 2
Advanced leadership, coordination, and budget management skills
Completion of at least one positive performance review as a Superintendent 2
Section 3: Recommended Credentials
Attendance at two outside trade-related classes, one being computer-related
CEU training for license renewal
"
"System Designer","Engineering","GSL JOB DESCRIPTIONS (Mike Morley)


Position Title: System Designer 

Department: Engineering

Supervisor: Design Build Department Manger

Employment Status: full-time 

Summary of Duties and Responsibilities:

Estimating: Put together layout using the bid document and then take off using Accubid. Put together proposal to be sent to general contractor.

Drawings: Work with the manger and other team member to help produce system design drawing. Drawings to meet all relevant codes, and constructability requirement. Attend design meeting, help ensure design can be constructed for the budget established in the estimate. 

Qualifications:

Essential Job Functions:

Producing Estimates 
Producing design drawings

Competencies, such as:

Analytical Skills	    Customer Service		Delegation		Business Acumen

Continuous Learning	    Communications		Leadership		Conflict Resolution

Job Knowledge	    Cooperation			Cost Consciousness	Attendance 

Use of Technology	    Design Ability		 Teamwork		Ethics		
	
Dependability		    Problem Solving	            Change Management	Adaptability 

Innovation 		    Personal Appearance	Planning/Organizing


Knowledge Requirements:

Local, State and National Codes relating to Electrical Engineering

Estimating 

Drafting

Skills and Ability Requirements:

AutoCAD		Revit		Navisworks		Visual		Word	 Bluebeam Excel			Accubid

Education Requirements:

High School Diploma
Continuing education to update knowledge base   

Experience Requirements:

System Designer

Physical Requirements:

Working Conditions:  

Office

"
"Warehouse Assistant","Administration","7.4.4.2WAREHOUSE ASSISTANT (Salt Lake Office)________________________________________________________________Position Title:							Warehouse Assistant 	Department:								PurchasingSupervisor:								Purchasing ManagerEmployment Status:							Full Time / HourlyNon-ExemptSummary of Duties and Responsibilities:The position of Warehouse Assistant performs diversified duties, to include:  Transporting tools and material to and from jobs.Inspecting of tools before delivering to jobs and when tools are returned from jobs.Ensure the tools are properly checked in/out. Ensure the materials picked up from vendors match quantities and descriptions on the material packing list.Ensure the tools and material intended for specific jobs get to the right jobs. Support all systems and processes required to achieve jobsite goals and objectives.Troubleshoot to solve equipment failures.Repair and maintain tools and equipment.Ensure that equipment meets safety standards.Conduct predictive and productive tool and equipment maintenance. Maintain the tool program. Run reports as needed. Turn in a monthly billing to the accounting department to bill for tools assigned to jobsites. Assist Purchasing Manager in building security.Assist Purchasing Manager in maintaining GSL vehicle fleet.Qualifications:Valid driver license and insuranceEssential Job Functions:Check out/check in tools to and from jobsites.Check out/check in parts to and from jobsites.Assist Purchasing Manager in organizing, cleaning, and maintaining the building.Assist Purchasing Manager in building security.Assist Purchasing Manager in maintaining GSL vehicle fleet.Inspecting of tools before delivering and when returning from jobs.Tagging all tools that need service prior to being reissued to jobs.Support all systems and processes required to achieve jobsite goals and objectives.Competencies, such as:Analytical Skills	    Customer Service		Delegation		Business AcumenContinuous Learning	    Communications		Leadership		Conflict ResolutionJob Knowledge	    Cooperation			Cost Consciousness	Attendance Use of Technology	    Diversity			Punctuality		Design Ability		    Teamwork		    Ethics			Dependability		Problem Solving	    Change Management	    Adaptability			Innovation		Managing Projects	    Performance Coaching   Personal Appearance	Planning/OrganizingKnowledge Requirements:Ability to read and write and communicate in English.Minimum Computer Experience helpfulElectrical material knowledge helpful.Tool knowledge helpful.Minimum completion of first year apprentice courses.Skills and Ability Requirements:Ability to follow directions.Attention to detail.Problem solving skills.Math abilities.Communication skills.Education Requirements:High School Diploma/GED.Minimum completion of first year of field apprenticeship training. Experience Requirements:Experience pulling trailers helpful but not required.Electrical material knowledge helpful but not required.Tool knowledge helpful but not required.Physical Requirements:The physical demands described here are representative of those that must be met by an employee to successfully perform the essential functions of this job.  In addition, the employee will be required to regularly express and/or exchange ideas verbally. This position is very active and requires sitting, standing, walking, bending, kneeling, stooping, crouching, crawling, and climbing all day. The employee must be able to:Exert up to and exceeding 100 pounds of force occasionally—up to and exceeding 50 pounds of force frequently—and up to and exceeding 20 pounds of force constantly to move objects. Specific vision abilities required by this job include close vision, distance vision, color vision, peripheral vision, depth perception and the ability to adjust focus. Working Conditions:  The employee is expected to work indoors and outdoors, including in adverse weather conditions as required by the work being performed.  The employee may be subject to extreme cold or extreme heat; therefore, this employee is responsible to dress accordingly.Other Duties Please note:  This job description is not designed to cover or contain an all-inclusive listing of activities, duties, or responsibilities required of this position. Furthermore, duties, responsibilities, and activities may change at any time with or without notice."
